tree
version=v4
num_class=1
num_tree_per_iteration=1
label_index=0
max_feature_idx=49
objective=binary sigmoid:1
feature_names=faults_1 faults_7 faults_30 faults_90 fault_days_30 fault_days_90 days_since_fault power_1 power_7 power_30 unknown_7 unknown_30 invalid_7 invalid_30 alarms_7 alarms_30 warnings_7 readings_1 readings_mean_7 readings_mean_30 readings_ratio silent_days_7 days_since_msg num_avg_1 num_delta_7 num_std_7 num_range_1 node_faults_1 node_faults_7 node_power_1 node_power_7 num_max_1 num_max_7 num_max_trend high_days_30 exceed_days_90 days_since_exceed events_1 events_mean_7 events_ratio alarm_days_30 days_since_alarm wx_precip_1 wx_precip_3 wx_precip_next wx_thaw_3 wx_melt_3 wx_snow_depth last_state sensor_type
feature_infos=[0:851] [0:1583] [0:1610] [0:1614] [0:24] [0:48] [0:999] [0:251] [0:775] [0:775] [0:561] [0:2210] none none [0:1610] [0:2713] none [0:3458] [0:920.71429443359375] [0:218.46665954589844] [0:29.38807487487793] [0:7] [0:999] none none none none [0:5471] [0:26168] [0:7864] [0:27600] none none none none none none [0:1177] [0:557.71429443359375] [0:28.076152801513672] [0:30] [0:999] [0:33] [-3.5527136788005009e-15:58.700000762939453] [0:33] [-1.5987211554602254e-14:97] [0:15] [0:76] -1:0:3:7:5 -1:1:0
tree_sizes=3373 3472 3474 3449 3457 3456 3460 3455 3468 3434 3471 3475 3471 3472 3469 3479 3465 3465 3459 3471 3467 3468 3488 3471 3466 3487 3479 3490 3476 3479 3480 3490 3480 3488 3497 3483 3515 3459 3491 3455 3466 3486 3476 3476 3487 3484 3497 3516 3472 3476 3512 3506 3478 3479 3494 3505 3504 3487 3489 3513 3490 3478 3485 3476 3487 3482 3480 3498 3472 3488 3496 3501 3499 3502 3473 3464 3461 3489 3482 3474 3502 3483 3498 3490 3493 3484 3477 3492 3488 3514 3498 3482 3469 3490 3490 3511 3535 3486 3485 3494 3500 3489 3510 3487 3503 3500

Tree=0
num_leaves=31
num_cat=2
split_feature=14 21 41 14 1 15 39 0 41 41 41 39 8 49 11 43 29 6 9 3 29 29 49 44 14 45 4 41 5 29
split_gain=34232.8 18253.6 5253.59 2437.11 1372.17 876.449 839.031 790.942 406.987 361.735 345.352 258.886 247.595 215.442 164.406 189.09 159.951 159.429 147.276 136.993 148.726 112.766 111.496 91.3372 88.4608 68.2325 57.4538 57.355 96.5105 50.5876
threshold=6.5000000000000009 1.0000000180025095e-35 1.0000000180025095e-35 1.0000000180025095e-35 2.5000000000000004 6.5000000000000009 0.24948132783174518 2.5000000000000004 35.500000000000007 1.0000000180025095e-35 1.0000000180025095e-35 0.93663990497589122 16.500000000000004 0 3.5000000000000004 7.3500001430511483 107.50000000000001 35.500000000000007 11.500000000000002 54.500000000000007 12.500000000000002 15.500000000000002 1 1.9499999880790713 2.5000000000000004 1.5500000119209292 3.5000000000000004 16.500000000000004 9.5000000000000018 6.5000000000000009
decision_type=2 2 2 2 2 2 2 2 2 2 2 2 2 1 2 2 2 2 2 2 2 2 1 2 2 2 2 2 2 2
left_child=3 2 7 8 6 11 -3 -2 13 12 24 16 -6 21 15 18 22 -10 26 20 -11 -1 25 -13 -7 -5 -12 28 -23 -27
right_child=1 4 -4 5 9 10 -8 -9 17 19 14 23 -14 -15 -16 -17 -18 -19 -20 -21 -22 27 -24 -25 -26 29 -28 -29 -30 -31
leaf_value=-3.0341937063633955 -2.4082471527923621 -2.9013468065089287 -2.9053912301138198 -3.0322807557949063 -2.8207396642470388 -2.9334588868580096 -2.6080781198385492 -2.7299598874468751 -3.0513007032511923 -2.9809970821274465 -2.9365984633869702 -2.9860031976897909 -2.9468407827834455 -3.0529925632526989 -2.9039637552129847 -2.9120005629156513 -2.9561861227407493 -3.0409613516765037 -3.0257504725283102 -3.0105161465209243 -2.9023072305359818 -3.0184219340669838 -3.0485133942630287 -2.9299456990626496 -2.8473997742002117 -3.0194077035013538 -2.9906905748006243 -3.0274922600711762 -2.9754741939400224 -3.0013638645917347
leaf_weight=1478.4121754840016 123.86433278769255 18.528795681893826 25.471566386520863 148.00925911962986 27.815304145216942 21.712741516530514 17.998137772083282 10.170937865972517 2550.1194961741567 59.389433667063713 34.979182370007038 118.95575324445963 31.176136009395123 380.52574724704027 32.370115615427494 31.308800362050533 38.163128212094307 2852.1963545829058 65.624661028385162 55.630608834326267 34.758074961602688 414.3993923664093 95.739482000470161 33.78520268201828 32.237451113760471 254.14078626036644 38.649564445018768 608.88541629165411 52.181334108114243 311.45181068778038
leaf_count=7508 2713 163 220 759 305 171 307 142 11787 387 271 758 233 1741 280 264 275 13970 348 318 302 2279 449 268 329 1391 242 3201 348 1855
internal_value=-3.02367 -2.75378 -2.50496 -3.03509 -2.91703 -2.99617 -2.74962 -2.4303 -3.04096 -2.94749 -2.94685 -3.0089 -2.88499 -3.03196 -2.9653 -2.97757 -3.0154 -3.04585 -2.993 -2.97286 -2.95098 -3.02882 -3.01828 -2.97308 -2.87976 -3.01419 -2.96417 -3.02143 -3.01353 -3.00945
internal_weight=9998.65 404.803 159.507 9593.85 245.296 1257.13 36.5269 134.035 8336.72 208.77 256.883 1000.25 58.9914 2934.4 202.932 170.562 847.504 5402.32 139.253 149.778 94.1475 2553.88 809.341 152.741 53.9502 713.602 73.6287 1075.47 466.581 565.593
internal_count=53584 5090 3075 48494 2015 7660 470 2855 40834 1545 1905 5755 538 15077 1405 1125 4729 25757 861 1007 689 13336 4454 1026 500 4005 513 5828 2627 3246
cat_boundaries=0 1 2
cat_threshold=2 2
is_linear=0
shrinkage=1


Tree=1
num_leaves=31
num_cat=1
split_feature=14 21 14 1 41 41 15 41 27 49 0 11 5 9 30 43 30 47 2 3 5 45 3 15 2 3 11 11 45 41
split_gain=25811 8464.52 1854.29 1539.54 565.414 555.546 421.132 395.284 282.583 206.869 204.056 181.73 154.711 144.278 137.581 129.708 119.406 117.378 121.29 91.061 84.1048 180.804 69.7189 88.5986 96.9288 85.991 85.8545 116.855 156.675 93.8492
threshold=4.5000000000000009 1.5000000000000002 1.0000000180025095e-35 4.5000000000000009 1.0000000180025095e-35 1.0000000180025095e-35 5.5000000000000009 35.500000000000007 7.5000000000000009 0 1.0000000180025095e-35 3.5000000000000004 3.5000000000000004 1.0000000180025095e-35 643.50000000000011 5.1499998569488534 32.500000000000007 32.500000000000007 30.500000000000004 15.500000000000002 12.500000000000002 8.1500000953674334 42.500000000000007 2.5000000000000004 2.5000000000000004 4.5000000000000009 1.0000000180025095e-35 18.500000000000004 6.0499999523162851 20.500000000000004
decision_type=2 2 2 2 2 2 2 2 2 1 2 2 2 2 2 2 2 2 2 2 2 2 2 2 2 2 2 2 2 2
left_child=2 3 7 16 8 -5 10 9 -3 20 14 15 -6 -9 19 -8 -2 18 -14 -4 22 -22 23 24 25 -1 -27 28 -28 -30
right_child=1 4 6 5 12 -7 11 13 -10 -11 -12 -13 17 -15 -16 -17 -18 -19 -20 -21 21 -23 -24 -25 -26 26 27 -29 29 -31
leaf_value=-0.010656169909172748 0.2323281766735098 0.21221519962989591 -0.001627827418123622 0.25104633159922168 0.096413840538276563 0.076468096260832744 0.029449147566298791 -0.017832239162688661 0.099337175404168726 -0.029529529725826714 0.045423741527900435 0.10996129810495732 0.092297760604377388 -0.027838725389027548 0.055875109393291378 0.078777242754272517 0.34985493507438248 0.0027349266090097254 0.025528395714187493 0.024809495766927668 -0.016373844094562551 0.07431557551479237 -0.016078252869028982 0.0057703804900679041 -0.024316282304256726 -0.0034404893593087981 -0.01075283063672975 -0.019832491662478229 0.10615446164533658 0.036126658365458808
leaf_weight=675.70704456791282 16.573370885103941 32.066539272665977 603.24444398283958 38.081844720989466 50.813969310373068 30.379379861056805 169.75308381021023 2990.1742309294641 60.38153537735343 365.41189011931419 143.67857742682099 44.142881665378809 44.546588473021984 2303.7391933575273 47.068641945719719 67.24498838186264 211.10647571459413 59.429544873535633 55.314328175038099 144.51770904660225 42.834245212376118 35.312687192112207 526.00152156502008 603.50902473181486 264.0218814983964 265.75926657021046 35.310599375516176 37.876114316284657 29.750041611492634 42.972460146993399
leaf_count=3447 173 331 3192 415 391 215 1016 14831 456 1715 924 351 339 10904 315 483 2744 310 329 862 210 260 2606 3340 1248 1408 180 184 247 274
internal_value=-5.34177e-05 0.190793 -0.0121785 0.30457 0.0787903 0.175794 0.0223266 -0.0173013 0.140342 -0.00844514 0.0126495 0.0544715 0.0511705 -0.0221912 0.00667536 0.0437175 0.342353 0.0362263 0.0559331 0.00350794 -0.00542411 0.0250277 -0.00639301 -0.00378014 -0.00804634 -0.00407718 0.00672113 0.0251269 0.0409269 0.0658257
internal_weight=10036.7 598.694 9438.03 296.141 302.553 68.4612 1219.65 8218.38 92.4481 2924.47 938.509 281.141 210.104 5293.91 794.831 236.998 227.68 159.29 99.8609 747.762 2559.05 78.1469 2480.91 1954.91 1351.4 1087.38 411.668 145.909 108.033 72.7225
internal_count=53700 5703 47997 3547 2156 630 7143 40854 787 15119 5293 1850 1369 25735 4369 1499 2917 978 668 4054 13404 470 12934 10328 6988 5740 2293 885 701 521
cat_boundaries=0 1
cat_threshold=2
is_linear=0
shrinkage=0.03


Tree=2
num_leaves=31
num_cat=1
split_feature=40 40 38 17 28 39 40 20 30 9 5 47 49 9 4 28 38 39 38 2 9 40 2 9 29 28 42 30 45 29
split_gain=24397.5 2274.4 1384.95 725.194 531.454 371.638 344.543 368.829 317.688 905.719 235.583 220.426 188.198 170.582 148.46 158.508 147.892 143.714 129.299 131.001 122.13 114.494 124.956 90.0434 142.79 62.2261 61.6866 61.0088 91.2544 50.9429
threshold=8.5000000000000018 1.5000000000000002 1.928571403026581 4.5000000000000009 3.5000000000000004 0.057831445708870895 1.0000000180025095e-35 4.1873629093170175 643.50000000000011 14.500000000000002 11.500000000000002 1.0000000180025095e-35 0 1.0000000180025095e-35 1.5000000000000002 90.500000000000014 1.0000000180025095e-35 3.0014866590499882 1.928571403026581 51.500000000000007 9.5000000000000018 4.5000000000000009 31.500000000000004 7.5000000000000009 20.500000000000004 19.500000000000004 2.5499999523162846 166.50000000000003 6.0499999523162851 16.500000000000004
decision_type=2 2 2 2 2 2 2 2 2 2 2 2 1 2 2 2 2 2 2 2 2 2 2 2 2 2 2 2 2 2
left_child=1 6 4 8 -2 -4 13 12 10 -10 16 -12 14 27 15 -8 29 23 -11 -20 -19 -18 25 26 -25 -23 -5 -1 -29 -3
right_child=2 3 5 17 -6 -7 7 -9 9 18 11 -13 -14 -15 -16 -17 21 20 19 -21 -22 22 -24 24 -26 -27 -28 28 -30 -31
leaf_value=-0.01897081363845755 0.045915833402280226 -0.011799662527794302 0.12556255910462755 0.024723318377822913 0.21123968581978422 0.26237917720352077 -0.00094509838158304501 0.063505945988154691 0.18804500677063468 -0.018558859544685159 0.10004594594645308 0.005401626261881589 -0.028581886971215772 -0.027347138591653001 -0.020778664913028121 0.061262547816966592 0.0077193816363853576 0.14271696853508078 0.082839660429710707 0.0039311953755425746 0.061719643203998746 0.089736975083109696 -0.0032482853987975775 0.026932138359282761 0.10447280190284078 0.031193542405681136 0.068570953768965395 -0.021061536744463708 -5.4068629348508147e-05 0.0053918569924814325
leaf_weight=2534.1454441323876 47.273501630872488 501.59238735213876 21.866878669708967 134.19216576591134 27.516863983124495 309.41922767087817 1092.3947611376643 64.585188630968332 32.876187831163406 59.364638485014439 44.146231643855572 43.710582990199327 352.44396380335093 2341.343677636236 367.32468041032553 37.151044249534607 686.61340258643031 29.236665278673172 34.113919485360384 41.324656117707491 44.242072053253651 38.528280299156904 37.256079386919737 37.871160257607698 50.915488220751286 30.541710883378983 36.719612743705511 329.64738545566797 425.71479458361864 223.6902832724154
leaf_count=12673 280 2558 173 756 288 3100 5840 429 333 282 346 233 1695 11374 1774 252 3745 247 242 217 279 279 191 208 374 178 250 1629 2338 1228
internal_value=-0.000127072 -0.00972137 0.227375 0.0178309 0.108726 0.253754 -0.0174169 -0.00641625 0.0101868 0.0493549 0.00606941 0.0535492 -0.00889121 -0.0211542 -0.00423897 0.00115331 0.0032884 0.0583736 0.0143952 0.0402311 0.0954314 0.0122361 0.0410597 0.0475627 0.0720668 0.0646646 0.0344879 -0.0167393 -0.00923766 -0.00649736
internal_weight=10057.8 9651.69 406.076 2106.94 74.7904 331.286 7544.75 1913.9 1773.76 167.679 1606.08 87.8568 1849.31 5630.85 1496.87 1129.55 1518.22 333.177 134.803 75.4386 73.4787 792.939 106.326 259.698 88.7866 69.07 170.912 3289.51 755.362 725.283
internal_count=53791 49950 3841 11946 568 3273 38004 9990 9832 1074 8758 579 9561 28014 7866 6092 8179 2114 741 459 526 4393 648 1588 582 457 1006 16640 3967 3786
cat_boundaries=0 1
cat_threshold=2
is_linear=0
shrinkage=0.03


Tree=3
num_leaves=31
num_cat=0
split_feature=40 14 37 15 5 40 15 28 17 9 39 38 40 6 3 3 40 40 18 3 19 28 44 46 19 27 6 5 3 3
split_gain=19515.8 2626.33 1029.68 560.284 383.089 351.188 326.754 262.508 196.562 170.178 159.496 131.068 128.855 124.86 117.951 100.658 96.9212 83.4823 91.7907 75.3733 107.141 109.952 74.3759 61.9164 48.8749 43.4642 42.7465 84.3227 57.921 63.186
threshold=7.5000000000000009 1.0000000180025095e-35 3.5000000000000004 5.5000000000000009 2.5000000000000004 25.500000000000004 1.0000000180025095e-35 22.500000000000004 2.5000000000000004 1.0000000180025095e-35 0.93663990497589122 1.214285731315613 1.5000000000000002 73.500000000000014 68.500000000000014 71.500000000000014 4.5000000000000009 4.5000000000000009 16.500000000000004 11.500000000000002 1.0166666507720949 29.500000000000004 1.9499999880790713 1.0000000180025095e-35 1.8500000238418581 2.5000000000000004 6.5000000000000009 11.500000000000002 40.500000000000007 12.500000000000002
decision_type=2 2 2 2 2 2 2 2 2 2 2 2 2 2 2 2 2 2 2 2 2 2 2 10 2 2 2 2 2 2
left_child=1 6 5 10 -5 7 9 11 15 25 12 -2 -3 26 16 17 23 18 24 -14 21 -21 -12 -10 -6 -1 -8 28 29 -28
right_child=2 3 -4 4 8 -7 13 -9 14 -11 22 -13 19 -15 -16 -17 -18 -19 -20 20 -22 -23 -24 -25 -26 -27 27 -29 -30 -31
leaf_value=-0.01763282165725371 0.047513143288585774 -0.005875682611144491 0.21040423845838727 0.13295396452258318 0.040113872410689484 0.21101757181581554 -0.01834644379208155 0.16991157798513484 0.07975176380605184 -0.027238644290426495 0.027443000324510185 0.11327722142652161 0.009385852540025174 -0.025553046206409507 0.027033960854326442 -0.0029501573314214971 0.11728155612338227 0.069630145397764479 0.070713269107962926 0.10399419871084324 0.0082456036778375593 0.026276309662017262 0.076208321902068346 0.02940363126214585 0.0075228177459296299 -0.0057108766305614973 -0.0053183039999305367 0.029911254481606434 -0.01477733772863331 0.010139208679347304
leaf_weight=2924.3846049234271 64.826384995132685 399.86706728860736 335.21607217937708 44.092172868549824 62.984200179576874 31.788639731705189 200.67043318599463 36.638216178864241 64.514598958194256 2271.5027983784676 122.43469222262502 49.65367928519845 289.49345923960209 309.63814368844032 54.011094860732555 74.519202690571547 43.580587219446898 53.788418792188168 36.494764968752861 30.664100743830204 61.610226511955261 35.862781222909689 36.540543686598539 35.641743768006563 119.13590954616666 305.13862083107233 1161.1011483706534 63.467216271907091 420.80598400533199 298.33314112946391
leaf_count=14936 383 2069 2781 349 378 275 988 312 420 11312 696 329 1585 1549 283 373 322 361 243 246 330 210 250 182 600 1651 6111 380 2133 1683
internal_value=-0.000126871 -0.00989307 0.178996 0.0256183 0.0487095 0.120603 -0.0168826 0.100321 0.0416586 -0.0209434 0.0116599 0.0767711 0.0062907 -0.00777509 0.0654998 0.0279198 0.0796672 0.0363445 0.0278751 0.0179258 0.0369976 0.0631082 0.039058 0.0623026 0.0189516 -0.0165085 -0.00519732 -0.00383105 -0.00498532 -0.00215375
internal_weight=10038.4 9520.28 518.123 1565.24 588.763 182.907 7955.04 151.118 544.671 5501.03 976.473 114.48 817.498 2454.02 197.748 346.922 143.737 272.403 218.615 417.631 128.137 66.5269 158.975 100.156 182.12 3229.52 2144.38 1943.71 1880.24 1459.43
internal_count=53720 49640 4080 8897 3511 1299 40743 1024 3162 27899 5386 712 4440 12844 1207 1955 924 1582 1221 2371 786 456 946 602 978 16587 11295 10307 9927 7794
is_linear=0
shrinkage=0.03


Tree=4
num_leaves=31
num_cat=0
split_feature=14 21 41 5 41 15 41 38 1 19 15 3 38 8 30 41 30 3 43 47 3 41 30 44 6 42 6 27 11 30
split_gain=14494.3 2353.04 1580.29 338.239 338.051 306.391 264.489 243.317 219.896 210.778 193.158 211.035 183.318 175.162 138.203 128.214 128.088 130.688 120.391 110.876 137.339 102.253 101.412 98.9056 81.785 72.6139 68.1368 62.5226 62.0858 73.8334
threshold=4.5000000000000009 1.5000000000000002 10.500000000000002 10.500000000000002 1.0000000180025095e-35 32.500000000000007 544.50000000000011 1.0000000180025095e-35 16.500000000000004 1.5166666507720949 7.5000000000000009 13.500000000000002 1.6428571343421938 29.500000000000004 86.500000000000014 37.500000000000007 643.50000000000011 2.5000000000000004 4.9500000476837167 51.500000000000007 53.500000000000007 1.0000000180025095e-35 993.50000000000011 1.0000000180025095e-35 544.50000000000011 2.3500000238418584 9.5000000000000018 1.0000000180025095e-35 1.0000000180025095e-35 345.50000000000006
decision_type=2 2 2 2 2 2 2 2 2 2 2 2 2 2 2 2 2 2 2 2 2 2 2 2 2 2 2 2 2 2
left_child=2 5 3 7 8 -2 14 -1 12 -5 16 -12 -3 -7 -4 26 21 -18 -13 20 22 25 23 -6 -8 -9 -16 -11 29 -28
right_child=1 4 6 9 19 13 24 10 -10 27 11 18 -14 -15 15 -17 17 -19 -20 -21 -22 -23 -24 -25 -26 -27 28 -29 -30 -31
leaf_value=-0.0083761882288597191 0.093014206622590245 0.076250068141207231 -0.018591654086615669 0.1248502890611263 0.013626489704231486 0.17288435358040938 -0.027803804457231678 0.018756314260941546 0.046307228332211715 0.019457547757378648 0.097295559203286197 0.010235911198752614 0.17311065397647044 0.089864936730169667 -0.018811351068835448 -0.015941213532580791 0.0073072707709214875 0.091106873729510082 0.068543148903644421 -0.010776538397736041 0.010564178064144988 0.0040880612929386564 0.10413019292595377 0.074542589707252999 -0.016429197815558273 0.065508797477529843 -0.0079664863756333457 0.067227551700779639 0.0092324748251613672 0.029124548447803534
leaf_weight=479.482761207968 60.098918300122023 34.896081481128931 2077.1184057407081 31.983406331390142 45.845781296491623 414.94412000849843 2081.4019167758524 129.22474819049239 46.855279710143805 67.600141633301973 48.440667361021042 117.83860301971436 41.067072525620461 27.820646140724421 180.16735068708658 1013.6949555389583 32.131698947399855 34.421775635331869 42.923763900995255 36.099142611026764 66.650849193334579 794.4699885956943 38.702199053019285 50.596507146954536 790.69415127485991 38.492805905640125 601.34640124440193 38.996874127537012 476.30280951038003 51.533407926559448
leaf_count=2524 360 205 10678 268 224 2942 10512 684 255 359 338 608 333 170 906 5351 162 249 273 153 356 4239 281 330 4124 249 3154 253 2705 321
internal_value=-0.000173028 0.117228 -0.0112913 0.0134116 0.0585241 0.159137 -0.0175969 0.00975526 0.0988171 0.0583296 0.0167791 0.0429939 0.130184 0.167882 -0.0129695 -0.00793675 0.0114115 0.0513559 0.0261315 0.0373954 0.0460235 0.00859811 0.0633054 0.0460219 -0.0246792 0.0298111 -0.00173228 0.0373959 0.00100702 -0.00499874
internal_weight=9991.84 863.577 9128.27 1856.01 360.713 502.864 7272.26 1717.43 122.818 138.58 1237.94 209.203 75.9632 442.765 4400.16 2323.04 1028.74 66.5535 160.762 237.894 201.795 962.188 135.144 96.4423 2872.1 167.718 1309.35 106.597 1129.18 652.88
internal_count=53566 5609 47957 10206 2137 3472 37751 9326 793 880 6802 1219 538 3112 23115 12437 5583 411 881 1344 1191 5172 835 554 14636 933 7086 612 6180 3475
is_linear=0
shrinkage=0.03


Tree=5
num_leaves=31
num_cat=1
split_feature=14 41 41 29 21 41 5 28 14 29 41 29 29 41 1 38 49 30 4 3 19 14 3 28 3 3 30 29 42 45
split_gain=12766.2 1892.63 1490.94 387.428 316.587 260.926 233.714 128.579 123.562 116.889 115.997 112.198 115.462 108.766 97.7238 109.909 87.2925 83.4411 89.402 80.1396 78.0545 70.799 68.0945 92.99 100.36 62.3979 68.8023 81.3884 93.3303 70.5708
threshold=4.5000000000000009 1.0000000180025095e-35 10.500000000000002 7.5000000000000009 1.5000000000000002 544.50000000000011 12.500000000000002 557.50000000000011 1.0000000180025095e-35 13.500000000000002 3.5000000000000004 116.50000000000001 416.50000000000006 37.500000000000007 16.500000000000004 1.928571403026581 0 259.50000000000006 3.5000000000000004 1.0000000180025095e-35 2.1166666746139531 10.500000000000002 6.5000000000000009 29.500000000000004 25.500000000000004 80.500000000000014 746.50000000000011 734.00000000000011 0.94999998807907116 28.750000000000004
decision_type=2 2 2 2 2 2 2 2 2 2 2 2 2 2 2 2 1 2 2 2 2 2 2 2 2 2 2 2 2 2
left_child=2 4 3 16 21 9 8 10 -5 -4 17 20 -13 25 15 -6 -1 18 -3 -7 22 -2 -10 24 -24 26 29 28 -28 -11
right_child=1 7 5 6 14 19 -8 -9 11 13 -12 12 -14 -15 -16 -17 -18 -19 -20 -21 -22 -23 23 -25 -26 -27 27 -29 -30 -31
leaf_value=0.001849089555385923 0.10481159105039514 0.081118056180565778 -0.016680926156577496 0.0039314339376443725 0.077657850404887527 -0.016391284070371524 0.091480704428254803 0.016519612234229111 0.0064706194042790767 -0.0093353373311781136 0.023909553399421551 0.10454462334906794 0.02462651807598917 -0.01552707931952816 0.055281619833879969 0.1498949680064833 -0.024044693825820196 0.10923301703291514 0.02427196877689914 -0.027729526661638599 0.043386811393325425 0.14948685379270527 0.029325106296149425 0.0099869670102786957 0.084608349451605724 -0.021568779630741955 0.08310046161182541 -0.0089234583766450628 0.010462523247774521 0.009113891742690252
leaf_weight=724.76584443449974 45.909843988716602 59.468460571020842 2700.7602722123265 257.52237755805254 46.590790655463934 783.84359361976385 44.465661484748125 103.13156374543905 228.34717731550336 383.454660192132 65.216251611709595 32.656925104558468 33.058154948055744 697.84137286245823 47.030797101557255 37.56342214345932 138.74423841014504 40.621570363640785 44.323631711304188 2025.5354758538306 149.42868633568287 454.05636327713728 111.62942607328296 132.28457785397768 40.256472960114479 105.63203356042504 30.691774122416973 37.655270185321569 32.653720512986183 361.58648547157645
leaf_count=3787 251 361 14187 1405 265 4146 308 512 1192 2003 342 241 175 3737 261 267 700 293 223 10494 870 2872 631 684 281 515 233 192 183 2058
internal_value=-0.000234412 0.104696 -0.0111855 0.0124858 0.134577 -0.0174456 0.0249049 0.0441579 0.0218103 -0.0128382 0.0576121 0.0281237 0.0653133 -0.00654012 0.0917765 0.111284 -0.00233439 0.0725628 0.0573056 -0.024573 0.0243387 0.145602 0.0187114 0.0284904 0.0444352 5.92043e-05 0.00278183 0.0258897 0.0464011 -0.000381266
internal_weight=9996.73 943.913 9052.81 1893.16 631.151 7159.65 1029.65 312.761 985.184 4350.28 209.63 727.661 65.7151 1649.52 131.185 84.1542 863.51 144.414 103.792 2809.38 661.946 499.966 512.518 284.17 151.886 951.674 846.042 101.001 63.3455 745.041
internal_count=53669 5647 48022 10274 3916 37748 5787 1731 5479 23108 1219 4074 416 8921 793 532 4487 877 584 14640 3658 3123 2788 1596 912 5184 4669 608 416 4061
cat_boundaries=0 1
cat_threshold=2
is_linear=0
shrinkage=0.03


Tree=6
num_leaves=31
num_cat=1
split_feature=40 41 30 41 41 19 49 29 3 6 9 46 40 3 3 42 38 3 29 2 17 30 3 38 3 30 11 28 47 11
split_gain=12073.3 2125.89 453.143 380.115 342.939 282.016 200.705 177.824 173.666 168.357 124.865 143.928 126.359 200.32 133.194 114.686 120.237 138.364 98.98 82.5227 81.9509 74.9298 70.671 65.6473 52.0763 66.3277 139.928 52.8312 76.3541 100.407
threshold=7.5000000000000009 6.5000000000000009 19.500000000000004 1.0000000180025095e-35 35.500000000000007 7.0166666507720956 0 7.5000000000000009 6.5000000000000009 35.500000000000007 3.5000000000000004 2.5000000000000004 2.5000000000000004 71.500000000000014 14.500000000000002 3.1499999761581425 1.7857142686843874 19.500000000000004 15.500000000000002 6.5000000000000009 3.5000000000000004 386.50000000000006 67.500000000000014 1.0000000180025095e-35 86.500000000000014 746.50000000000011 1.5000000000000002 57.500000000000007 1.0000000180025095e-35 1.0000000180025095e-35
decision_type=2 2 2 2 2 2 1 2 2 2 2 10 2 2 2 2 2 2 2 2 2 2 2 2 2 2 2 2 2 2
left_child=1 3 -2 15 6 8 18 23 -4 -6 -9 12 21 14 -14 16 19 -18 -3 -1 -10 -12 -7 -5 25 27 -27 28 29 -20
right_child=2 4 5 7 9 22 -8 10 20 -11 11 -13 13 -15 -16 -17 17 -19 24 -21 -22 -23 -24 -25 -26 26 -28 -29 -30 -31
leaf_value=0.016186595276628385 0.032367298335844182 -0.0099794147045354862 0.13808217395981337 -0.023283927441264857 -0.027037081872846858 0.13260326597978769 -0.02932666123040166 0.012002689583957591 0.044400579940186161 -0.015757059172503498 0.0011688965679686491 -0.007260638008390807 0.05321426145944208 0.014219987693179365 0.12349782002100278 0.083885174611606383 0.10999928585453884 0.040022040916954042 0.0016260959445130103 0.060026380854272192 0.096972609624454614 0.053750859975211326 0.17152420827833467 0.005549106280810517 -0.018223816553886583 0.068930866547961545 -0.00015048783056631289 -0.016108429528714496 -0.0064369513245831032 0.032364039212941689
leaf_weight=168.86105415970087 50.588295176625252 1415.7566373720765 48.887647055089474 80.799350462853909 2201.3505709655583 428.54189065843821 340.1324207521975 354.21602253243327 60.782978713512421 2608.1721777431667 63.036733888089657 51.589044891297817 51.271567299962044 48.003697965294123 50.137454342097044 63.17769081145525 38.842523779720068 76.118731644004583 254.83608244359493 49.629715740680695 51.56885689869523 38.831426750868559 61.420955657958984 540.97339333966374 101.45144333317876 41.414920449256897 69.832058530300856 130.0874749943614 317.17953714728355 152.21746479719877
leaf_count=847 228 7517 327 407 11741 2507 1769 1858 303 14057 313 228 317 248 385 391 254 361 1389 270 276 217 433 2760 509 292 365 646 1677 943
internal_value=-0.000283653 -0.00933559 0.119616 0.021256 -0.016053 0.126333 -0.00774872 0.0132782 0.0907888 -0.0209245 0.0241478 0.0382657 0.0476041 0.0651128 0.0888296 0.0468809 0.03964 0.0644103 -0.00478199 0.0263728 0.0691735 0.0215404 0.137822 0.00177088 0.00211701 0.00427085 0.025952 0.00142056 0.004587 0.0131717
internal_weight=10009.7 9307.92 701.791 1675.49 7632.43 651.202 2822.91 1278.86 161.239 4809.52 657.086 302.87 251.281 149.413 101.409 396.63 333.452 114.961 2482.78 218.491 112.352 101.868 489.963 621.773 1067.02 965.568 111.247 854.321 724.233 407.054
internal_count=53835 49761 4074 8856 40905 3846 15107 6733 906 25798 3566 1708 1480 950 702 2123 1732 615 13338 1117 579 530 2940 3167 5821 5312 657 4655 4009 2332
cat_boundaries=0 1
cat_threshold=2
is_linear=0
shrinkage=0.03


Tree=7
num_leaves=31
num_cat=1
split_feature=40 14 41 41 41 49 29 6 30 29 47 27 37 47 45 29 29 11 3 43 40 4 5 38 5 2 27 2 44 14
split_gain=10839.5 2006.96 379.706 359.308 352.954 196.066 184.169 156.153 130.6 166.382 128.627 125.033 117.905 116.14 186.837 111.802 89.6053 89.0991 104.91 80.1053 65.4629 85.8113 75.4091 63.3527 61.4432 49.6374 48.9052 45.8084 40.4817 69.7426
threshold=7.5000000000000009 1.0000000180025095e-35 1.0000000180025095e-35 2.5000000000000004 35.500000000000007 0 7.5000000000000009 35.500000000000007 643.50000000000011 734.00000000000011 11.500000000000002 2.5000000000000004 3.5000000000000004 1.5000000000000002 39.649999618530281 301.50000000000006 13.500000000000002 3.5000000000000004 5.5000000000000009 3.7500000000000004 1.5000000000000002 1.5000000000000002 10.500000000000002 1.0000000180025095e-35 10.500000000000002 6.5000000000000009 11.500000000000002 70.500000000000014 0.25000000745058065 4.5000000000000009
decision_type=2 2 2 2 2 1 2 2 2 2 2 2 2 2 2 2 2 2 2 2 2 2 2 2 2 2 2 2 2 2
left_child=1 4 11 12 5 16 23 -6 17 10 -10 19 13 14 -2 25 -1 24 -19 -3 21 -18 27 -4 -8 -13 -27 -22 -25 -30
right_child=3 2 6 -5 7 -7 8 -9 9 -11 -12 15 -14 -15 -16 -17 20 18 -20 -21 22 -23 -24 28 -26 26 -28 -29 29 -31
leaf_value=-0.0097149941349097112 0.03218104556270833 0.048876702223840864 -0.024441414795867041 0.043825784971141264 -0.02676125428402807 -0.029202787623295881 0.0081668819558309257 -0.015799769168263131 0.10322477077854461 -0.0027845709950452407 0.029683941276824014 0.018914099059099555 0.12325802043978559 0.13032538931141899 0.10787790066841464 0.079282780834900077 0.002126495054927114 0.011829027540396712 0.085436933673954676 0.10946696385189641 0.010723149250079708 -0.022075273818356486 0.049667221434555799 -0.0036461934670339782 0.042769071353629548 0.068600717458845481 0.02697465499871652 -0.021819599617973688 0.0045765751916562953 0.041534233972188153
leaf_weight=1337.1389083638787 52.594303950667381 43.980739735066891 77.54525088518858 70.755641110241413 2155.3826029635966 325.40946129336953 410.6896052621305 2572.3565876334906 51.530048839747906 36.935013886541128 37.967119086533785 164.70170634612441 508.85958553105593 53.738867916166782 68.906005419790745 47.295342937111855 542.30782606080174 35.647314891219139 33.808351524174213 39.444787673652172 333.13305074349046 173.14943682029843 40.335524585098028 278.67344763502479 51.176470138132572 45.746509749442339 60.602672923356295 43.121557664126158 211.39343970641494 57.83329114690423
leaf_count=7173 198 239 397 368 11792 1739 2083 14046 359 153 199 812 2789 348 395 278 2961 192 237 263 1867 866 254 1352 279 248 254 217 1098 322
internal_value=-0.000212441 -0.0091771 0.0204086 0.109001 -0.015806 -0.00735009 0.0124208 -0.0208017 0.0234908 0.0507993 0.0726995 0.0458263 0.115668 0.0930548 0.0756409 0.0370496 -0.0044595 0.0169093 0.0483626 0.0784819 0.00175121 -0.00375327 0.011191 0.00076005 0.012085 0.029416 0.0453525 0.00694556 0.00436489 0.0126399
internal_weight=9962.16 9207.31 1684.97 754.854 7522.33 2794.6 1283.2 4727.74 657.754 126.432 89.4972 401.772 684.099 175.239 121.5 318.346 2469.19 531.322 69.4557 83.4255 1132.05 715.457 416.59 625.445 461.866 271.051 106.349 376.255 547.9 269.227
internal_count=53778 49680 8765 4098 40915 15077 6671 25838 3502 711 558 2094 3730 941 593 1592 13338 2791 429 502 6165 3827 2338 3169 2362 1314 502 2084 2772 1420
cat_boundaries=0 1
cat_threshold=2
is_linear=0
shrinkage=0.03


Tree=8
num_leaves=31
num_cat=1
split_feature=40 14 30 41 41 4 38 49 3 4 15 43 5 11 11 3 30 28 29 29 45 3 40 1 1 3 29 41 39 38
split_gain=9501.47 1933.52 354.744 345.279 312.362 229.103 254.747 188.941 155.288 142.119 113.958 109.363 107.012 89.3957 128.014 93.1307 162.384 198.614 86.0447 82.2158 62.2056 63.5515 58.3349 71.4813 58.1724 66.7976 140.45 62.1312 57.6328 43.1683
threshold=7.5000000000000009 1.0000000180025095e-35 19.500000000000004 1.0000000180025095e-35 35.500000000000007 7.5000000000000009 1.3571428656578066 0 5.5000000000000009 1.0000000180025095e-35 6.5000000000000009 7.0499999523162851 12.500000000000002 3.5000000000000004 10.500000000000002 85.500000000000014 1042.5000000000002 648.50000000000011 57.500000000000007 13.500000000000002 0.65000000596046459 80.500000000000014 23.500000000000004 1.5000000000000002 1.0000000180025095e-35 20.500000000000004 47.500000000000007 16.500000000000004 0.78910306096076976 1.0000000180025095e-35
decision_type=2 2 2 2 2 2 2 1 2 2 2 2 2 2 2 2 2 2 2 2 2 2 2 2 2 2 2 2 2 2
left_child=1 4 -2 10 7 6 -4 19 29 -6 28 18 13 15 -15 16 -10 -18 -12 -1 -21 24 23 -8 25 -22 27 -27 -3 -5
right_child=2 3 5 8 9 -7 22 -9 12 -11 11 -13 -14 14 -16 -17 17 -19 -20 20 21 -23 -24 -25 -26 26 -28 -29 -30 -31
leaf_value=-0.0099776681451252507 0.024367715770950132 -0.0047440840917722703 0.044056683617510334 -0.022851923338131918 -0.016022869289749376 0.17381135299178729 0.10221078632867377 -0.029250363749473048 0.01101384305429183 -0.026702518505795806 0.070556098712655377 0.101931204306518 0.066518236376319928 0.084270968519214604 0.017016612978475565 -0.020097834242420069 0.1063575673031205 0.0091813391955284773 0.025307798636847786 -0.017304440932446798 0.0048129167259583772 -0.01827419111796089 0.1120305937649257 0.057078937058824011 -0.016747801163000921 0.030764690803865107 0.077006320213339391 -0.014454457245240642 0.035225318526776787 0.0017080879362263845
leaf_weight=1317.9400146454573 54.013998325914145 39.063628982752562 67.866649869829416 77.324714832007885 2682.8414686508477 41.468479711562395 118.54765760153532 323.8901194781065 576.28850712627172 1936.3027784861624 74.002159658819437 43.01531258225441 40.132727637887001 39.786765199154615 69.649016086012125 68.475718937814236 36.893515128642321 38.23731504753232 79.871412739157677 143.71701067313552 645.50090599060059 104.24008128419518 462.38835135102272 49.453592322766781 87.062858130782843 57.76002399995923 36.900964088737965 50.315931789577007 185.08533750846982 361.91265309229493
leaf_count=7117 217 182 330 409 14863 309 603 1777 2909 10880 381 252 248 268 353 283 257 168 329 726 3523 529 2374 209 443 347 275 254 970 1842
internal_value=-0.000371965 -0.00904391 0.0991127 0.019499 -0.0157297 0.10453 0.100173 -0.0077553 0.0118789 -0.0205045 0.0431002 0.0597561 0.0192171 0.0168508 0.0420095 0.0129733 0.0164751 0.0576706 0.0473841 -0.00489522 0.00105981 0.00376292 0.106135 0.0893419 0.00639845 0.00896571 0.0272961 0.00977291 0.0282695 -0.00265762
internal_weight=9909.95 9116.21 793.739 1729.74 7386.47 739.725 698.256 2767.33 1308.7 4619.14 421.038 196.889 869.464 829.331 109.436 719.895 651.419 75.1308 153.874 2443.44 1125.5 981.781 630.39 168.001 877.541 790.478 144.977 108.076 224.149 439.237
internal_count=53627 49585 4042 8851 40734 3825 3516 14991 6737 25743 2114 962 4486 4238 621 3617 3334 425 710 13214 6097 5371 3186 812 4842 4399 876 601 1152 2251
cat_boundaries=0 1
cat_threshold=2
is_linear=0
shrinkage=0.03


Tree=9
num_leaves=31
num_cat=0
split_feature=40 41 41 41 37 30 15 29 3 29 41 3 9 9 3 3 27 38 29 40 6 22 6 6 5 30 28 3 3 38
split_gain=8328.15 1869.73 304.284 288.878 248.663 163.007 161.349 131.457 112.014 105.569 104.893 103.566 98.9211 140.867 177.962 93.6673 86.3649 97.1442 86.3151 133.326 79.3655 67.4229 65.3924 64.8117 64.6074 62.6829 108.296 61.0891 58.7783 58.3127
threshold=7.5000000000000009 7.5000000000000009 1.0000000180025095e-35 84.500000000000014 3.5000000000000004 24.500000000000004 4.5000000000000009 13.500000000000002 43.500000000000007 7.5000000000000009 21.500000000000004 10.500000000000002 3.5000000000000004 50.500000000000007 23.500000000000004 45.500000000000007 2.5000000000000004 0.78571429848670971 38.500000000000007 1.5000000000000002 84.500000000000014 2.5000000000000004 3.5000000000000004 7.5000000000000009 9.5000000000000018 311.50000000000006 523.00000000000011 82.500000000000014 4.5000000000000009 1.928571403026581
decision_type=2 2 2 2 2 2 2 2 2 2 2 2 2 2 2 2 2 2 2 2 2 2 2 2 2 2 2 2 2 2
left_child=1 2 16 7 5 -2 18 -3 11 -8 23 -7 -11 14 21 -16 17 -1 22 -20 -5 -14 -4 -9 27 -18 -27 28 -25 -13
right_child=4 3 6 20 -6 8 9 10 -10 12 -12 29 13 -15 15 -17 25 -19 19 -21 -22 -23 -24 24 -26 26 -28 -29 -30 -31
leaf_value=0.033513173958326592 0.012602775852917565 -0.014930583933669184 0.0095100278297959116 -0.026703985420192464 0.10263447264406116 0.094292321159919701 0.0097302031570847061 -0.020517704125081783 0.12093677059800208 0.0036611121242327129 -0.010030227299243473 0.026510655942766897 0.017647677747787166 0.0011637984417484279 0.13354990170415254 0.059774977962539826 0.02406286848155683 0.094624434673170901 0.00094762895714703519 0.055484234673406727 -0.015452041451781267 0.061874906031550339 -0.0095724118667313094 -0.0033433149567383752 0.043604717713489498 0.078218211402726792 0.015504704154254763 -0.022759781936378537 0.018398870846198866 0.071024224809853251
leaf_weight=47.453229058533907 42.536941576749086 2722.6958532743156 268.35510936751962 1871.0058983005583 557.14718500524759 70.747412454336882 284.88815980404615 76.130944799631834 42.820677172392607 72.171269331127405 1080.3703275062144 60.374198190867901 82.741192691028118 55.509684726595879 30.463967569172382 36.532255597412586 236.71390783041716 48.701895318925381 104.77117765322328 64.644019961357117 815.37223384529352 49.828186817467213 403.15737892687321 188.92576764896512 43.281821854412556 59.462976980954409 43.010754309594631 58.644594486802816 272.54933212697506 49.115999303758144
leaf_count=243 170 15146 1422 10673 2715 374 1393 377 256 319 6041 250 382 263 230 210 1085 278 513 399 4574 303 2064 994 268 335 167 301 1566 213
internal_value=-0.000159112 -0.00849941 0.0180361 -0.01553 0.0911512 0.0667678 0.0114293 -0.0108299 0.0769946 0.0231331 -0.0043335 0.0659452 0.034736 0.0434798 0.0551856 0.094792 0.0400112 0.065121 0.00289247 0.0219607 -0.0232958 0.0346099 -0.00194374 0.0052907 0.0088083 0.0327224 0.0523 0.00583459 0.00950974 0.046941
internal_weight=9840.12 9017.38 1888.41 7128.98 822.742 265.595 1453.06 4442.6 223.058 612.135 1719.9 180.238 327.247 255.075 199.566 66.9962 435.343 96.1551 840.928 169.415 2686.38 132.569 671.512 639.532 563.402 339.188 102.474 520.12 461.475 109.49
internal_count=53524 49546 9606 39940 3978 1263 7498 24693 1093 3100 9547 837 1707 1388 1125 440 2108 521 4398 912 15247 685 3486 3506 3129 1587 502 2861 2560 463
is_linear=0
shrinkage=0.03


Tree=10
num_leaves=31
num_cat=1
split_feature=40 41 41 41 41 30 5 40 3 38 3 40 30 41 6 49 43 37 47 45 6 11 11 45 45 19 11 30 3 4
split_gain=7558.34 1492.32 548.319 303.555 243.117 198.631 138.84 130.266 131.428 109.444 106.912 127.365 104.054 98.8799 78.671 78.4213 74.8683 72.8832 131.201 78.0136 72.6202 71.9542 66.677 58.9918 56.3287 55.561 53.3761 80.2562 57.3905 87.1314
threshold=5.5000000000000009 10.500000000000002 2.5000000000000004 1.0000000180025095e-35 544.50000000000011 643.50000000000011 11.500000000000002 8.5000000000000018 59.500000000000007 1.928571403026581 71.500000000000014 2.5000000000000004 86.500000000000014 21.500000000000004 544.50000000000011 0 1.4499999880790713 3.5000000000000004 4.5000000000000009 37.549999237060554 21.500000000000004 1.5000000000000002 1.0000000180025095e-35 61.750000000000007 4.1499998569488534 5.1833331584930429 1.0000000180025095e-35 203.50000000000003 3.5000000000000004 2.5000000000000004
decision_type=2 2 2 2 2 2 2 2 2 2 2 2 2 2 2 1 2 2 2 2 2 2 2 2 2 2 2 2 2 2
left_child=1 3 7 9 12 6 15 8 -2 -1 11 21 -3 26 -6 -5 -4 18 19 -9 -15 -7 -18 -16 -22 -11 -14 28 -28 -30
right_child=2 4 16 5 14 10 -8 17 -10 25 -12 -13 13 20 23 -17 22 -19 -20 -21 24 -23 -24 -25 -26 -27 27 -29 29 -31
leaf_value=0.025615887587815536 0.080931656455964465 -0.016884956734279286 0.0037129126483575708 0.0032915695139073432 -0.026955886376156323 0.047310888188593997 0.043566724266961405 0.029538878348015867 0.013855333790525549 0.085281285662002396 -0.0084534794329576089 0.080313297473605105 -0.0042451500307841214 -0.022226835085228821 -0.017409091855946735 -0.022557418632663272 0.016090797805170896 0.095752525747676037 0.11696279913185158 0.075759340287030075 -0.018292609741026547 0.0002506545618011599 0.070392168864690907 0.018119605502014986 -0.0034191698056273241 0.042318377251520475 -0.0012054270781000197 -0.0016817891967916198 0.072918239624343462 0.0083567312271252692
leaf_weight=280.78377792239189 65.916845992207527 1885.5940783172846 76.93381081148982 1369.0396710112691 1796.3956228084862 63.012691669166088 72.411249179393053 55.603061266243458 44.100637957453728 47.51524480432272 42.872370675206184 57.833576738834381 374.58766249939799 403.53207090497017 689.03260438889265 113.45796518400311 39.489016015082598 577.02645138651133 46.273339577019215 86.909791991114616 313.58626162260771 53.850315198302269 42.73493829742074 43.999672017991543 846.37957019731402 71.279110830277205 31.807704415172338 135.98462967574596 45.257666647434235 32.195398468524218
leaf_count=1322 344 10617 348 7040 10485 329 397 192 182 254 196 351 2034 2282 3879 635 192 2694 261 399 1725 234 250 289 4851 320 173 721 326 182
internal_value=-0.000117751 -0.00916882 0.0765151 0.0123958 -0.0162683 0.00706097 0.00329453 0.0858197 0.054411 0.0359838 0.0338405 0.044209 -0.0117232 -0.00725958 -0.0235722 0.00129943 0.0250969 0.090255 0.0730359 0.0580574 -0.0112774 0.0258117 0.04482 -0.0152547 -0.00745236 0.0600711 0.00287691 0.0137282 0.0327486 0.0465301
internal_weight=9805.4 8770.41 1034.99 2172.06 6598.35 1772.48 1554.91 875.83 110.017 399.578 217.569 174.697 4068.93 2183.33 2529.43 1482.5 159.158 765.813 188.786 142.513 1563.5 116.863 82.224 733.032 1159.97 118.794 619.833 245.245 109.261 77.4531
internal_count=53504 48642 4862 11078 37564 9182 8072 4072 526 1896 1110 914 22911 12294 14653 7675 790 3546 852 591 8858 563 442 4168 6576 574 3436 1402 681 508
cat_boundaries=0 1
cat_threshold=2
is_linear=0
shrinkage=0.03


Tree=11
num_leaves=31
num_cat=1
split_feature=40 41 41 14 29 41 11 40 19 5 14 5 19 49 29 6 28 30 2 9 47 30 38 9 5 41 44 30 11 30
split_gain=6939.43 1378.9 451.707 300.179 228.605 184.739 155.721 123.421 117.661 116.026 98.9634 93.5325 104.91 93.2718 84.6686 77.5956 68.6264 59.0339 158.787 60.4063 71.9504 55.9605 55.4007 77.313 51.0975 46.9507 46.8642 45.3239 44.0502 80.2595
threshold=5.5000000000000009 14.500000000000002 1.0000000180025095e-35 4.5000000000000009 9.5000000000000018 544.50000000000011 2.5000000000000004 11.500000000000002 4.0833332538604745 11.500000000000002 12.500000000000002 3.5000000000000004 6.2500000000000009 0 32.500000000000007 544.50000000000011 41.500000000000007 643.50000000000011 1.5000000000000002 10.500000000000002 16.500000000000004 1042.5000000000002 3.5000000000000004 47.500000000000007 10.500000000000002 1.5000000000000002 1.0000000180025095e-35 10.500000000000002 1.0000000180025095e-35 111.50000000000001
decision_type=2 2 2 2 2 2 2 2 2 2 2 2 2 1 2 2 2 2 2 2 2 2 2 2 2 2 2 2 2 2
left_child=1 3 10 4 13 14 7 8 -4 17 26 12 21 24 28 -7 -13 19 -19 25 -21 -5 -18 -24 27 -6 -2 -1 -3 -30
right_child=2 5 6 11 9 15 -8 -9 -10 -11 -12 16 -14 -15 -16 -17 22 18 -20 20 -22 -23 23 -25 -26 -27 -28 -29 29 -31
leaf_value=0.026685135922819649 0.040166972966777591 -0.017946753291305208 0.044186782001985003 0.098898635439862562 0.017367592122123739 -0.02674175282068739 0.076591870499411713 0.065714805395528361 -0.0075190613161103519 0.053504635375033381 0.088833172360535312 0.054013798299445352 0.015488258076129878 -0.025960470588604345 -0.0039236481667881788 -0.015004524065827033 0.0017795493422677916 0.003598428500865212 0.075672295265227077 0.055692384466627991 0.00081747203119914773 0.046518726915003264 0.057787832858095897 0.0069614147579065751 0.028066809746156923 0.0024231299316856414 0.074971773087507645 -0.0048278108558202281 -0.015401480942560814 0.0031218266829836682
leaf_weight=42.27991883829236 63.182565063238144 1780.6627876609564 65.16599977761507 41.71457814052701 269.22593496739864 1747.8885588869452 74.725683651864529 52.976539451628923 98.092499915510416 62.01309035718441 630.07050248980522 52.00312514975667 41.094608325511217 165.44805692136288 782.63819107040763 720.69622602686286 118.87565587460995 70.19432071596384 44.355144992470741 50.748705204576254 36.846254020929337 37.949900463223457 51.127277042716742 56.381327416747808 48.671585626900196 632.37954625487328 91.433960035443306 809.85041627660394 740.13337989151478 293.63604366406798
leaf_count=251 231 10065 334 246 1282 10462 399 252 422 346 2836 261 160 929 4451 4156 463 334 284 313 179 181 254 244 271 3261 412 4204 4238 1760
internal_value=-0.000241234 -0.00913462 0.0716052 0.00900034 0.00470845 -0.0170014 0.0394766 0.0263569 0.0132631 0.0138852 0.083453 0.0329287 0.0549305 -0.00532832 -0.012658 -0.0233226 0.0232222 0.0116128 0.0319198 0.00923134 0.0328794 0.0748324 0.0159426 0.0314425 -0.00151428 0.00689995 0.0610986 -0.0032348 -0.0150847 -0.0101421
internal_weight=9772.46 8696.81 1075.65 2631.16 2232.01 6065.66 290.961 216.235 163.258 1165.76 784.687 399.146 120.759 1066.25 3597.07 2468.58 278.387 1103.75 114.549 989.2 87.595 79.6645 226.384 107.509 900.802 901.605 154.617 852.13 2814.43 1033.77
internal_count=53481 48595 4886 13463 11654 35132 1407 1008 756 5999 3479 1809 587 5655 20514 14618 1222 5653 618 5035 492 427 961 498 4726 4543 643 4455 16063 5998
cat_boundaries=0 1
cat_threshold=2
is_linear=0
shrinkage=0.03


Tree=12
num_leaves=31
num_cat=1
split_feature=14 41 40 40 5 41 29 11 30 6 49 47 45 6 45 5 19 41 17 45 45 45 4 29 19 45 45 43 45 30
split_gain=6477.6 994.437 881.436 240.567 173.6 168.367 167.557 96.1749 89.0966 92.1558 82.1373 80.1545 120.907 78.9555 74.451 88.6499 74.8066 66.7716 66.6027 64.9907 83.9903 62.5186 60.6657 57.6869 75.0097 67.5173 54.4089 51.9244 57.936 50.5207
threshold=3.5000000000000004 14.500000000000002 8.5000000000000018 4.5000000000000009 2.5000000000000004 544.50000000000011 10.500000000000002 3.5000000000000004 106.50000000000001 14.500000000000002 0 51.500000000000007 7.2000000476837167 544.50000000000011 1.8499999642372134 11.500000000000002 1.0166666507720949 21.500000000000004 5.5000000000000009 16.150000572204593 52.45000076293946 61.750000000000007 3.5000000000000004 820.00000000000011 6.616666555404664 43.549999237060554 3.5499999523162846 3.5804692544161306e-15 28.750000000000004 167.50000000000003
decision_type=2 2 2 2 2 2 2 2 2 2 1 2 2 2 2 2 2 2 2 2 2 2 2 2 2 2 2 2 2 2
left_child=1 3 4 6 -2 8 10 27 -3 -10 -1 12 22 -7 -8 16 -16 -11 19 -4 -21 -15 -6 24 25 -14 -19 -5 -29 -28
right_child=2 5 18 7 11 13 14 -9 9 17 -12 -13 23 21 15 -17 -18 26 -20 20 -22 -23 -24 -25 -26 -27 29 28 -30 -31
leaf_value=-0.0022876074607493337 0.075625618068430461 -0.01701929415678673 0.091035846065006892 -0.0017782594574509349 0.088518043638334612 -0.026463914689482594 -0.0058468895737373329 0.069694059394453986 -0.021470161086196801 0.0095484725119648652 -0.025587212314816726 -0.0051038664503648048 0.024624921758202682 -0.016811388947663045 0.020414774045337199 0.056234875464491435 0.0022751838221743829 -0.019010093130809619 0.084325346504160445 0.025787510771388224 0.076213010368388984 0.019642401999006805 0.035704493376020045 -0.0084235121657200498 0.011022967816951655 0.062377504075216882 -0.011255883189759411 0.015594563250769633 0.051315981198970573 0.0042571106096693269
leaf_weight=861.65588528290391 69.893571868538857 1950.7065769508481 50.639796912670135 53.399759072810411 40.851835306733847 1705.552856311202 192.65335991978645 50.671614862978458 335.53113872930408 265.41911022737622 160.78767981007695 67.085901353508234 108.18355908617377 660.17042351141572 468.90144087746739 43.064541611820459 362.91366252303123 264.21790270134807 636.59582561254501 65.09499280154705 56.286497533321381 44.41868756338954 41.035955354571342 46.742041677236557 146.8898447342217 72.001133721321821 363.12827192991972 89.803269594907761 76.010318525135517 391.8892963975668
leaf_count=4540 389 11271 247 235 239 10473 912 272 1928 1512 929 233 459 3832 2515 239 1746 1484 2785 207 253 293 193 150 609 391 2054 413 404 2316
internal_value=-0.000307766 -0.0103364 0.0593501 0.00615277 0.0314809 -0.0168423 0.00270375 0.0327533 -0.0127008 -0.00749409 -0.00597308 0.0254459 0.0299446 -0.0229705 0.0110119 0.0147268 0.0125129 -0.0038299 0.0797129 0.0622552 0.0496023 -0.0144887 0.062802 0.0225985 0.027044 0.0399717 -0.00731971 0.0239366 0.032179 -0.00320894
internal_weight=9742.2 8340.9 1401.3 2359.86 592.684 5981.03 2089.98 269.885 3570.89 1620.19 1022.44 522.79 455.704 2410.14 1067.53 874.88 831.815 1284.65 808.617 172.021 121.381 704.589 81.8878 373.817 327.075 180.185 1019.24 219.213 165.814 755.018
internal_count=53523 47368 6155 12205 2663 35163 10881 1324 20565 9294 5469 2274 2041 14598 5412 4500 4261 7366 3492 707 460 4125 432 1609 1459 850 5854 1052 817 4370
cat_boundaries=0 1
cat_threshold=2
is_linear=0
shrinkage=0.03


Tree=13
num_leaves=31
num_cat=1
split_feature=14 40 40 4 5 19 14 40 49 39 40 9 3 11 19 43 47 45 5 3 40 45 3 8 22 37 47 45 45 45
split_gain=5950.23 989.686 815.42 157.29 148.951 213.958 126.336 124.344 181.264 106.152 97.2378 89.2883 77.0002 146.237 313.65 72.6906 72.2866 99.1308 132.245 94.4945 97.6967 131.316 71.1951 62.2295 61.2364 58.1936 71.1505 64.0655 52.5177 48.854
threshold=2.5000000000000004 8.5000000000000018 1.5000000000000002 1.5000000000000002 10.500000000000002 1.416666626930237 1.0000000180025095e-35 1.0000000180025095e-35 0 2.2746249437332158 5.5000000000000009 1.0000000180025095e-35 5.5000000000000009 1.0000000180025095e-35 0.71666666865348827 2.4500000476837163 52.500000000000007 12.050000190734865 4.5000000000000009 71.500000000000014 3.5000000000000004 43.549999237060554 60.500000000000007 11.500000000000002 4.5000000000000009 3.5000000000000004 5.5000000000000009 54.350000381469734 62.149999618530281 3.2500000000000004
decision_type=2 2 2 2 2 2 2 2 1 2 2 2 2 2 2 2 2 2 2 2 2 2 2 2 2 2 2 2 2 2
left_child=2 9 3 7 6 -6 22 11 12 16 24 29 -9 -14 -15 -11 17 18 -2 20 23 -22 -4 -19 -8 26 27 -3 -16 -1
right_child=1 25 4 -5 5 -7 10 8 -10 15 -12 -13 13 14 28 -17 -18 19 -20 -21 21 -23 -24 -25 -26 -27 -28 -29 -30 -31
leaf_value=-0.019611391905828276 0.083864845523345666 0.031982037016862259 0.0012601711357558378 -0.024515276100106551 0.095880618339277343 0.015655916458699029 0.0065420759246377419 -0.0060877586191588808 -0.027603241876080067 0.028201191173488016 0.0514340561173895 -0.02605942250259571 -0.0016225202843645245 0.11091681850208739 0.030272473201738384 0.069368625319997365 -0.0075289364034706822 0.0043625245008259697 0.024032808899150087 -0.010381362150542146 0.020453610755717892 0.087132292616373161 -0.020126819386916153 0.041138063459606279 0.032917171945297398 0.079441494307134944 0.089495356794249942 0.071311384381598231 -0.018104551726559902 -0.011182468761499644
leaf_weight=925.82125283032656 53.722890734672546 88.530600689351559 767.12625168263912 1467.7255743555725 37.687740799039602 134.49287512898445 480.19153148680925 740.15316900610924 273.68267327547073 77.213684562593699 57.900131732225418 684.23385061323643 271.40740254148841 35.847407057881355 37.390514858067036 81.055093783885241 66.100168723613024 165.54664435237646 87.842779234051704 83.36160945892334 65.10942941904068 44.927105266600847 170.35457660257816 54.357248559594154 94.08515053242445 626.04880750924349 56.315572574734688 67.603793732821941 41.65922188013792 1886.6264353990555
leaf_count=5422 333 297 4256 8799 263 643 2286 3885 1632 299 273 4279 1464 292 231 393 238 729 392 339 267 249 888 248 532 2662 270 294 202 11307
internal_value=-0.000437199 0.0520763 -0.0109221 -0.0158992 0.00726242 0.0336681 0.0043463 -0.0133122 -0.00575191 0.0276827 0.0146995 -0.0163369 -0.000423166 0.0104178 0.0386278 0.0495877 0.0220289 0.0255572 0.0471675 0.0180592 0.0252546 0.0482176 -0.00264348 0.013598 0.0109129 0.074686 0.0603658 0.0493565 0.00487009 -0.0139631
internal_weight=9724.12 1617.74 8106.39 6364.55 1741.84 172.181 1569.66 4896.82 1400.14 779.237 632.177 3496.68 1126.46 386.305 114.897 158.269 620.968 554.868 141.566 413.302 329.94 110.037 937.481 219.904 574.277 838.499 212.45 156.134 79.0497 2812.45
internal_count=53664 7010 46654 37513 9141 906 8235 28714 7706 3487 3091 21008 6074 2189 725 692 2795 2557 725 1832 1493 516 5144 977 2818 3523 861 591 433 16729
cat_boundaries=0 1
cat_threshold=2
is_linear=0
shrinkage=0.03


Tree=14
num_leaves=31
num_cat=1
split_feature=40 41 41 29 41 49 19 20 40 5 38 39 29 6 29 28 27 9 40 4 47 4 28 18 41 45 47 9 42 5
split_gain=5395.22 1196.07 339.256 260.938 181.211 113.268 112.073 102.256 106.983 119.251 90.8459 89.2495 79.1648 76.1069 71.1554 83.3597 70.2038 99.1783 64.7542 59.527 106.114 58.5698 52.4838 52.7489 51.6426 48.0567 47.0904 45.6414 45.2172 43.4704
threshold=5.5000000000000009 14.500000000000002 1.0000000180025095e-35 10.500000000000002 544.50000000000011 0 26.183333396911625 4.1873629093170175 1.5000000000000002 11.500000000000002 1.928571403026581 1.7102950215339663 32.500000000000007 544.50000000000011 109.50000000000001 157.50000000000003 8.5000000000000018 3.5000000000000004 16.500000000000004 3.5000000000000004 18.500000000000004 1.5000000000000002 24.500000000000004 1.928571403026581 37.500000000000007 61.750000000000007 14.500000000000002 6.5000000000000009 0.55000001192092907 10.500000000000002
decision_type=2 2 2 2 2 1 2 2 2 2 2 2 2 2 2 2 2 2 2 2 2 2 2 2 2 2 2 2 2 2
left_child=1 3 10 5 12 11 18 8 21 14 -2 29 -3 -6 16 -16 17 -10 22 20 -19 26 23 -4 27 -15 -5 -14 -9 -1
right_child=2 4 6 7 13 -7 -8 28 9 -11 -12 -13 24 25 15 -17 -18 19 -20 -21 -22 -23 -24 -25 -26 -27 -28 -29 -30 -31
leaf_value=-0.0020204587391514342 0.038249883001873333 -0.014460076445389785 0.042218724595646698 0.014467693766855477 -0.02639832031317137 -0.025623675290218556 -0.0088778357643586221 0.025450977905329353 0.0063791392368485059 0.063375321470875268 0.072599858096559347 0.044647962733469541 0.0080692187433334672 -0.01664405037399579 0.072045997360751415 0.013877625797905439 -0.0039461089977712643 0.070629652503994667 0.070766994051559229 0.018970507830778395 0.0098282675750913217 -0.01981041551027406 0.055579878351150851 0.0065947641369174951 -0.012298194671555214 0.014327913458938035 -0.0097894630006140054 -0.016480423618614782 0.056261980707002675 0.023490764859735488
leaf_weight=996.44999939575791 79.947890184819698 2720.9824554510415 68.783164013177156 230.91812022030354 1635.0339303258806 161.68337662890553 48.486059922724962 119.90008674934506 284.54611299186945 51.432211510837078 783.79239904135466 39.959831696003675 349.17835790663958 643.95827562361956 41.832421980798244 47.210685722529888 162.49754571169615 70.470950674265623 51.257928837090731 139.3568401299417 41.02880372107029 93.329711601138115 64.450288228690624 81.593529313802719 340.70393830165267 47.729401826858521 103.64530762657523 83.656606622040272 68.913863319903612 62.969335239380598
leaf_count=5088 292 16139 345 1215 10497 954 203 494 1375 271 3219 194 1993 3847 261 189 661 439 235 677 182 433 323 290 2052 306 503 436 334 331
internal_value=-0.000401304 -0.00870876 0.0597463 0.00772804 -0.0163781 -0.0022601 0.0329161 0.01638 0.0132885 0.019512 0.0694683 0.00119609 -0.0120531 -0.0228657 0.0165684 0.0417017 0.0133067 0.0185406 0.0405365 0.0322552 0.0485427 0.00107763 0.033029 0.0230606 -0.00357871 -0.0144893 0.00694622 0.00329731 0.0369336 -0.000483411
internal_weight=9715.7 8537.39 1178.31 2716.15 5821.24 1261.06 314.571 1455.08 1266.27 838.376 863.74 1099.38 3494.52 2326.72 786.943 89.0431 697.9 535.403 266.085 250.857 111.5 427.893 214.827 150.377 773.539 691.688 334.563 432.835 188.814 1059.42
internal_count=53778 48871 4907 13601 35270 6567 1396 7034 6206 4055 3511 5613 20620 14650 3784 450 3334 2673 1193 1298 621 2151 958 635 4481 4153 1718 2429 828 5419
cat_boundaries=0 1
cat_threshold=2
is_linear=0
shrinkage=0.03


Tree=15
num_leaves=31
num_cat=1
split_feature=14 40 41 49 6 5 45 41 30 11 3 2 11 30 30 3 30 45 45 27 37 27 45 47 29 3 28 41 3 40
split_gain=5035.72 906.515 738.179 214.732 135.982 118.044 459.361 114.085 112.505 101.626 133.473 122.573 320.586 214.035 89.6981 133.543 82.9185 97.6568 79.6778 74.7017 73.2025 71.2336 64.0577 62.0854 57.5976 56.2613 53.2322 51.3692 51.1805 64.0543
threshold=2.5000000000000004 8.5000000000000018 21.500000000000004 0 21.500000000000004 12.500000000000002 8.1500000953674334 1.0000000180025095e-35 22.500000000000004 1.0000000180025095e-35 3.5000000000000004 2.5000000000000004 7.5000000000000009 111.50000000000001 413.50000000000006 12.500000000000002 166.50000000000003 6.0499999523162851 5.6499998569488534 9.5000000000000018 2.5000000000000004 71.000000000000014 1.5500000119209292 51.500000000000007 35.500000000000007 11.500000000000002 17.500000000000004 1.0000000180025095e-35 71.500000000000014 4.5000000000000009
decision_type=2 2 2 1 2 2 2 2 2 2 2 2 2 2 2 2 2 2 2 2 2 2 2 2 2 2 2 2 2 2
left_child=2 7 3 5 -4 9 -7 19 -3 14 18 12 13 -12 27 -16 -6 -18 22 20 -2 -21 -11 24 -9 -19 -15 -1 29 -13
right_child=1 8 4 -5 16 6 -8 23 -10 10 11 28 -14 26 15 -17 17 25 -20 21 -22 -23 -24 -25 -26 -27 -28 -29 -30 -31
leaf_value=0.015504148626466305 0.027216473136538945 0.023232785082910417 -0.024583351477959797 -0.027150402281491785 -0.016556427747400487 -0.016140944780454174 0.1113429984967186 0.012478436742712144 0.069790580151093934 -0.0036835467188973273 0.019056832355438886 0.0086675571676478116 -0.01002059983403147 0.1276675366601033 0.059103849113968016 -0.012701617447137126 -0.018748653402655153 0.0095537289621838595 -0.014607914610674769 0.0071127736137359216 0.074843180339433282 0.045642141313102763 0.049786202768666722 -0.014337645611516014 0.037491755856599022 -0.011478405233750162 0.072791883176239816 -0.0062660347401047025 -0.011245339867339606 0.041379873232766741
leaf_weight=104.96963839605451 50.284410305321217 50.785267263650894 1589.1267217546701 213.88143555819988 2674.918969579041 62.824073664844036 41.504541587084532 349.12611709535122 843.00360210239887 46.511756859719753 55.142667010426521 424.62847090885043 84.870787013322115 31.526861149817705 49.261763472110033 42.920996777713299 315.96356008760631 337.88576821982861 255.0545979142189 92.716236013919115 73.720780976116657 80.569196425378323 34.428226359188557 57.771545879542828 108.47180073335767 171.88608917780221 44.607819423079491 1233.4917580895126 94.02847696095705 60.881314013153315
leaf_count=453 193 158 10338 1323 16259 251 287 1569 3436 244 302 2242 409 253 281 188 1888 2138 1223 303 341 341 228 212 520 987 298 6401 484 297
internal_value=-0.000420408 0.0463352 -0.0104354 0.00170055 -0.0173026 0.00402387 0.035151 0.0233616 0.0671741 0.00274327 0.00945677 0.0161458 0.0353764 0.0645795 -0.00257019 0.0258932 -0.0139914 -0.00567228 -0.00638467 0.038143 0.0559027 0.0251861 0.0193901 0.0147775 0.0184766 0.00245348 0.0968761 -0.00454839 0.00892477 0.0128462
internal_weight=9676.77 1706.45 7970.32 2880.54 5089.78 2666.65 104.329 812.66 893.789 2562.33 1131.68 795.686 216.148 131.277 1430.64 92.1828 3500.65 825.735 335.995 297.291 124.005 173.285 80.94 515.369 457.598 509.772 76.1347 1338.46 579.538 485.51
internal_count=53847 7073 46774 15164 31610 13841 538 3479 3594 13303 5980 4285 1262 853 7323 469 21272 5013 1695 1178 534 644 472 2301 2089 3125 551 6854 3023 2539
cat_boundaries=0 1
cat_threshold=2
is_linear=0
shrinkage=0.03


Tree=16
num_leaves=31
num_cat=1
split_feature=14 40 40 41 29 11 45 30 4 47 9 18 2 19 40 49 37 45 27 30 15 41 30 43 9 43 2 45 20 40
split_gain=4787.8 955.172 490.31 226.522 173.29 141.347 183.432 93.2305 111.807 91.9191 125.407 88.9116 86.951 80.6685 72.2393 68.5688 67.5625 72.9632 65.8266 102.398 62.7671 54.0022 66.4432 60.9987 63.9472 56.0732 53.4649 52.0385 50.2853 42.5312
threshold=4.5000000000000009 1.5000000000000002 8.5000000000000018 84.500000000000014 14.500000000000002 3.5000000000000004 31.550000190734867 88.500000000000014 1.5000000000000002 53.500000000000007 47.500000000000007 19.214285850524906 21.500000000000004 0.15000000596046451 5.5000000000000009 0 3.5000000000000004 16.150000572204593 5.5000000000000009 241.50000000000003 35.500000000000007 7.5000000000000009 542.50000000000011 4.7500000000000009 3.5000000000000004 1.4499999880790713 6.5000000000000009 52.45000076293946 1.5391666293144228 3.5000000000000004
decision_type=2 2 2 2 2 2 2 2 2 2 2 2 2 2 2 1 2 2 2 2 2 2 2 2 2 2 2 2 2 2
left_child=1 3 9 7 14 21 -7 -1 13 10 11 12 29 -9 20 -5 17 -4 -15 -20 28 22 23 -6 -25 -23 -27 -19 -3 -2
right_child=2 4 16 15 5 6 -8 8 -10 -11 -12 -13 -14 18 -16 -17 -18 27 19 -21 -22 25 -24 24 -26 26 -28 -29 -30 -31
leaf_value=-0.01577810200106728 0.032754082294905881 -0.0015129178871002183 0.076827476058511243 -0.023185447820383072 0.0086361213748693197 0.019710061366370029 0.10311417839870758 -0.01190998530551138 -0.019543953638143888 -0.0086682162074524366 0.0053896298289578069 0.07317616595969606 0.0059373321882562179 -0.0011727744451749188 0.021352266192925535 0.010827935632239848 0.069604000751604417 0.020049108834626968 0.0029948694369480158 0.052136823447139408 -0.024799847288370636 0.021295720229823043 0.054791771958144192 0.013282245515906762 0.05173118470862112 0.010041831508821536 -0.018398671482867539 0.056932576350918453 0.031026220514769151 0.059533670552467485
leaf_weight=1701.872260324657 147.00960475206375 819.13439402729273 59.913085617125034 2296.2496017646044 293.85281989350915 63.751889068633318 37.403968770056963 566.31465305760503 452.2983378469944 53.775103349238634 117.47277776896954 63.723000794649124 75.157555781304836 919.92630517482758 129.43209495395422 54.064477622509003 657.84101878106594 77.851676605641842 117.99004457890987 55.499547597020864 100.10677858814597 123.74546207115054 44.826806526631117 82.118600640445948 74.674155913293362 123.64229613542557 112.86305673792958 63.305857233703136 44.093841269612312 88.953981306403875
leaf_count=10359 607 4374 263 14987 1284 301 248 3353 2583 171 478 306 274 5178 556 367 2667 223 640 348 518 701 223 375 381 661 525 242 223 394
internal_value=-0.000419139 -0.00917448 0.050736 -0.015073 0.00856385 0.0178786 0.0512575 -0.0105539 -0.00633873 0.0284327 0.0324945 0.040952 0.0341386 -0.00273053 0.000398516 -0.0223988 0.0648669 0.0491007 0.00203033 0.0189241 -0.00243602 0.0138776 0.0202953 0.0167501 0.0318057 0.00501937 -0.00355062 0.0368746 0.000183164 0.0430581
internal_weight=9618.87 8213.86 1405 6164.22 2049.65 956.879 101.156 3813.9 2112.03 546.092 492.317 374.844 311.121 1659.73 1092.77 2350.31 858.912 201.071 1093.42 173.49 963.335 855.723 495.472 450.646 156.793 360.251 236.505 141.158 863.228 235.964
internal_count=53810 48185 5625 37815 10370 4699 549 22461 12102 2230 2059 1581 1275 9519 5671 15354 3395 728 6166 988 5115 4150 2263 2040 756 1887 1186 465 4597 1001
cat_boundaries=0 1
cat_threshold=2
is_linear=0
shrinkage=0.03


Tree=17
num_leaves=31
num_cat=0
split_feature=14 21 40 41 30 5 5 47 5 6 30 4 41 42 41 3 14 43 3 40 29 10 3 3 28 41 30 3 19 28
split_gain=4446.83 723.132 712.829 198.637 170.134 152.599 123.43 219.025 103.856 88.6783 86.7951 113.08 89.9934 77.5965 77.3335 72.4974 70.921 68.1684 64.7475 82.0374 64.6836 58.8741 56.7263 55.5731 67.4358 89.5541 73.7521 50.07 79.8225 49.9869
threshold=2.5000000000000004 1.5000000000000002 1.5000000000000002 544.50000000000011 284.50000000000006 5.5000000000000009 11.500000000000002 1.0000000180025095e-35 11.500000000000002 544.50000000000011 86.500000000000014 1.5000000000000002 37.500000000000007 3.6499999761581425 14.500000000000002 5.5000000000000009 7.5000000000000009 3.5499999523162846 119.50000000000001 5.5000000000000009 9.5000000000000018 1.0000000180025095e-35 30.500000000000004 86.500000000000014 11.500000000000002 26.500000000000004 189.50000000000003 10.500000000000002 0.75000000000000011 8.5000000000000018
decision_type=2 2 2 2 2 2 2 2 2 2 2 2 2 2 2 2 2 2 2 2 2 2 2 2 2 2 2 2 2 2
left_child=2 16 3 10 6 17 14 -8 13 -5 -1 12 15 20 18 -12 -2 -6 19 27 22 23 -3 24 25 -17 -26 -4 -29 -11
right_child=1 8 4 9 5 -7 7 -9 -10 29 11 -13 -14 -15 -16 21 -18 -19 -20 -21 -22 -23 -24 -25 26 -27 -28 28 -30 -31
leaf_value=-0.015716932992732829 0.036999916899206696 0.01388079984774775 -0.0014467444443095766 -0.025933849254336627 0.042388055129475903 0.077715583915834385 0.073730455461539987 -0.0094492913363741909 0.058461031292125751 -0.016845721403383619 -0.0033765286749698636 -0.020027802857363775 -0.011486349269564922 0.043969322338234453 -0.0096513743249543402 0.068973300167679982 0.063905515317510611 -0.0065598183145000278 -0.023331027117402214 0.033680743836350072 0.023222799468882664 0.041309999419757992 -0.015122573403015878 -0.019081429070439648 -0.011898087386855025 0.0091244138417471768 0.0312383987474616 0.042999657754363506 0.0069651513996645186 0.0038146328714834979
leaf_weight=1672.8535516560078 103.99072356894612 176.99649191647768 519.77030136436224 1524.0119342114776 44.864864390343428 52.793950896710157 58.72861622273922 54.088501896709204 65.029215648770332 527.15471671149135 649.1438710168004 444.82066556811333 678.38925424776971 97.492151726037264 396.23125130310655 38.07505015656352 837.11494668573141 57.461056292057037 63.963798180222511 97.019450280815363 382.99345673248172 56.189081881195307 91.136578548699617 54.642923820763826 107.99617694318295 53.903172995895147 52.032202761620283 64.011275313794613 375.67649288848042 131.26324521377683
leaf_count=10376 409 740 2602 10455 243 322 337 211 298 3280 3455 2623 4220 445 2207 266 3334 279 285 424 1505 350 337 269 562 327 313 378 1904 878
internal_value=-4.70658e-05 0.0430757 -0.00978371 -0.0147411 0.00685595 0.0367747 0.00398702 0.0341185 0.0223232 -0.0219572 -0.0106008 -0.00658701 -0.00304032 0.0191103 0.00172469 0.00262729 0.0609749 0.0151039 0.00575273 0.00753398 0.0153265 0.0133483 0.00400319 0.00810709 0.0140545 0.0343747 0.00223436 0.00485773 0.0122969 -0.0127273
internal_weight=9529.84 1754.75 7775.09 5990.48 1784.61 155.12 1629.49 112.817 813.648 2182.43 3808.05 2135.19 1690.37 748.619 1516.67 1011.98 941.106 102.326 1120.44 1056.48 651.127 362.839 268.133 306.65 252.007 91.9782 160.028 959.458 439.688 658.418
internal_count=53634 7068 46566 37374 9192 844 8348 548 3325 14613 22761 12385 9762 3027 7800 5542 3743 522 5593 5308 2582 2087 1077 1737 1468 593 875 4884 2282 4158
is_linear=0
shrinkage=0.03


Tree=18
num_leaves=31
num_cat=0
split_feature=41 40 15 41 29 41 8 15 30 6 39 4 30 41 45 28 29 28 30 28 28 40 47 39 41 47 47 28 28 47
split_gain=4113.93 748.426 679.047 187.457 157.346 113.421 101.707 100.239 99.035 77.3191 74.2429 67.1388 94.8782 65.8634 60.3926 52.7605 60.4999 51.7701 64.8308 51.1985 50.5668 66.7288 106.325 59.4042 48.6229 50.3419 47.0768 50.4883 44.7653 44.6285
threshold=1.5000000000000002 1.5000000000000002 26.500000000000004 544.50000000000011 15.500000000000002 5.5000000000000009 47.500000000000007 6.5000000000000009 643.50000000000011 544.50000000000011 2.1979471445083623 1.5000000000000002 86.500000000000014 51.500000000000007 49.95000076293946 48.500000000000007 35.500000000000007 39.500000000000007 16.500000000000004 98.500000000000014 246.50000000000003 24.500000000000004 1.5000000000000002 1.0531180500984194 6.5000000000000009 53.500000000000007 4.5000000000000009 30.500000000000004 1.5000000000000002 35.500000000000007
decision_type=2 2 2 2 2 2 2 2 2 2 2 2 2 2 2 2 2 2 2 2 2 2 2 2 2 2 2 2 2 2
left_child=2 3 10 7 24 8 20 11 15 -5 17 12 -2 28 -11 16 -6 18 -1 -19 21 22 23 -4 25 26 -3 -28 -14 -7
right_child=1 4 6 9 5 29 -8 -9 -10 14 -12 -13 13 -15 -16 -17 -18 19 -20 -21 -22 -23 -24 -25 -26 -27 27 -29 -30 -31
leaf_value=-0.0098832085406627898 -0.015251523449398905 0.0038261191782837057 0.020025968231024847 -0.025842591177269118 0.01905533399637618 0.01214646825748719 0.01858400979641596 0.035490945253824221 0.067401459891876528 -0.016651337114442086 0.03768954510730145 -0.020630331167819035 -0.0092960618912753881 -0.0149974639232772 0.012324084292315126 -0.0038157438529444645 0.057359835569556511 -0.010729698944388601 0.025389111558643814 0.021964030483237432 0.085603175654271876 0.06448021635254951 0.070322969118322823 0.05343445759351987 -0.0063192047760843063 -0.020300486714943236 0.0074939149279376685 0.047038470747760797 0.0029669002818260124 -0.011989876104413206
leaf_weight=53.346777904778719 1441.5155929494649 349.52657651901245 122.35169965028763 1498.0592672731727 125.64392790570855 419.37467254698277 57.333755888044834 40.434879802167416 55.953562933951616 581.10875860229135 165.87531667202711 600.93211035430431 400.63496603444219 412.28343157097697 72.11197866871953 51.198882408440113 52.774804435670376 113.28267753869295 360.61119390651584 68.226501442492008 68.827440477907658 543.04837746918201 110.24712082743645 80.011329807341099 615.94873989745975 56.907088216394186 63.551621410995722 53.255359787493944 803.7530270293355 81.637727659195662
leaf_count=232 9129 1535 372 10529 560 2164 208 248 281 3679 661 3650 2238 2571 479 197 294 408 1616 269 333 2166 467 298 3452 207 298 277 4605 392
internal_value=-0.000365153 -0.00970328 0.0412758 -0.0150421 0.00651629 0.0168269 0.0577564 -0.0109422 0.031885 -0.0220842 0.0199747 -0.0114649 -0.00965772 -0.00466362 -0.0134387 0.0229756 0.030642 0.0149851 0.0208307 0.00161238 0.0601631 0.0580192 0.0466256 0.033433 -0.000611458 0.00610683 0.00936588 0.0257696 -0.00111665 0.00819751
internal_weight=9519.77 7776.61 1743.16 5850.83 1925.77 786.584 981.82 3699.55 285.571 2151.28 761.342 3659.12 3058.19 1616.67 653.221 229.618 178.419 595.467 413.958 181.509 924.486 855.659 312.61 202.363 1139.19 523.241 466.334 116.807 1204.39 501.012
internal_count=53815 46785 7030 37128 9657 3888 3844 22441 1332 14687 3186 22193 18543 9414 4158 1051 854 2525 1848 677 3636 3303 1137 670 5769 2317 2110 575 6843 2556
is_linear=0
shrinkage=0.03


Tree=19
num_leaves=31
num_cat=2
split_feature=14 40 41 49 6 29 30 41 30 30 40 11 30 20 29 41 41 49 4 19 43 3 15 2 27 3 38 30 3 3
split_gain=3871.28 639.511 592.131 170.667 152.983 99.316 88.9475 86.4652 92.3693 81.893 80.1907 113.937 60.3853 59.4727 55.5468 49.8518 48.9357 56.8615 48.2641 47.8928 44.8162 43.5309 53.214 39.4928 36.4295 73.434 36.2669 33.2933 32.044 31.4751
threshold=2.5000000000000004 8.5000000000000018 21.500000000000004 0 21.500000000000004 13.500000000000002 26.500000000000004 1.0000000180025095e-35 205.50000000000003 166.50000000000003 1.5000000000000002 3.5000000000000004 643.50000000000011 4.2800602912902841 13.500000000000002 3.5000000000000004 89.500000000000014 1 1.5000000000000002 7.0166666507720956 2.2500000000000004 43.500000000000007 5.5000000000000009 3.5000000000000004 2.5000000000000004 1.5000000000000002 0.21428572386503222 106.50000000000001 15.500000000000002 3.5000000000000004
decision_type=2 2 2 1 2 2 2 2 2 2 2 2 2 2 2 2 2 1 2 2 2 2 2 2 2 2 2 2 2 2
left_child=2 7 3 5 -4 15 -3 8 27 16 13 12 -12 18 -9 28 -6 -18 29 23 -10 22 -17 -8 26 -26 -11 -2 -1 -7
right_child=1 6 4 -5 9 10 19 14 20 24 11 -13 -14 -15 -16 21 17 -19 -20 -21 -22 -23 -24 -25 25 -27 -28 -29 -30 -31
leaf_value=0.00088936628025401687 0.037495001825126995 0.019945157804108729 -0.024493162936348345 -0.025910367268128818 -0.012448530534528431 -0.0059371346944658504 0.056230562737081123 0.0044564173834708782 0.0037601739345990755 -0.010249076966473338 0.0081817303709912897 0.049782462176404023 0.038691500774581042 0.032098842087615029 0.023863983628467134 -0.0067694150117321439 -0.022957716818540308 0.013314354527897997 -0.020894616400676067 0.061938068151817932 0.034085225472119174 -0.018347173690151462 0.012315936634541438 0.026336786189433324 0.041964468548404042 -0.0043555545521216672 0.01096954977899977 0.067827816803803384 0.022038321308313534 0.010663078194822153
leaf_weight=194.30212695524096 84.31591759994626 58.888015374541283 1462.3673599585891 199.99208969436586 1659.3538766447455 227.10337736457586 95.444995045661926 306.66843497753143 94.751248769462109 562.12302291579545 665.80587423220277 73.832195423543453 63.139283519238234 46.008578673005104 233.78978262469172 675.12699051573873 826.74890911020339 40.193000514060259 107.94403864070773 711.49410189688206 81.115968130528927 208.82538142800331 162.26321250572801 73.022469058632851 42.083721488714218 107.52172318845987 82.37443078123033 59.237031914293766 95.567909702658653 186.15817335620522
leaf_count=929 308 176 10339 1329 10504 1127 365 1296 289 3434 3119 391 335 218 980 3763 5477 277 565 2812 297 1110 860 219 318 681 568 273 455 983
internal_value=-0.000648956 0.0389589 -0.00991869 0.000761848 -0.0164071 0.0027419 0.0560703 0.0202326 0.0325936 -0.0128396 0.00841477 0.0145097 0.0108738 -0.000221785 0.0128803 -0.00307688 -0.0154805 -0.0212627 -0.00313084 0.0584625 0.0178608 -0.00612667 -0.00306092 0.0435049 -0.00442911 0.0088663 -0.00752429 0.0503945 0.00791381 0.0015483
internal_weight=9487.56 1798.73 7688.84 2906.07 4782.77 2706.08 938.85 859.878 319.42 3320.4 1369.99 802.777 728.945 567.214 540.458 1336.09 2526.3 866.942 521.206 879.962 175.867 1046.22 837.39 168.467 794.103 149.605 644.497 143.553 289.87 413.262
internal_count=53797 7015 46782 15184 31598 13855 3572 3443 1167 21259 6738 3845 3454 2893 2276 7117 16258 5754 2675 3396 586 5733 4623 584 5001 999 4002 581 1384 2110
cat_boundaries=0 1 2
cat_threshold=2 2
is_linear=0
shrinkage=0.03


Tree=20
num_leaves=31
num_cat=0
split_feature=41 40 40 41 29 11 6 15 3 30 4 3 30 30 45 43 44 45 11 3 41 45 45 43 15 22 30 29 3 45
split_gain=3472.95 626.901 602.847 178.201 122.437 165.299 98.7362 95.9859 81.7322 74.644 100.584 66.9796 124.929 214.323 68.6668 65.8412 86.7641 59.4763 57.231 123.789 101.873 56.1075 80.0257 53.2342 51.8585 49.7667 47.313 44.1805 62.4821 56.2274
threshold=1.5000000000000002 9.5000000000000018 1.5000000000000002 78.500000000000014 15.500000000000002 3.5000000000000004 82.500000000000014 6.5000000000000009 11.500000000000002 91.500000000000014 1.5000000000000002 86.500000000000014 643.50000000000011 4148.5000000000009 71.549999237060561 8.9499998092651385 0.15000000223517421 51.750000000000007 1.0000000180025095e-35 5.5000000000000009 25.500000000000004 61.750000000000007 14.550000190734865 0.75000000000000011 5.5000000000000009 16.500000000000004 1473.5000000000002 50.500000000000007 91.500000000000014 2.5499999523162846
decision_type=2 2 2 2 2 2 2 2 2 2 2 2 2 2 2 2 2 2 2 2 2 2 2 2 2 2 2 2 2 2
left_child=1 15 3 7 -4 11 -5 9 -7 -2 18 12 14 -14 -6 24 -17 -8 27 25 -21 22 -22 -16 -1 -20 -26 -11 29 -29
right_child=2 -3 4 6 5 8 17 -9 -10 10 -12 -13 13 -15 23 16 -18 -19 19 20 21 -23 -24 -25 26 -27 -28 28 -30 -31
leaf_value=0.0081790557191506463 -0.015100066665938661 0.055627371124436782 -0.00097092905084050904 -0.024865580867409084 0.0028996461134448907 0.026526352108133151 -0.014866436894755027 0.035577131669478623 0.085167119523829243 -0.011151765906054168 -0.019971548623726878 -0.01601843034068258 0.09460853573293343 -0.0017051914232478036 0.010456773625807004 0.012267987624476505 0.059544370920208312 0.0098725222362249735 -0.0081263645245774948 0.057695248591638819 -0.0040634624795446595 -0.0099811824498652127 0.058553256203830659 0.05694578316171367 0.027718008931681293 0.027584518687943805 -0.0019559615820599107 -0.016546026583028416 -0.029735309740263664 0.025965880960034503
leaf_weight=358.29054847732186 1527.4654737859964 870.4011248126626 1146.6953780688345 1532.1281224265695 462.054791521281 49.603842783719301 636.72974532656372 40.757577236741781 38.531895980238914 659.10721737146378 372.43382867053151 81.286390852183104 41.10720232874155 41.012143552303314 49.878980748355389 63.101545546203852 79.099115880206227 100.65376202762127 374.70517098158598 56.624438911676407 35.545899307355285 65.393808711320162 36.746942708268762 39.731225997209549 361.59360752999783 37.765874233096838 55.654000669717789 37.457073632627726 34.769631497561932 103.59436655417085
leaf_count=1582 9875 3317 5799 11197 2135 254 4175 243 206 3882 2300 377 237 166 237 237 379 675 2070 347 223 386 279 236 1332 258 170 199 164 661
internal_value=-0.000209393 0.0373966 -0.00905908 -0.0140207 0.00532214 0.0142965 -0.0205237 -0.00965248 0.0528313 -0.0102146 -0.00609515 0.00947973 0.0127701 0.0470656 0.00758904 0.0200645 0.0387976 -0.0114807 -0.00249913 0.00450802 0.0241854 0.0100876 0.0281297 0.03147 0.0165841 -0.00479787 0.0237648 -0.00759085 0.00574565 0.0146396
internal_weight=9389.92 1788.14 7601.78 5651.88 1949.9 803.206 2269.51 3382.37 88.1357 3341.61 1814.14 715.071 633.784 82.1193 551.665 917.739 142.201 737.384 1441.71 606.782 194.311 137.687 72.2928 89.6102 775.538 412.471 417.248 834.928 175.821 141.051
internal_count=53598 7017 46581 36934 9647 3848 16047 20887 460 20644 10769 3388 3011 403 2608 3700 616 4850 8469 3563 1235 888 502 473 3084 2328 1502 4906 1024 860
is_linear=0
shrinkage=0.03


Tree=21
num_leaves=31
num_cat=0
split_feature=14 41 21 29 6 5 42 45 5 45 30 45 5 44 44 6 19 45 41 45 45 5 15 45 28 41 30 45 9 28
split_gain=3468.98 610.713 521.007 159.187 142.009 93.4411 89.1359 84.3772 152.27 87.1185 74.6236 92.6681 70.2188 69.3516 64.8639 60.9414 69.578 76.2342 51.9743 51.9431 89.905 80.9745 52.5491 51.6085 88.521 49.6312 42.8527 40.3987 38.0387 86.1156
threshold=2.5000000000000004 21.500000000000004 1.5000000000000002 13.500000000000002 21.500000000000004 11.500000000000002 3.5499999523162846 1.4499999880790713 12.500000000000002 6.4500000476837167 166.50000000000003 6.0499999523162851 1.0000000180025095e-35 0.25000000745058065 0.35000000894069677 7.5000000000000009 15.816666603088381 21.750000000000004 89.500000000000014 6.0499999523162851 35.250000000000007 4.5000000000000009 4.5000000000000009 18.000000000000004 8.5000000000000018 3.5000000000000004 2.5000000000000004 -1.1546319456101626e-14 1.5000000000000002 507.00000000000006
decision_type=2 2 2 2 2 2 2 2 2 2 2 2 2 2 2 2 2 2 2 2 2 2 2 2 2 2 2 2 2 2
left_child=1 3 15 12 -3 6 19 27 9 13 18 -12 -1 -9 -11 16 17 -2 -6 21 -21 -4 -22 24 -13 -14 -20 -5 -24 -30
right_child=2 4 5 7 10 -7 -8 8 -10 14 11 23 25 -15 -16 -17 -18 -19 26 20 22 -23 28 -25 -26 -27 -28 -29 29 -31
leaf_value=-0.02072072197008441 0.056864491365156596 -0.024009941948702936 0.051378073007157583 0.016276002045565081 -0.011965731286706138 0.052813688146054034 0.042135515064839625 0.059452329123376467 0.067179348538800684 0.000705565142955316 -0.017730795191774496 -0.0077143889743858272 0.0088340226777871237 0.012460517964768802 0.016097782576056489 0.058046503702706247 0.054590979727119862 0.017258868917297374 0.002799567271792387 -0.0053608955983019757 -0.005492650290947948 0.0083224555827271906 0.0031820164205600483 -0.00033117142017210631 0.060824998013271375 -0.0055375087935611534 -0.023104958039671046 -0.014618275586366886 0.04516996964551992 -0.001590908578242225
leaf_weight=221.98816604539752 63.513360541313887 1390.1101663280278 70.653968445956707 47.668383095413446 1627.4326866641641 69.278952643275261 106.10823940113187 53.159668833017349 42.539731409400702 588.34268544241786 293.63136043958366 32.314969500526786 273.62211240455508 60.54229773953557 423.07763797044754 566.20741295069456 213.99617375433445 140.42719358950853 61.857279069721699 241.59356109052896 60.202821422368288 88.140985492616892 51.74054991453886 420.28051685541868 34.229896724224091 1017.4395987950265 774.03947917930782 175.73915261030197 129.26810137182474 48.603725001215935
leaf_count=1468 258 10268 335 252 10533 298 456 332 224 2732 1881 202 1307 303 2120 2217 840 437 420 803 259 323 143 2604 278 5663 5327 817 559 169
internal_value=-0.000192892 -0.00922749 0.0366099 0.00155887 -0.0159863 0.0195992 0.0166469 0.00888086 0.0121115 0.00997165 -0.0125415 -0.00445029 -0.00517425 0.0347576 0.00715368 0.0515363 0.0425989 0.0298106 -0.0151021 0.0126732 0.00814492 0.0276812 0.0193833 0.00357984 0.02792 -0.00248719 -0.0211869 -0.00798322 0.0259011 0.032455
internal_weight=9387.75 7538.02 1849.74 2904.12 4633.9 865.591 796.312 1391.07 1167.66 1125.12 3243.79 780.457 1513.05 113.702 1011.42 984.144 417.937 203.941 2463.33 690.204 531.409 158.795 289.815 486.825 66.5449 1291.06 835.897 223.408 229.612 177.872
internal_count=53828 46731 7097 15218 31513 3345 3047 6780 5711 5487 21245 4965 8438 635 4852 3752 1535 695 16280 2591 1933 658 1130 3084 480 6970 5747 1069 871 728
is_linear=0
shrinkage=0.03


Tree=22
num_leaves=31
num_cat=0
split_feature=14 15 40 30 2 14 37 20 30 30 45 5 45 3 45 38 21 3 30 10 40 3 3 29 3 15 2 3 28 43
split_gain=3154.43 580.159 546.452 173.11 159.621 109.509 101.785 83.5542 75.6471 60.8047 110.038 58.5102 108.209 57.0772 73.1786 86.5384 69.8394 54.6733 58.3234 58.0507 52.8943 50.8076 46.3673 39.8361 38.7223 38.2519 68.8232 102.145 35.5299 34.8633
threshold=2.5000000000000004 1.0000000180025095e-35 8.5000000000000018 2.5000000000000004 1.0000000180025095e-35 1.0000000180025095e-35 3.5000000000000004 0.52079570293426525 643.50000000000011 166.50000000000003 6.0499999523162851 12.500000000000002 9.4499998092651385 15.500000000000002 3.1499999761581425 0.35714286565780645 5.5000000000000009 12.500000000000002 386.50000000000006 1.0000000180025095e-35 25.500000000000004 42.500000000000007 6.5000000000000009 15.500000000000002 9.5000000000000018 2.5000000000000004 2.5000000000000004 12.500000000000002 46.500000000000007 10.34999990463257
decision_type=2 2 2 2 2 2 2 2 2 2 2 2 2 2 2 2 2 2 2 2 2 2 2 2 2 2 2 2 2 2
left_child=1 4 7 22 9 11 20 23 13 -1 -11 21 -13 -7 -15 16 -16 18 -12 -20 -4 25 -3 -2 -9 26 27 28 -5 -27
right_child=2 3 6 5 -6 8 -8 24 -10 10 17 12 -14 14 15 -17 -18 -19 19 -21 -22 -23 -24 -25 -26 29 -28 -29 -30 -31
leaf_value=-0.014606852031540666 0.0032711793979579881 -0.026104600271747394 0.026384115943308785 -0.0053090227981368188 -0.024368667032134372 0.0025072052709140267 0.056738186435786417 0.046516400261981172 0.037860447236296814 -0.018879664126767969 0.0056117063083338881 -0.013160933257792235 0.058129225049768689 -0.010645083142809203 0.015165321019622539 0.0086361884924868251 0.058957180837967062 -0.010357205619025086 0.060818295848104692 0.0054250925510211856 0.056884711940039995 -0.012676753220921677 0.011665106099113384 0.020260734203177568 0.023406270455600533 0.008534105203939291 -0.021534930846284172 0.036853253229452682 0.024456173763675326 -0.010959308994956058
leaf_weight=1899.5163727812469 308.35105105116963 259.4965453427285 195.82550369948149 671.81450962647796 1492.1035125460476 714.74918244406581 691.42182011902332 85.060294087976217 78.170627914369106 250.65920140780509 175.19911786727607 36.519154045730829 38.6263790987432 69.304376576095819 56.719020929187536 163.83206461369991 79.670578002929688 111.21178326383233 40.385284814983606 29.290146104991436 70.518456906080246 391.74794738739729 32.378676004707813 207.53403935581446 297.20756859704852 500.90453525260091 170.69546191766858 59.62255946174264 37.155982039868832 97.939155224710703
leaf_count=12797 1267 1801 598 3791 11338 3329 2715 356 368 1631 1152 188 215 264 240 700 440 662 310 182 270 2196 188 825 1015 2809 1016 394 234 475
internal_value=-0.000107906 -0.00881833 0.0348794 0.000177867 -0.0165998 0.00221756 0.0506361 0.0180394 0.00953936 -0.0119668 -0.00369127 -0.00203001 0.0237659 0.00746455 0.0170206 0.0234212 0.0409888 0.00702319 0.0149267 0.0379384 0.0346422 -0.00304624 -0.0218892 0.0101318 0.0286566 -0.000586791 -0.00436265 -0.000525862 -0.00371683 0.00533306
internal_weight=9313.63 7457.71 1855.92 3459.35 3998.37 3167.47 957.766 898.153 1162.45 2506.26 606.746 2005.03 75.1455 1084.28 369.526 300.222 136.39 356.086 244.875 69.6754 266.344 1929.88 291.875 515.885 382.268 1538.13 939.289 768.593 708.97 598.844
internal_count=53766 46720 7046 18648 28072 16659 3583 3463 5341 16734 3937 11318 403 4973 1644 1380 680 2306 1644 492 868 10915 1989 2092 1371 8719 5435 4419 4025 3284
is_linear=0
shrinkage=0.03


Tree=23
num_leaves=31
num_cat=0
split_feature=40 41 41 37 41 40 5 15 30 6 15 30 15 30 6 11 29 29 19 42 29 28 40 28 11 22 45 39 18 40
split_gain=2933.7 935.474 164.296 163.863 151.208 114.564 100.828 98.0551 82.1934 77.2692 76.435 70.6399 130.355 59.5643 74.9025 59.6181 81.0235 64.6084 58.7213 57.5722 58.1605 54.1038 61.6275 48.3155 57.1504 53.4425 44.5686 42.9533 43.1238 39.3248
threshold=7.5000000000000009 14.500000000000002 544.50000000000011 3.5000000000000004 1.0000000180025095e-35 1.5000000000000002 12.500000000000002 4.5000000000000009 24.500000000000004 544.50000000000011 70.500000000000014 643.50000000000011 14.500000000000002 107.50000000000001 14.500000000000002 1.0000000180025095e-35 50.500000000000007 479.00000000000006 4.1499998569488534 1.9499999880790713 6.5000000000000009 3.5000000000000004 16.500000000000004 8.5000000000000018 2.5000000000000004 28.500000000000004 68.200000762939467 0.24103302508592608 5.5000000000000009 4.5000000000000009
decision_type=2 2 2 2 2 2 2 2 2 2 2 2 2 2 2 2 2 2 2 2 2 2 2 2 2 2 2 2 2 2
left_child=1 4 13 8 -1 7 10 -6 -2 -4 11 29 -13 -3 -15 16 -16 19 -14 20 -17 22 -10 -11 25 -25 -22 28 -23 -7
right_child=3 2 9 -5 5 6 -8 -9 21 23 -12 12 18 14 15 17 -18 -19 -20 -21 26 27 -24 24 -26 -27 -28 -29 -30 -31
leaf_value=0.020377299422979916 -0.0018272274969098371 -0.013988649467352654 -0.025242590422152249 0.054017004066475777 -0.0079848371204813487 0.0035439861549417455 0.040089321248288921 0.035133219422584447 0.0021934352690080945 -0.01670322572245064 -0.019112109111051569 0.06263966601437472 -0.01270061657045661 -0.019757185295529497 -0.013707317880829392 0.04120363216945825 0.011017836625505987 -0.023901903929882538 0.028442501670698575 -0.0072768688499083647 0.0042631070935989926 0.079334151617553736 0.041129943067467124 0.051286753732976434 -0.016218416800642677 -0.0024077103149001003 0.039624337560681067 0.030408352075114924 0.03846085398324299 0.01979746375052905
leaf_weight=580.10363527387381 62.286984771490097 1710.1161082610488 1342.3221137449145 713.58747591078281 810.51996219530702 1092.3657752182335 83.047410402446985 49.434332296252251 72.979273915290833 481.39116973802447 98.474984465166926 57.118012350052595 61.195534281432629 279.16458362154663 541.84943436458707 64.45585660636425 152.05755988135934 59.816605150699615 61.842447683215141 136.33857124857605 219.57661121711135 50.82116673886776 72.602436274290085 31.064080417156219 63.601746134459972 34.599294058978558 36.635403372347355 86.735137052834034 48.663912273943424 151.83215349167585
leaf_count=2134 183 11399 10520 2779 4475 5357 383 240 205 3251 428 271 194 1918 3294 474 943 312 248 785 1301 239 251 256 402 233 255 271 165 662
internal_value=-0.000376339 -0.00656906 -0.014359 0.0454262 0.00660997 0.00336416 0.00809444 -0.00546827 0.0297732 -0.0212159 0.00632443 0.0080952 0.0256021 -0.0101688 -0.00577794 -0.00254102 -0.00828118 0.00516704 0.00804169 0.00901569 0.0159439 0.0356931 0.0217594 -0.0123378 0.00392286 0.0233824 0.00945376 0.0464116 0.0599224 0.00554174
internal_weight=9306.6 8198.92 5152.99 1107.68 3045.93 2465.83 1605.88 859.954 394.089 1952.98 1522.83 1424.35 180.156 3200.01 1489.89 1210.73 693.907 516.823 123.038 457.006 320.668 331.802 145.582 610.656 129.265 65.6634 256.212 186.22 99.4851 1244.2
internal_count=53828 49735 35343 4093 14392 12258 7543 4715 1314 14662 7160 6732 713 20681 9282 7364 4237 3127 442 2815 2030 1131 456 4142 891 489 1556 675 404 6019
is_linear=0
shrinkage=0.03


Tree=24
num_leaves=31
num_cat=2
split_feature=14 41 21 49 6 29 42 47 30 47 15 3 11 5 3 30 11 28 3 11 43 3 29 46 41 19 2 41 49 3
split_gain=2778.4 519.294 473.676 152.408 132.258 86.9003 80.7793 69.0107 67.5829 67.7304 62.4907 62.326 114.788 55.0009 58.8664 68.7862 222.151 61.0448 83.1139 62.4357 74.324 56.3789 52.3165 59.5437 43.8413 41.3372 41.2931 40.8836 77.148 40.3413
threshold=2.5000000000000004 21.500000000000004 1.5000000000000002 0 21.500000000000004 13.500000000000002 3.6499999761581425 55.500000000000007 166.50000000000003 8.5000000000000018 29.500000000000004 1.5000000000000002 2.5000000000000004 12.500000000000002 91.500000000000014 746.50000000000011 1.5000000000000002 29.500000000000004 25.500000000000004 1.0000000180025095e-35 8.1500000953674334 51.500000000000007 13.500000000000002 3.5000000000000004 3.5000000000000004 5.3500001430511483 54.500000000000007 89.500000000000014 1 43.500000000000007
decision_type=2 2 2 1 2 2 2 2 2 2 2 2 2 2 2 2 2 2 2 2 2 2 2 10 2 2 2 2 1 2
left_child=1 3 10 5 -3 24 22 13 27 11 25 12 -10 14 15 17 -17 18 19 -7 -21 -20 -4 -24 -1 -2 -12 -6 -29 -26
right_child=2 4 6 -5 8 7 -8 -9 9 -11 26 -13 -14 -15 -16 16 -18 -19 21 20 -22 -23 23 -25 29 -27 -28 28 -30 -31
leaf_value=0.0078726366997197497 0.044664300112941584 -0.023032092834535865 0.0045452586298802304 -0.0250485490477707 -0.011324485205209579 0.00025633789690711838 0.03916460151362141 -0.013158055308145556 0.056878709140229716 -0.015276767037422563 0.052026609148694003 -0.003078544513059514 -0.0032440603384502084 0.0396958315134621 -0.01433160739612286 0.077774177879202239 -0.0022755241141676542 -0.0027972733842383407 0.065641600056121754 0.012492195321601654 0.054469457293695366 0.019250856451493555 0.024506278767081936 -0.0077240834914546249 -0.0022866947627241197 0.012269905393401597 0.029282235533239751 -0.021824963659756599 0.021308662892627134 -0.017014766382558433
leaf_weight=292.44587733969092 68.536282617598772 1291.4225797373801 356.52918806672096 183.52890622615814 1580.6285644229501 333.56760609522462 123.02289041876793 122.08398042619228 48.385123785585165 290.28244726918638 757.68930487334728 361.33995871804655 67.6004883274436 54.177892453968525 89.044363092631102 53.128238450735807 73.532861549407244 311.13654472306371 40.018436416983604 225.92713505029678 44.902120932936668 58.393725957721472 373.14996016770601 59.359890341758728 830.77660663984716 74.48346746340394 84.235875621438026 751.80012980848551 38.496701277792454 208.74568817391992
leaf_count=1366 251 10199 1330 1330 10583 1596 501 583 375 1938 2932 2238 407 242 430 300 332 1440 239 1080 251 282 1368 164 4657 245 290 5471 276 1155
internal_value=-0.000123152 -0.00847675 0.0322365 0.00134181 -0.0149506 0.00311934 0.016631 0.00831899 -0.011619 -0.00387573 0.0466556 0.00307518 0.0221089 0.01037 0.00904668 0.0108827 0.0316477 0.00826016 0.0131523 0.0089542 0.0196266 0.0385858 0.0130726 0.0200752 -0.0023711 0.0279959 0.0497884 -0.0141233 -0.0196996 -0.00525774
internal_weight=9248.37 7351.37 1897.01 2921.41 4429.96 2737.88 912.062 1405.91 3138.53 767.608 984.945 477.326 115.986 1283.83 1229.65 1140.61 126.661 1013.95 702.809 604.397 270.829 98.4122 789.039 432.51 1331.97 143.02 841.925 2370.93 790.297 1039.52
internal_count=53851 46770 7081 15283 31487 13953 3363 6775 21288 4958 3718 3020 782 6192 5950 5520 632 4888 3448 2927 1331 521 2862 1532 7178 496 3222 16330 5747 5812
cat_boundaries=0 1 2
cat_threshold=2 2
is_linear=0
shrinkage=0.03


Tree=25
num_leaves=31
num_cat=1
split_feature=40 41 40 49 6 41 5 2 28 29 14 3 41 1 19 19 5 3 11 2 40 43 11 44 43 3 3 44 41 5
split_gain=2624.74 606.922 309.858 143.374 130.687 121.334 108.734 119.201 92.6256 81.8221 76.5308 91.2564 63.8312 60.7478 64.8598 59.0006 87.4935 60.0376 133.151 219.89 69.625 60.2607 53.3473 87.3348 71.1143 52.4646 143.103 52.0297 48.6399 48.6385
threshold=4.5000000000000009 17.500000000000004 23.500000000000004 0 17.500000000000004 1.0000000180025095e-35 14.500000000000002 69.500000000000014 111.50000000000001 57.500000000000007 30.500000000000004 21.500000000000004 544.50000000000011 11.500000000000002 8.3833332061767596 1.8500000238418581 11.500000000000002 5.5000000000000009 1.0000000180025095e-35 2.5000000000000004 1.5000000000000002 5.1499998569488534 1.0000000180025095e-35 1.8499999642372134 1.0500000119209292 15.500000000000002 74.500000000000014 1.9499999880790713 75.500000000000014 6.5000000000000009
decision_type=2 2 2 1 2 2 2 2 2 2 2 2 2 2 2 2 2 2 2 2 2 2 2 2 2 2 2 2 2 2
left_child=1 3 6 5 -3 -1 7 8 10 12 11 27 -6 15 -15 16 17 -7 20 21 -19 -20 23 -11 28 -22 -27 -2 -24 -13
right_child=2 4 -4 -5 9 13 -8 -9 -10 22 -12 29 -14 14 -16 -17 -18 18 19 -21 25 -23 24 -25 -26 26 -28 -29 -30 -31
leaf_value=0.018910068895532362 0.022564328860237879 -0.022698726239586367 0.052102139407445743 -0.024337610931523698 -0.0097949419143457863 -0.004083801714993813 0.060704779936623286 -0.008233017461939246 0.062353644080751648 0.0037662964615717436 0.04786152081675691 -0.0099104849527448195 -0.018937226505682098 0.035646636125260776 -0.0016494444416449488 -0.0067686941438328341 0.04317143757546537 -0.014479927580520191 0.092279676570029626 0.0085928640985679719 0.00074210824855360132 0.037357393830127546 0.049844089592454066 0.061580443583319822 -0.015144858198861253 0.06454176966192926 -0.014102033091012978 0.051885930694079332 -0.00479931658399482 0.016240685761700679
leaf_weight=454.20558670908213 243.22303745895624 1194.5198348946869 618.52908234298229 160.55086770839989 2114.2951584905386 667.95379873737693 68.106877788901329 105.95409018546343 56.671786513179541 97.527816660702229 92.132140465080738 109.21912102401257 1021.4594339057803 94.528029222041368 74.693205192685127 668.00442920252681 48.425170358270407 206.45898716151714 41.047858905047178 213.08207323402166 246.06014779955149 35.293224856257439 28.569439180195332 30.049706591293216 185.51022363081574 44.048124004155397 38.169430430978537 70.757240395992994 28.760480402037501 151.90551179647446
leaf_count=1665 841 9534 2446 1134 14018 3420 299 468 237 613 345 285 7583 406 267 3136 257 1099 293 1049 1205 188 207 245 1094 272 171 293 200 552
internal_value=-0.000294988 -0.00740671 0.0357639 0.00315356 -0.0141287 0.00472013 0.0244646 0.0214209 0.0257665 -0.0112034 0.0225703 0.0184426 -0.0127781 0.00200273 0.0192714 0.000671463 0.00389994 0.00259736 0.00801061 0.0243629 -0.000868951 0.0676999 0.00212564 0.0177569 -0.00612548 0.00770918 0.0283007 0.0293159 0.022819 0.0053065
internal_weight=9209.71 7693.21 1516.5 2992.52 4700.69 2831.97 897.97 829.863 723.909 3506.17 667.237 575.105 3135.75 2377.76 169.221 2208.54 1540.54 1492.11 824.16 289.423 534.737 76.3411 370.418 127.578 242.84 328.278 82.2176 313.98 57.3299 261.125
internal_count=53822 48056 5766 14562 33494 13428 3320 3021 2553 23960 2316 1971 21601 11763 673 11090 7954 7697 4277 1530 2747 481 2359 858 1501 1648 443 1134 407 837
cat_boundaries=0 1
cat_threshold=2
is_linear=0
shrinkage=0.03


Tree=26
num_leaves=31
num_cat=1
split_feature=40 41 40 41 49 6 41 2 28 47 5 47 30 14 6 46 30 3 30 9 45 41 3 44 6 18 28 19 15 19
split_gain=2433.86 752.832 205.933 144.778 129.845 82.7685 81.8654 79.6624 136.894 63.6546 83.8637 93.7775 62.3175 61.3699 59.5497 55.8429 51.2696 84.9542 68.3233 140.819 50.2623 49.6103 48.5623 58.5375 42.7758 86 61.282 40.6839 64.7868 85.0953
threshold=5.5000000000000009 14.500000000000002 24.500000000000004 544.50000000000011 0 544.50000000000011 1.0000000180025095e-35 95.000000000000014 122.50000000000001 55.500000000000007 12.500000000000002 49.500000000000007 86.500000000000014 26.500000000000004 14.500000000000002 1.5000000000000002 643.50000000000011 71.500000000000014 2772.0000000000005 16.500000000000004 61.750000000000007 51.500000000000007 10.500000000000002 0.15000000223517421 14.500000000000002 3.3571429252624516 5.5000000000000009 0.61666667461395275 5.5000000000000009 1.5166666507720949
decision_type=2 2 2 2 1 2 2 2 2 2 2 2 2 2 2 8 2 2 2 2 2 2 2 2 2 2 2 2 2 2
left_child=1 4 7 12 6 -5 15 8 13 10 11 16 -3 22 -14 -1 27 18 19 -18 -7 -16 23 -2 25 26 -24 -8 -29 -30
right_child=2 3 -4 5 -6 20 9 -9 -10 -11 -12 -13 14 -15 21 -17 17 -19 -20 -21 -22 -23 24 -25 -26 -27 -28 28 29 -31
leaf_value=0.022633418189810451 0.014590479656355491 -0.014394007581244933 0.050788639907171695 -0.02466181262238289 -0.023023797197407471 -0.013533693833022553 0.0097143337152286093 -0.0072319772775605055 0.074236795759154039 -0.012300776161094724 0.03939179532380551 0.037362480060826979 -0.01779555010070661 0.044326743509297377 5.4966292163893409e-05 -0.0022435909375511983 0.074540361481900672 -0.017281955846007235 0.0042271670966542432 0.011459182795763986 0.018957450259959319 -0.01285282907286062 0.017791555833998905 0.053842871948565262 -0.0018551558792319538 0.0076243574815385538 0.064748910976558091 -0.006635085056579706 0.032316778117057021 0.00088916339347449571
leaf_weight=417.96042577922344 64.334529485553503 1390.3580359723419 583.27510310709476 1250.9232715666294 134.24256913363934 541.12064404413104 412.62912831455469 56.531477060168982 56.242574065923691 183.42349746450782 64.947556417435408 76.40219022706151 307.10897159390152 125.75142246484756 1051.866861069575 100.52655820176005 53.541540488600731 56.452904105186462 95.515294913202524 77.620029710233212 45.66246335580945 358.59693654067814 48.37159401923418 74.492144327610731 98.727312065660954 162.33985195681453 53.192742925137281 745.77096605673432 98.052700411528349 357.29975479096174
leaf_count=1543 192 9648 2319 10456 960 3845 2278 240 251 886 292 437 2251 465 6380 297 292 232 355 277 308 2401 173 302 265 463 252 3624 500 1581
internal_value=-0.000162122 -0.00653042 0.037449 -0.0136256 0.00567804 -0.0203007 0.00709206 0.0268799 0.0297079 0.00458264 0.00610729 0.00499238 -0.00967347 0.0256031 -0.00584609 0.0178151 0.00366959 0.015421 0.0236056 0.0375788 -0.0109773 -0.0032335 0.0208289 0.0358871 0.0149813 0.0212631 0.0427763 0.00159956 -0.00119392 0.00771257
internal_weight=9143.28 7820.02 1323.26 4945.64 2874.39 1837.71 2740.14 739.984 683.452 2221.66 2038.23 1973.28 3107.93 627.21 1717.57 518.487 1896.88 283.13 226.677 131.162 586.783 1410.46 501.458 138.827 362.632 263.904 101.564 1613.75 1201.12 455.352
internal_count=53765 48843 4922 35289 13554 14609 12594 2603 2363 10754 9868 9576 20680 2112 11032 1840 9139 1156 924 569 4153 8781 1647 494 1153 888 425 7983 5705 2081
cat_boundaries=0 1
cat_threshold=2
is_linear=0
shrinkage=0.03


Tree=27
num_leaves=31
num_cat=1
split_feature=40 41 40 49 4 41 6 3 47 47 5 5 41 29 3 30 3 3 47 3 19 47 29 3 8 42 47 9 27 27
split_gain=2349.03 670.774 198.084 191.876 156.924 135.775 135.273 122.271 66.0796 115.538 94.6932 68.8593 65.1095 63.899 64.8068 57.6123 54.959 54.1189 51.4553 66.5363 117.287 75.7561 57.3247 48.4219 49.9322 42.7556 45.3091 42.7402 57.442 59.5834
threshold=5.5000000000000009 21.500000000000004 23.500000000000004 0 7.5000000000000009 1.0000000180025095e-35 21.500000000000004 56.500000000000007 55.500000000000007 49.500000000000007 12.500000000000002 3.5000000000000004 89.500000000000014 13.500000000000002 86.500000000000014 22.500000000000004 6.5000000000000009 24.500000000000004 16.500000000000004 6.5000000000000009 0.58333334326744091 1.0000000180025095e-35 29.500000000000004 50.500000000000007 5.5000000000000009 1.8499999642372134 7.5000000000000009 1.0000000180025095e-35 8.5000000000000018 1.0000000180025095e-35
decision_type=2 2 2 1 2 2 2 2 2 2 2 2 2 2 2 2 2 2 2 2 2 2 2 2 2 2 2 2 2 2
left_child=1 3 4 5 7 25 -3 15 9 10 13 -11 -8 23 18 -2 -17 -18 19 -15 22 27 -21 24 -7 -1 -27 -22 29 -29
right_child=2 6 -4 -5 -6 8 12 -9 -10 11 -12 -13 -14 14 -16 16 17 -19 -20 20 21 -23 -24 -25 -26 26 -28 28 -30 -31
leaf_value=0.013793571840141702 0.0048720445817757646 -0.0228159312891516 0.049573145639877074 -0.025817618912399493 0.064259487962937498 -0.0021305225806266628 -0.0078241941115495522 -0.0041843655503082961 -0.012703313900914788 0.066803566664127803 0.035602559649552765 0.013372549794967515 -0.017082464886186186 0.0010860850155126145 -0.018319981670313113 0.049342251880770155 0.015302823562702596 0.042416726614858589 -0.0059928048180751953 0.024213735046482596 -0.018356786306522287 0.04664301441898086 0.079323223887906899 -0.015486977268759012 0.025248944863206568 0.047229556638012114 0.012255424785351266 0.011343436954247065 -0.0074629590698587871 0.044191237041289001
leaf_weight=377.67628493532538 82.186145085841417 1219.7030424103141 603.74021078646183 191.35556865110993 84.894902739673853 920.50943167135119 2006.8126709181815 136.39793890714645 237.74932243674994 38.742056891322136 74.826808482408524 49.253629025071859 1038.8253170289099 351.9216652084142 86.896614510565996 122.08118801563978 185.13926215097308 103.95168215408921 184.25975148752332 33.237887300550938 46.800646755844355 51.477075595408678 36.634880691766739 234.79562870413065 63.11915647238493 83.196357101202011 56.692994192242622 234.55341840162873 103.94902598485351 62.492348596453667
leaf_count=1307 240 10248 2412 1408 367 4959 13510 464 1210 253 346 249 7825 1684 409 469 568 384 823 176 169 297 238 1210 275 347 187 1031 433 344
internal_value=-0.000103404 -0.00637561 0.0369125 0.00331717 0.0261625 0.00499924 -0.0143739 0.020933 0.0023965 0.00379588 0.00259221 0.0373831 -0.0109866 0.00155322 0.00648826 0.0278716 0.0324458 0.0251651 0.00845339 0.0113467 0.0176782 0.0125227 0.0538196 -0.00327705 -0.000349731 0.0191044 0.0332432 0.0085052 0.0116782 0.018379
internal_weight=9103.87 7785.48 1318.39 3520.14 714.651 3328.78 4265.34 629.756 2811.22 2573.47 2485.47 87.9957 3045.64 2410.65 1192.22 493.358 411.172 289.091 1105.33 921.067 569.145 499.273 69.8728 1218.42 983.629 517.566 139.889 447.795 400.995 297.046
internal_count=53842 48938 4904 17355 2492 15947 31583 2125 14106 12896 12394 502 21335 12048 5604 1661 1421 952 5195 4372 2688 2274 414 6444 5234 1841 534 1977 1808 1375
cat_boundaries=0 1
cat_threshold=2
is_linear=0
shrinkage=0.03


Tree=28
num_leaves=31
num_cat=2
split_feature=14 41 21 41 49 5 5 19 40 47 5 29 43 28 28 11 19 45 40 49 47 43 39 28 4 29 45 11 29 44
split_gain=2182.98 441.755 404.865 125.238 122.936 80.146 72.4849 194.478 68.4768 72.1533 64.3397 60.2489 51.7663 64.428 49.8788 45.3657 42.9241 41.8886 64.9182 41.2022 36.1082 40.5055 35.9574 40.923 35.5743 33.536 36.0776 48.6568 98.4237 69.391
threshold=2.5000000000000004 21.500000000000004 1.5000000000000002 544.50000000000011 0 1.0000000180025095e-35 10.500000000000002 1.3833333253860476 23.500000000000004 2.5000000000000004 11.500000000000002 13.500000000000002 7.9500000476837167 621.50000000000011 286.50000000000006 1.0000000180025095e-35 6.7166664600372323 4.5499999523162851 3.5000000000000004 1 55.500000000000007 2.7500000000000004 3.0014866590499882 35.500000000000007 1.5000000000000002 16.500000000000004 8.1500000953674334 2.5000000000000004 279.50000000000006 0.75000000000000011
decision_type=2 2 2 2 1 2 2 2 2 2 2 2 2 2 2 2 2 2 2 1 2 2 2 2 2 2 2 2 2 2
left_child=1 4 8 24 6 19 11 -8 9 -2 12 16 13 14 22 -14 -1 -9 -19 -5 -13 -22 23 -4 25 -3 -27 -28 29 -29
right_child=2 3 10 5 -6 -7 7 17 -10 -11 -12 20 15 -15 -16 -17 -18 18 -20 -21 21 -23 -24 -25 -26 26 27 28 -30 -31
leaf_value=-0.0011069534114480422 0.022168182532760854 -0.01055433494486876 0.013019037490514545 -0.012849204363972074 -0.023901536050485093 -0.024390625688817336 0.066817159815923885 -0.015902544494563877 0.048377421657488227 0.049181753222385265 0.04018644962441096 0.0072006962788415283 0.012157826646540118 -0.011607943271807511 0.032258496070544158 0.046651941375226311 -0.016471580746770329 -0.0052786498406381596 0.036811063312945869 0.019557002651192649 0.0092972630547870985 -0.027939171503935271 0.030893808529522886 -0.0056410555081467069 -0.016971237740616141 -0.013063539351566554 -0.00262379068042488 0.070841790200036975 -0.021848085507665666 0.0081548971515742995
leaf_weight=1010.4617683440447 250.32828720286489 1291.2004210967571 272.07858969643712 537.72473284229636 163.70644853450358 1199.4924010597169 56.075425323098898 63.956401631236076 588.69032651185989 140.14528498798609 77.875052452087402 1192.3460709042847 73.563117913901806 118.31125900521874 96.006485283374786 64.944975253194571 194.30796134099364 73.576687291264534 58.458558823913336 36.913011994212866 47.344871003180742 57.063719008117914 57.244246125221252 171.90591261163354 462.48862614668906 197.50040468387306 384.39492797292769 34.254584040492773 31.306949332356453 29.468327445909381
leaf_count=5531 788 9168 983 3906 1295 10471 317 237 2373 551 292 5654 251 352 376 272 1022 322 244 266 255 265 192 585 3369 1318 2442 271 182 185
internal_value=-5.42718e-05 -0.0076944 0.0284072 -0.0139167 0.00127556 -0.0199768 0.00278052 0.018081 0.0418715 0.0319645 0.0142307 0.00123215 0.0118198 0.00854594 0.0125511 0.0285502 -0.0035966 0.00386867 0.0134932 -0.0107372 0.00571768 -0.011126 0.0087196 0.00579761 -0.0094869 -0.00772044 -0.00230733 0.00214169 0.0212446 0.0424265
internal_weight=9033.14 7122.04 1911.09 4204.74 2917.3 1774.13 2753.59 252.067 979.164 390.474 931.93 2501.52 854.055 715.546 597.235 138.508 1204.77 195.992 132.035 574.638 1296.75 104.409 501.229 443.985 2430.61 1968.13 676.925 479.425 95.0299 63.7229
internal_count=53735 46720 7015 31578 15142 14643 13847 1120 3712 1339 3303 12727 3011 2488 2136 523 6553 803 566 4172 6174 520 1760 1568 16935 13566 4398 3080 638 456
cat_boundaries=0 1 2
cat_threshold=2 2
is_linear=0
shrinkage=0.03


Tree=29
num_leaves=31
num_cat=1
split_feature=41 41 40 6 49 47 47 5 29 37 3 40 29 41 19 3 47 5 15 5 28 47 45 38 42 46 2 8 27 30
split_gain=2115.73 450.476 404.029 122.759 106.914 109.223 97.0806 84.246 79.5232 78.1053 73.6088 74.5571 84.2101 61.3659 58.2338 111.501 113.626 75.863 56.7656 57.183 53.8997 45.2838 48.4472 44.4463 43.483 43.4339 58.9673 53.9894 41.4309 38.0886
threshold=1.5000000000000002 17.500000000000004 8.5000000000000018 17.500000000000004 0 53.500000000000007 49.500000000000007 14.500000000000002 57.500000000000007 3.5000000000000004 84.500000000000014 4.5000000000000009 25.500000000000004 544.50000000000011 0.61666667461395275 5.5000000000000009 35.500000000000007 5.5000000000000009 2.5000000000000004 2.5000000000000004 11.500000000000002 1.5000000000000002 38.250000000000007 3.0714285373687749 6.0499999523162851 4.5000000000000009 25.500000000000004 43.500000000000007 1.0000000180025095e-35 1.0000000180025095e-35
decision_type=2 2 2 2 1 2 2 2 2 2 2 2 2 2 2 2 2 2 2 2 2 2 2 2 2 10 2 2 2 2
left_child=2 4 24 -3 5 6 7 10 13 21 11 14 23 -5 15 28 17 -17 -16 -20 -19 22 -4 -13 25 26 -1 -28 -2 -15
right_child=1 3 9 8 -6 -7 -8 -9 -10 -11 -12 12 -14 29 18 16 -18 20 19 -21 -22 -23 -24 -25 -26 -27 27 -29 -30 -31
leaf_value=0.011653681798286823 -0.0058721273624294974 -0.022105428300203522 0.00016076740066967379 -0.0092449900122473887 -0.024792803070528485 -0.01583147471354036 0.041225371409893283 0.046013999259652542 0.0025715415120795052 0.047672018222737873 -0.017003852386907312 0.01952794346239255 0.053928022251072863 0.0060458043127869987 -0.010958356849957593 0.078099678472071304 -0.016230074222179848 0.057449692830211875 0.02867727157940687 0.0011788068734648032 0.014237616226793804 0.048139818142457852 0.032443965682223234 -0.0109991644489205 0.038358793605638326 -0.0082141671499200812 0.050654712524565312 0.010555142809446095 0.022336733025428043 -0.019990524894891996
leaf_weight=716.13183261826634 227.98193937912583 1097.159766620025 71.281265549361706 2047.5188129078597 123.51351126469672 232.43445943668485 66.296430449932814 42.399753600358963 370.00358341634274 674.3813324868679 142.03111274912953 164.59893592819571 51.67071708291769 53.190810609608889 337.79767835140228 36.687177482992411 38.778523504734039 38.321099292486906 73.210728418081999 822.48039826750755 79.478797655552626 67.93980447947979 100.31568175554276 57.208389353007078 64.586115475744009 78.743287295103073 72.173307005316019 52.578041758388281 57.91597106307745 886.78536103852093
leaf_count=2660 1181 9486 164 14005 991 1101 372 183 2389 2726 670 658 239 380 1747 260 209 247 389 3798 407 255 322 173 261 246 303 174 332 7064
internal_value=-3.62556e-05 -0.00760857 0.0280678 -0.0133941 0.00233276 0.00369907 0.00573467 0.00463218 -0.0105417 0.0424237 0.0037865 0.00528106 0.0197975 -0.0121661 0.00295285 0.0118167 0.0293544 0.0408276 -0.000497194 0.00345591 0.0286601 0.0275112 0.0191122 0.0116404 0.0147076 0.0130067 0.0150013 0.0339726 -9.97595e-05 -0.0185123
internal_weight=8945.59 7047.46 1898.13 4454.66 2592.81 2469.29 2236.86 2170.56 3357.5 913.918 2128.16 1986.13 273.478 2987.49 1712.65 479.164 193.266 154.487 1233.49 895.691 117.8 239.537 171.597 221.807 984.213 919.626 840.883 124.751 285.898 939.976
internal_count=53392 46281 7111 33324 12957 11966 10865 10493 23838 3467 10310 9640 1070 21449 8570 2636 1123 914 5934 4187 654 741 486 831 3644 3383 3137 477 1513 7444
cat_boundaries=0 1
cat_threshold=2
is_linear=0
shrinkage=0.03


Tree=30
num_leaves=31
num_cat=1
split_feature=40 41 40 41 4 2 29 5 49 30 14 44 45 5 45 43 47 30 29 9 47 27 9 4 30 41 2 45 11 5
split_gain=1950.6 592.353 198.289 151.696 133.568 119.654 112.038 79.5376 66.9593 64.6866 64.6703 57.0559 56 88.6424 65.204 94.2413 52.8577 51.0568 128.862 128.607 49.63 48.2015 61.0013 65.417 115.329 48.0934 54.9352 54.3965 57.0573 59.0876
threshold=5.5000000000000009 14.500000000000002 23.500000000000004 544.50000000000011 7.5000000000000009 54.500000000000007 9.5000000000000018 1.0000000180025095e-35 0 86.500000000000014 26.500000000000004 1.0000000180025095e-35 1.8499999642372134 12.500000000000002 6.4500000476837167 0.84999999403953563 16.500000000000004 643.50000000000011 734.00000000000011 18.500000000000004 56.500000000000007 9.5000000000000018 3.5000000000000004 3.5000000000000004 119.50000000000001 37.500000000000007 6.5000000000000009 77.350002288818374 1.0000000180025095e-35 2.5000000000000004
decision_type=2 2 2 2 2 2 2 2 1 2 2 2 2 2 2 2 2 2 2 2 2 2 2 2 2 2 2 2 2 2
left_child=1 6 4 9 5 10 8 -5 -1 -3 11 -2 20 14 15 -14 17 21 19 -19 -8 22 -16 24 -24 26 27 28 -11 -30
right_child=2 3 -4 7 -6 -7 12 -9 -10 25 -12 -13 13 -15 16 -17 -18 18 -20 -21 -22 -23 23 -25 -26 -27 -28 -29 29 -31
leaf_value=-0.00020419306596152495 0.0054250299475146254 -0.013647618075576844 0.045943601153656997 -0.010664273340907325 0.058045806178008294 -0.01530096037912719 0.0065752215909048624 -0.024468253916516001 -0.023431480313278852 -0.0060367546314993191 0.043539424657143243 0.026947340478950144 0.061210330255214801 0.050463144434969312 0.0037996775313919057 0.011157303743480373 -0.010496336772098724 0.06609368504284685 -0.0068244777979365456 0.010873691711151854 -0.020024536331388024 -0.0051464869713316406 0.0044716377476981374 0.010133473587165136 0.070697808358293382 -0.010434992433287211 -0.015751739143511929 0.036161979583266647 -0.0039380005355302413 0.022668961390147093
leaf_weight=1098.1970721408725 192.53660751879215 1326.5685307700187 599.72864063084126 562.80320249684155 83.954549625515938 84.016126234084368 170.3232203386724 1143.7267232928425 123.35104953311384 407.44321316294372 109.77517800033092 262.29773443564773 51.822878338396549 50.1426019705832 415.72424533590674 95.915434326976538 124.63928226754069 76.380001459270716 86.630281277000904 75.4343336597085 99.001255542039871 228.60939087718725 42.053590785712004 149.24231137707829 53.549664471298456 742.30385602638125 165.80534465797246 41.699689824134111 132.45685620047152 171.7570841498673
leaf_count=5446 548 9583 2439 4173 347 300 715 10411 962 2497 416 875 276 204 1854 401 450 394 282 261 432 814 186 621 312 5358 1003 291 739 1059
internal_value=-0.000331526 -0.00617707 0.0331493 -0.0127897 0.0226269 0.0179602 0.00437904 -0.0199247 -0.00256692 -0.00870946 0.0229278 0.0178686 0.00931223 0.0116442 0.0102188 0.0290081 0.00798072 0.0100305 0.0223326 0.0389064 -0.00324052 0.00671019 0.0108151 0.0226628 0.0419143 -0.00476084 -0.000172111 0.00327313 0.00129796 0.0111092
internal_weight=8967.89 7635.58 1332.31 4694.56 732.58 648.626 2941.02 1706.53 1221.55 2988.03 564.61 454.834 1719.47 1450.14 1400 147.738 1252.26 1127.62 238.445 151.814 269.324 889.179 660.57 244.846 95.6033 1661.47 919.162 753.357 711.657 304.214
internal_count=53649 48724 4925 35114 2486 2139 13610 14584 6408 20530 1839 1423 7202 6055 5851 677 5174 4724 937 655 1147 3787 2973 1119 498 10947 5589 4586 4295 1798
cat_boundaries=0 1
cat_threshold=2
is_linear=0
shrinkage=0.03


Tree=31
num_leaves=31
num_cat=1
split_feature=40 41 17 41 49 41 6 47 3 14 40 45 6 3 45 30 45 47 3 19 11 45 29 28 45 42 28 11 22 5
split_gain=1874.05 608.141 137.998 137.303 118.027 93.6169 75.712 75.4314 70.9043 107.888 107.413 80.2529 53.4335 51.3426 63.801 50.4028 78.0279 49.558 54.5008 93.6621 194.038 105.618 79.5178 47.5362 45.825 45.2323 43.3557 57.6292 48.5243 41.0842
threshold=7.5000000000000009 17.500000000000004 4.5000000000000009 544.50000000000011 0 1.0000000180025095e-35 544.50000000000011 55.500000000000007 63.500000000000007 24.500000000000004 4.5000000000000009 30.050000190734867 17.500000000000004 35.500000000000007 62.149999618530281 167.50000000000003 75.750000000000014 49.500000000000007 5.5000000000000009 1.3500000238418581 2.5000000000000004 40.949998855590827 43.500000000000007 29.500000000000004 1.5500000119209292 2.7500000000000004 8.5000000000000018 2.5000000000000004 28.500000000000004 3.5000000000000004
decision_type=2 2 2 2 1 2 2 2 2 2 2 2 2 2 2 2 2 2 2 2 2 2 2 2 2 2 2 2 2 2
left_child=1 4 13 12 5 -1 -5 8 9 10 17 -12 -3 14 -2 -14 -17 18 -7 20 22 -22 -20 -24 -19 -10 -8 28 -28 -21
right_child=2 3 -4 6 -6 7 26 -9 25 -11 11 -13 15 -15 -16 16 -18 24 19 29 21 -23 23 -25 -26 -27 27 -29 -30 -31
leaf_value=0.015562408713386476 0.0056774282502963323 -0.018588666401214513 0.04363191074909771 -0.024097905096110536 -0.022748858004933547 -0.0049596018969794058 -0.014944644685371395 -0.01441928333039509 -0.013146073098100956 0.051654689252588815 0.0076832419899439276 0.052035538708500535 -0.0094852291391310222 0.044172477718005067 0.036881580147376344 -0.0022048700750761279 0.041466148028228254 0.0014579695770353697 0.0030437141737481542 0.017294342057938908 0.023413617433797499 0.097732108359350561 0.058558728625174146 0.012476662681239467 0.045709891281059643 0.013761118270300023 0.051420037035631375 -0.01614726692353163 -0.00095573532419902471 -0.0052471935621734153
leaf_weight=620.3302746899426 198.80756683647633 417.38058133050799 746.49984688311815 1132.4615735355765 142.22431205958128 619.58223049342632 437.06284796074033 213.76309256255627 296.2844814248383 45.068519070744514 73.975387416779995 72.706988118588924 1709.6033255085349 66.819978579878807 83.127854637801647 528.80535312369466 38.572598110884428 38.571746587753296 433.72236179560423 83.278626319020987 34.923732046037912 34.598845973610878 39.277774076908827 41.694441847503185 45.573086496442556 68.480349361896515 30.654207112267613 57.642428949475288 31.955582516267896 532.38391331955791
leaf_count=2056 532 3323 2984 10560 1137 3104 3288 1066 1338 185 294 338 12111 248 289 3250 269 185 2203 370 196 222 214 190 256 343 257 396 230 2336
internal_value=-0.000385536 -0.00553412 0.036349 -0.0129395 0.00391448 0.00507219 -0.0196427 0.0026336 0.0041206 0.00624574 0.00522288 0.0298711 -0.00872975 0.02068 0.0149757 -0.0069152 0.00083179 0.00330893 0.00226078 0.00599019 0.0145839 0.0612606 0.00817241 0.0352717 0.0256803 -0.00807075 -0.0105629 0.00535453 0.0250931 -0.00217497
internal_weight=8915.83 7820.58 1095.26 4384.14 3436.44 3294.22 1689.78 2673.89 2460.12 2095.36 2050.29 146.682 2694.36 348.755 281.935 2276.98 567.378 1903.61 1819.46 1199.88 584.217 69.5226 514.695 80.9722 84.1448 364.765 557.315 120.252 62.6098 615.663
internal_count=53770 49717 4053 33684 16033 14896 14731 12840 11774 10093 9908 632 18953 1069 821 15630 3519 9276 8835 5731 3025 418 2607 404 441 1681 4171 883 487 2706
cat_boundaries=0 1
cat_threshold=2
is_linear=0
shrinkage=0.03


Tree=32
num_leaves=31
num_cat=1
split_feature=14 41 40 49 6 30 29 42 5 14 3 30 30 11 27 3 29 38 41 47 47 11 27 3 38 47 30 9 3 3
split_gain=1830.1 402.608 366.045 207.875 147.804 84.5778 73.1698 73.0094 52.2406 117.358 51.6249 75.311 186.201 114.926 46.6329 64.5907 122.934 62.2318 73.9546 64.1089 47.378 63.2527 45.9464 44.3867 42.2387 57.1758 41.2939 39.8701 38.9322 75.389
threshold=2.5000000000000004 35.500000000000007 8.5000000000000018 0 35.500000000000007 22.500000000000004 13.500000000000002 3.6499999761581425 2.5000000000000004 4.5000000000000009 86.500000000000014 746.50000000000011 1746.5000000000002 1.5000000000000002 12.500000000000002 9.5000000000000018 55.500000000000007 0.21428572386503222 16.500000000000004 24.500000000000004 1.0000000180025095e-35 1.0000000180025095e-35 2.5000000000000004 101.50000000000001 4.0714285373687753 1.5000000000000002 257.50000000000006 1.5000000000000002 3.5000000000000004 7.5000000000000009
decision_type=2 2 2 1 2 2 2 2 2 2 2 2 2 2 2 2 2 2 2 2 2 2 2 2 2 2 2 2 2 2
left_child=1 3 7 6 -3 -4 -1 8 9 -2 11 14 -13 -14 15 20 17 18 19 -17 21 27 -6 -12 25 -7 -24 -8 -23 -30
right_child=2 4 5 -5 22 24 10 -9 -10 -11 23 12 13 -15 -16 16 -18 -19 -20 -21 -22 28 26 -25 -26 -27 -28 -29 29 -31
leaf_value=-0.003558907700631336 -0.0033153467074432119 -0.02342772286878355 0.003131423270280387 -0.026437786884813817 -0.011666458899459772 0.021065573145457477 0.014166572866098036 0.033131184260097583 0.0063454942874364021 0.055286560777559959 -0.027428963429938454 0.077859071694252061 0.034787747551452863 -0.017192689591575168 -0.0076341150649434268 0.043410954738881673 0.051548186714465517 -0.001016329126716356 -0.004135582893753746 -0.00034668328113377644 -0.0086014699831557934 0.0055642105123916491 -0.003219202670139679 0.0070398622587255688 0.045302418509259597 0.051522168055101771 0.0318843395168305 -0.012614707687546694 0.05975795275967391 0.0046312450735559643
leaf_weight=1687.4070642460138 58.367396354675293 1270.1324011068791 56.545055970549583 267.57585714757442 1690.4491086527705 180.54577665030956 75.681174095720053 134.35591594129801 733.19642486050725 63.764885306358337 77.224437262862921 43.658086225390434 73.405259728431702 77.948571491986513 247.59376991353929 114.54517513513565 68.245277496054769 266.97507323138416 75.324398070573807 40.743860501796007 297.26100082322955 78.431206613779068 137.38645002990961 58.383609209209681 626.46236222982407 80.994468651711941 37.590507626533508 143.07164940237999 47.91924461722374 41.405513551086187
leaf_count=9698 238 11810 142 2173 12644 528 438 509 2460 254 374 258 353 336 1111 591 372 1129 462 188 1556 399 1025 311 2615 312 288 659 293 186
internal_value=-0.000375544 -0.00758838 0.0254139 -0.000998651 -0.0155355 0.0387655 0.000944722 0.0126449 0.009392 0.027481 0.00510206 0.00653097 0.0240194 0.00808022 0.00423857 0.00659522 0.0140834 0.0088519 0.0202312 0.0320013 0.000387109 0.00730452 -0.0101522 -0.0126461 0.0410285 0.0306578 0.00446046 -0.00332698 0.0211055 0.0345387
internal_weight=8852.59 6918.36 1934.23 3782.8 3135.56 944.548 3515.22 989.685 855.329 122.132 1827.82 1692.21 195.012 151.354 1497.2 1249.6 565.834 497.589 230.613 155.289 683.77 386.509 1865.43 135.608 888.003 261.54 174.977 218.753 167.756 89.3248
internal_count=53712 46654 7058 20887 25767 3597 18714 3461 2952 492 9016 8331 947 689 7384 6273 2742 2370 1241 779 3531 1975 13957 685 3455 840 1313 1097 878 479
cat_boundaries=0 1
cat_threshold=2
is_linear=0
shrinkage=0.03


Tree=33
num_leaves=31
num_cat=1
split_feature=40 41 40 41 20 6 30 8 19 3 5 6 15 41 45 45 5 49 28 5 2 30 22 45 6 29 19 2 8 37
split_gain=1688.02 467.074 249.453 162.72 84.7248 79.8157 71.4969 62.8574 65.9355 58.0939 66.091 57.8935 53.0975 53.0105 55.8693 51.7609 69.3302 50.8498 48.5808 48.602 47.9351 96.0462 47.5869 47.4907 46.5976 45.8588 43.7976 54.7707 42.0295 42.2608
threshold=4.5000000000000009 10.500000000000002 24.500000000000004 544.50000000000011 5.3861851692199716 544.50000000000011 86.500000000000014 11.500000000000002 8.3833332061767596 6.5000000000000009 14.500000000000002 12.500000000000002 49.500000000000007 21.500000000000004 4.1499998569488534 62.649999618530281 1.5000000000000002 0 44.500000000000007 11.500000000000002 70.500000000000014 311.50000000000006 54.500000000000007 61.750000000000007 23.500000000000004 109.50000000000001 0.51666668057441723 1.5000000000000002 4.5000000000000009 6.5000000000000009
decision_type=2 2 2 2 2 2 2 2 2 2 2 2 2 2 2 2 2 1 2 2 2 2 2 2 2 2 2 2 2 2
left_child=1 4 9 6 7 -5 22 17 -9 12 20 -8 -2 -13 -15 24 -17 18 19 25 21 28 -3 -7 -16 -1 -26 -28 29 -11
right_child=2 3 -4 5 -6 23 11 8 -10 10 -12 13 -14 14 15 16 -18 -19 -20 -21 -22 -23 -24 -25 26 -27 27 -29 -30 -31
leaf_value=0.0030353609673844026 0.051006271136690644 -0.013941421038765561 0.044599427154607969 -0.02377086499745009 0.024483977353640888 -0.01223454889927043 -0.013884315646054511 0.036557770427113459 -0.00050114035119014561 0.011516231982821732 0.042074578650160108 0.0082574906062669873 0.018720165608459377 -0.015981710146415255 -0.016151462582731743 0.03062024314453236 -0.014406181876435307 -0.020068265684755629 -0.0057824083546915333 0.031682422753428502 -0.0066492656155033459 0.050360568597157429 0.0072424606378454839 0.020451954979876223 0.0049992384527814101 0.026986147768455045 0.051241496393354756 0.0010728439410765272 -0.0064693812309765987 0.035568229331009962
leaf_weight=1296.7211670204997 89.819792915135622 1359.4369205459952 553.55493731796741 1083.4867203254253 183.94654774665833 495.9903219062835 388.81529331021011 98.707467306405306 76.207948427647352 390.13868118822575 77.286695040762424 410.87358123809099 96.322038400918245 276.90195339545608 71.604812892153859 33.512448817491531 287.30988423153758 90.418616617098451 446.86988455802202 60.284775529056787 96.323634009808302 64.739982232451439 102.0375622715801 42.609256681054831 320.04561918973923 75.209615088999271 44.903131723403931 34.235727677121758 92.283215701580048 78.640714418143034
leaf_count=6109 356 9923 2348 10543 633 3823 2740 393 264 1263 296 2284 313 1922 493 252 1783 729 1745 251 431 243 820 299 2133 341 362 205 232 300
internal_value=-4.41287e-05 -0.00607975 0.0284903 -0.0112896 0.00500031 -0.0190795 -0.00749013 0.00331838 0.0205007 0.0194063 0.0158557 -0.00359888 0.0344886 -0.000888088 -0.00440925 -0.000346207 -0.00962228 0.00178276 0.00284431 0.00553811 0.0129953 0.0160247 -0.0124585 -0.00961557 0.00598203 0.00436705 0.00998272 0.0298226 0.0119802 0.0156182
internal_weight=8819.24 7280.13 1539.11 4951.76 2328.37 1622.09 3329.68 2144.42 174.915 985.555 799.413 1868.2 186.142 1479.39 1068.51 791.612 320.822 1969.5 1879.09 1432.22 722.126 625.803 1461.47 538.6 470.789 1371.93 399.184 79.1389 561.063 468.779
internal_count=53829 48047 5782 37582 10465 14665 22917 9832 657 3434 2765 12174 669 9434 7150 5228 2035 9175 8446 6701 2469 2038 10743 4122 3193 6450 2700 567 1795 1563
cat_boundaries=0 1
cat_threshold=2
is_linear=0
shrinkage=0.03


Tree=34
num_leaves=31
num_cat=1
split_feature=40 41 21 41 6 49 29 28 44 41 27 45 1 47 47 6 41 6 5 2 39 46 9 1 40 28 11 11 46 29
split_gain=1531 531.193 160.197 156.355 79.8009 79.4338 73.0693 65.8974 61.7768 56.2918 53.6034 45.5285 43.9829 43.676 51.2114 40.9367 36.3081 35.9652 35.5237 35.2516 38.0297 35.3531 32.5818 70.291 51.0177 32.4597 33.1021 29.7282 29.0411 40.0872
threshold=7.5000000000000009 11.500000000000002 1.0000000180025095e-35 544.50000000000011 544.50000000000011 0 13.500000000000002 3.5000000000000004 0.15000000223517421 1.0000000180025095e-35 2.5000000000000004 49.95000076293946 2.5000000000000004 55.500000000000007 49.500000000000007 11.500000000000002 37.500000000000007 40.500000000000007 12.500000000000002 4.5000000000000009 0.47290687263011938 2.5000000000000004 47.500000000000007 22.500000000000004 4.5000000000000009 8.5000000000000018 2.5000000000000004 1.0000000180025095e-35 1.5000000000000002 236.50000000000003
decision_type=2 2 2 2 2 1 2 2 2 2 2 2 2 2 2 2 2 2 2 2 2 10 2 2 2 2 2 2 8 2
left_child=1 5 -2 6 -5 9 -3 8 -4 10 -1 25 -9 14 18 -8 19 -18 22 20 21 -17 23 24 -11 -6 -27 -16 29 -12
right_child=2 3 7 4 11 -7 15 12 -10 13 28 -13 -14 -15 27 16 17 -19 -20 -21 -22 -23 -24 -25 -26 26 -28 -29 -30 -31
leaf_value=0.030801698039197682 0.041477447643637651 -0.011141420769840401 -0.013079833864526722 -0.023612128889315156 -0.016681633288770779 -0.021231208734322143 -0.015020460468700553 0.040056001380335209 0.022976457168124503 0.0017335132575930557 0.0083199028705642462 0.013318134185950259 0.01308725278749547 -0.011304350615669126 0.0094106705609081215 0.0077396709617461885 -0.021297151121454624 -0.0015966862876638733 0.023499977865716594 -0.0082802667133733097 0.034885120394723329 -0.018161667934324173 -0.009395860847164374 0.040338824010024005 0.021494553821071787 0.01948795587306568 -0.015711956649014747 0.044433957551699897 -0.0047069544437103785 0.03223494248356059
leaf_weight=134.27710856869817 699.86369375139475 1891.4492746703327 92.675658978521824 1052.9286628104746 373.85475116595626 97.598222682252526 186.88787858188152 123.81756982207298 77.723411321640015 1448.1377970688045 313.99008326232433 68.545246252790093 98.979958541691303 157.77676025032997 43.541967291384935 498.18887100182474 114.22360493056476 302.65489875525236 79.485201023519039 164.06965527869761 41.12327597849071 51.456825397908688 168.55359240993857 46.622826721519232 126.99969179555774 50.129668988287449 44.414451234042645 44.120537519454956 102.76175929605961 78.352064341306686
leaf_count=476 2901 13844 208 10487 2941 797 1441 432 251 6733 1010 482 264 765 197 2863 829 2127 294 875 278 275 739 184 494 396 325 228 281 268
internal_value=-0.000333216 -0.00506122 0.03287 -0.0111056 -0.0188133 0.00523193 -0.00733055 0.0174828 0.00340447 0.00618035 0.0140502 -0.00937665 0.0281869 0.00383318 0.00505846 -0.00202076 6.37262e-05 -0.00703261 0.00399976 0.00398697 0.00740209 0.00528626 0.00312136 0.0044273 0.00333943 -0.0127191 0.00296055 0.0273402 0.00945406 0.0131656
internal_weight=8775.2 7682.14 1093.06 4839.93 1589.87 2842.22 3250.05 393.197 170.399 2744.62 629.381 536.944 222.798 2115.24 1957.46 1358.61 1171.72 416.879 1869.8 754.839 590.769 549.646 1790.31 1621.76 1575.14 468.399 94.5441 87.6625 495.104 392.342
internal_count=53685 49629 4056 37163 14631 12466 22532 1155 459 11669 2035 4144 696 9634 8869 8688 7247 2956 8444 4291 3416 3138 8150 7411 7227 3662 721 425 1559 1278
cat_boundaries=0 1
cat_threshold=2
is_linear=0
shrinkage=0.03


Tree=35
num_leaves=31
num_cat=1
split_feature=40 41 37 41 29 6 28 30 6 49 45 5 3 11 19 29 45 15 30 28 27 9 47 11 3 42 41 41 45 5
split_gain=1476.68 538.794 143.555 137.418 93.8649 76.9643 62.1437 60.4337 60.6558 55.8469 51.0801 126.827 65.2455 59.6415 57.7868 74.584 66.448 54.0401 61.0973 208.281 59.1488 62.4749 78.3929 62.6857 71.5366 49.6721 49.5448 45.7408 50.7164 41.9825
threshold=8.5000000000000018 14.500000000000002 3.5000000000000004 544.50000000000011 7.5000000000000009 544.50000000000011 28.500000000000004 86.500000000000014 14.500000000000002 0 1.8499999642372134 12.500000000000002 85.500000000000014 1.0000000180025095e-35 0.31666667759418493 29.500000000000004 4.5499999523162851 1.5000000000000002 1102.0000000000002 621.50000000000011 9.5000000000000018 3.5000000000000004 11.500000000000002 2.5000000000000004 23.500000000000004 1.7500000000000002 1.0000000180025095e-35 37.500000000000007 78.149997711181655 8.5000000000000018
decision_type=2 2 2 2 2 2 2 2 2 1 2 2 2 2 2 2 2 2 2 2 2 2 2 2 2 2 2 2 2 2
left_child=1 4 6 7 9 -5 -2 -3 -9 26 13 12 14 -6 15 -12 -16 -18 20 -20 21 -19 23 24 29 -22 -1 28 -10 -23
right_child=2 3 -4 5 10 -7 -8 8 27 -11 11 -13 -14 -15 16 -17 17 18 19 -21 25 22 -24 -25 -26 -27 -28 -29 -30 -31
leaf_value=0.022622168626472788 0.01274468773358216 -0.012502487222754422 0.042649256012210764 -0.023316519640704747 -0.010065568193249797 -0.0092926191723895109 0.04324538888739253 -0.016627439542597058 0.0015764834752084837 -0.021910078546882931 0.0075647490794676156 0.049502666110371053 -0.013849740756272568 0.01944139705869424 0.03306755574368208 0.062018098509319927 -0.0091783153444577308 0.0029083057015271427 0.06317821503419821 -0.007339210247920923 -0.012564727560994329 0.019543165818607853 -0.011808657487032874 0.058134412946588832 0.042926815639238849 0.015398319375896089 -0.0016358561270411293 -0.0076596722912170021 0.033702687788420671 -0.011681745864209964
leaf_weight=80.699623987078667 294.32394186407328 1255.6762878745794 634.10471728444099 1041.093518326059 236.86257752776146 535.01840670034289 75.101357758045197 273.284289220348 750.5579752959311 113.02988908998668 47.731004472821951 71.442429311573505 105.12604118138552 82.23354334384203 95.492644511163235 42.615260981023312 157.69296630099416 388.19188419729471 73.101984202861786 76.350709959864616 204.75825149938464 116.15257852524519 57.189806133508682 46.367116257548332 83.954755410552025 78.227391246706247 1044.0679106451571 568.46793263219297 46.003740433603525 57.104118037968874
leaf_count=261 847 9574 2719 10600 957 4165 263 2255 4474 967 239 281 422 372 424 253 713 1591 333 213 603 497 204 218 390 271 5147 4056 303 198
internal_value=-0.000230127 -0.00467706 0.0339876 -0.0114388 0.00459991 -0.018565 0.0190453 -0.00755277 -0.00375377 -0.00190488 0.00858365 0.0106483 0.00891608 -0.00242441 0.0104936 0.0336475 0.00901296 0.0072742 0.00947618 0.0273437 0.00686453 0.0112753 0.0202454 0.0263028 0.0203617 -0.00480773 0.000123153 -0.00116613 0.0034718 0.00924369
internal_weight=8732.02 7728.49 1003.53 4470.1 3258.39 1576.11 369.425 2893.99 1638.31 1237.8 2020.6 1701.5 1630.06 319.096 1524.93 90.3463 1434.58 1339.09 1181.4 149.453 1031.95 748.96 360.768 303.579 257.211 282.986 1124.77 1365.03 796.562 173.257
internal_count=53810 49981 3829 35427 14554 14765 1110 20662 11088 6375 8179 6850 6569 1329 6147 492 5655 5231 4518 546 3972 3098 1507 1303 1085 874 5408 8833 4777 695
cat_boundaries=0 1
cat_threshold=2
is_linear=0
shrinkage=0.03


Tree=36
num_leaves=31
num_cat=1
split_feature=14 40 41 6 49 4 38 30 45 45 44 45 5 19 15 30 9 28 11 30 11 19 9 44 14 40 30 9 45 18
split_gain=1438 348.137 324.279 117.634 106.124 94.1173 59.8467 53.7405 93.1859 54.6699 69.7898 51.903 114.993 72.4828 50.9071 130.51 274.551 50.065 52.045 50.6453 46.9657 111.673 46.5214 44.4604 47.1975 43.155 41.5364 41.0312 44.6471 37.5867
threshold=2.5000000000000004 23.500000000000004 21.500000000000004 21.500000000000004 0 7.5000000000000009 14.785714149475099 166.50000000000003 6.0499999523162851 19.050000190734867 1.0000000180025095e-35 1.6500000357627871 12.500000000000002 0.31666667759418493 1.5000000000000002 643.50000000000011 14.500000000000002 26.500000000000004 1.0000000180025095e-35 89.500000000000014 1.0000000180025095e-35 0.55000001192092907 47.500000000000007 0.25000000745058065 26.500000000000004 5.5000000000000009 1887.5000000000002 1.0000000180025095e-35 37.549999237060554 0.78571429848670971
decision_type=2 2 2 2 1 2 2 2 2 2 2 2 2 2 2 2 2 2 2 2 2 2 2 2 2 2 2 2 2 2
left_child=2 5 4 -4 11 6 22 -5 -9 10 -10 17 13 26 -15 20 -17 18 -1 -20 -16 -22 23 24 27 -25 -13 -2 -29 -11
right_child=1 -3 3 7 -6 -7 -8 8 9 29 -12 12 -14 14 15 16 -18 -19 19 -21 21 -23 -24 25 -26 -27 -28 28 -30 -31
leaf_value=-0.0069814745009060706 -0.012804495775279917 0.042711223836651983 -0.021156268229567878 -0.011695876462360488 -0.024408306982853026 0.047772028366673984 0.033432490481422932 -0.016926269759251749 -0.0042933214410555247 -0.0014931809961550974 0.058147971346382853 0.025585436167586739 0.036280818487380961 -0.0093953884737828751 -0.0041280666554831067 0.090736003299132423 -0.014592758136878605 -0.020269115482355878 0.00019073446705749952 0.046700535563079439 0.048365569982316114 0.0031910528755060299 -0.0049290938122120232 0.012972196993222454 0.031126568857884365 0.031585074522891859 -0.0080565125492842119 0.00030954148863841709 0.021366175571076746 0.028613994511417485
leaf_weight=248.00797825492918 103.79234564304352 554.81819368898869 1022.5269752684981 2062.2472626045346 142.04701373167336 71.976146705448627 113.85721287503839 247.68930418603122 28.116980694234371 356.4034584928304 36.322863364592195 172.27851757965982 94.070788037031889 359.56783581897616 785.46937232092023 43.777732234448195 43.840431351214647 163.21383992396295 49.29957402125001 35.811121720820665 51.877650607377291 720.89900704286993 148.99338843300939 326.84992532804608 63.717128202319145 171.89615693688393 40.304972916841507 236.43963768333197 145.9848517626524 40.674492318183184
leaf_count=1348 270 2434 10252 16243 1304 274 421 1844 188 2298 310 1005 394 1839 3755 229 196 762 286 201 297 3424 498 1140 225 573 181 723 512 309
internal_value=-0.000116112 0.0226507 -0.00666157 -0.0124614 0.000798089 0.0145809 0.0127244 -0.00924698 -0.00211957 0.00584636 0.0312537 0.00208124 0.00397101 0.00258495 0.000815083 0.00305009 0.038464 -0.00671225 -2.91809e-05 0.0200752 0.00103542 0.00628227 0.0107295 0.0129568 0.00705459 0.0194376 0.0191992 0.00384262 0.00838236 0.00165497
internal_weight=8682.77 1938.32 6744.45 3793.98 2950.47 1383.51 1311.53 2771.45 709.207 461.518 64.4398 2808.42 2312.09 2218.02 2005.43 1645.86 87.6182 496.333 333.119 85.1107 1558.25 772.777 1197.67 1048.68 549.934 498.746 212.583 486.217 382.424 397.078
internal_count=53735 7070 46665 31444 15221 4636 4362 21192 4949 3105 498 13917 11320 10926 9740 7901 425 2597 1835 487 7476 3721 3941 3443 1730 1713 1186 1505 1235 2607
cat_boundaries=0 1
cat_threshold=2
is_linear=0
shrinkage=0.03


Tree=37
num_leaves=31
num_cat=0
split_feature=14 40 40 5 9 30 5 45 45 47 30 15 40 11 15 45 45 30 37 5 6 19 28 11 15 28 11 5 14 15
split_gain=1362.03 340.026 263.347 95.152 92.5374 81.7066 70.801 158.894 69.0364 99.9725 68.5415 160.087 67.8632 89.0085 55.0035 53.5401 52.7973 49.9628 44.3342 43.1572 42.0726 61.254 61.2495 41.9707 41.0742 55.5786 131.063 39.5256 50.2669 52.4949
threshold=4.5000000000000009 1.5000000000000002 23.500000000000004 2.5000000000000004 2.5000000000000004 166.50000000000003 10.500000000000002 59.250000000000007 3.4500000476837163 41.500000000000007 643.50000000000011 13.500000000000002 2.5000000000000004 1.5000000000000002 2.5000000000000004 19.050000190734867 6.0499999523162851 85.500000000000014 15.500000000000002 12.500000000000002 23.500000000000004 0.51666668057441723 4.5000000000000009 4.5000000000000009 1.0000000180025095e-35 16.500000000000004 7.5000000000000009 7.5000000000000009 1.5000000000000002 7.5000000000000009
decision_type=2 2 2 2 2 2 2 2 2 2 2 2 2 2 2 2 2 2 2 2 2 2 2 2 2 2 2 2 2 2
left_child=1 4 3 15 5 -1 10 16 -7 20 27 -12 -5 18 -6 -2 -8 -15 -14 -18 24 -22 -23 -19 -10 -26 -27 28 -3 -30
right_child=2 6 -4 12 14 8 7 -9 9 -11 11 -13 13 17 -16 -17 19 23 -20 -21 21 22 -24 -25 25 26 -28 -29 29 -31
leaf_value=-0.01079388405455989 0.057784762514463774 6.8611409776932395e-05 0.042013528192103987 -0.0031498683908768922 -0.020966277548119746 -0.01315424136856343 -0.011397123341941743 0.064036456989699134 -0.025928134191563187 0.052063512989536001 0.052548218703044922 -0.018792430352072738 0.0047864801728259394 0.0093190129453658566 0.0013126548136732411 0.022116830078198434 0.004269880719294324 0.025825016227965073 0.028398096003283434 0.03842585043572655 0.0031604582512076763 0.0047845539142632185 0.069032791681898603 0.058362493015216524 -0.011460689378175473 0.044173264435710111 -0.026238426683063556 -0.0063364316863123837 0.0053438427193118494 0.031554141074320467
leaf_weight=2782.0199107509106 66.988200098276138 997.64895709604025 547.27499452233315 198.36132131516933 861.81484549492598 309.63005810603499 86.148594936355948 53.657462440431118 75.814924823120236 35.432964105159044 70.066368672996759 46.368298355489969 366.94930953532457 57.65101620182395 112.64052853733301 90.352878414094448 80.620007932186127 73.543832220137119 88.096968479454517 56.062955737113953 366.44834374077618 26.485535126179457 26.268076356500387 73.929150439798832 168.47298436611891 60.008136123418808 38.154542118310928 528.83638195879757 214.06641799211502 100.7013031989336
leaf_count=21840 284 5176 2444 575 7956 2193 282 256 779 309 289 213 1107 167 630 285 322 258 303 215 2409 170 236 297 770 348 166 2331 874 361
internal_value=-9.31449e-05 -0.00567722 0.0252484 0.0161842 -0.0101273 -0.00805197 0.00400948 0.0181918 -0.00115593 0.00351549 0.00199821 0.0242198 0.0122254 0.016843 -0.0183923 0.0375715 0.00691572 0.0332068 0.00940994 0.0184569 0.00119167 0.00755637 0.0374653 0.0424195 -0.00659882 -0.0010264 0.0168166 0.000580607 0.00337052 0.0138025
internal_weight=8660.52 7097.37 1563.15 1015.87 4863.19 3888.74 2234.18 276.489 1106.72 797.086 1957.69 116.435 858.532 660.17 974.455 157.341 222.832 205.124 455.046 136.683 761.653 419.202 52.7536 147.473 342.451 266.636 98.1627 1841.25 1312.42 314.768
internal_count=53845 48125 5720 3276 37806 29220 10319 1075 7380 5187 9244 502 2707 2132 8586 569 819 722 1410 537 4878 2815 406 555 2063 1284 514 8742 6411 1235
is_linear=0
shrinkage=0.03


Tree=38
num_leaves=31
num_cat=1
split_feature=41 41 15 5 41 6 49 42 40 47 47 5 40 45 29 45 47 15 30 15 15 47 11 30 4 45 42 11 37 28
split_gain=1248.34 390.801 233.354 126.145 112.074 78.8552 78.4908 60.0074 52.4373 52.9271 60.5808 104.477 48.473 47.8339 43.7954 43.0971 42.3497 42.1568 48.5826 93.4252 102.668 40.3784 37.3698 69.3786 71.4707 105.475 59.7533 42.1792 35.6682 33.1463
threshold=1.0000000180025095e-35 16.500000000000004 26.500000000000004 15.500000000000002 544.50000000000011 544.50000000000011 0 1.6500000357627871 19.500000000000004 55.500000000000007 49.500000000000007 3.5000000000000004 25.500000000000004 51.750000000000007 32.500000000000007 4.9500000476837167 32.500000000000007 70.500000000000014 643.50000000000011 1.5000000000000002 14.500000000000002 7.5000000000000009 1.0000000180025095e-35 111.50000000000001 2.5000000000000004 6.8500001430511483 0.15000000223517421 2.5000000000000004 24.500000000000004 44.500000000000007
decision_type=2 2 2 2 2 2 1 2 2 2 2 2 2 2 2 2 2 2 2 2 2 2 2 2 2 2 2 2 2 2
left_child=2 3 7 6 14 -6 8 16 9 10 17 -12 15 -7 22 -4 -1 18 29 -20 -21 -9 -3 -24 25 -25 -27 -28 -17 -2
right_child=1 4 12 -5 5 13 -8 21 -10 -11 11 -13 -14 -15 -16 28 -18 -19 19 20 -22 -23 23 24 -26 26 27 -29 -30 -31
leaf_value=-0.0009269728965028164 0.0036588975270195876 -0.013147712276472826 0.047425588246753983 0.052720418630888104 -0.023076863225390869 -0.01195620727197389 -0.023027085986421888 0.036816748184584608 0.030955311760623699 -0.012072425168356301 0.061504365967277555 0.00089443587821197673 0.041688958763506687 0.015916892749985853 -0.00090700332614852147 0.016006504429656759 0.0204464243610313 -0.01271782507789134 -0.011495185722210931 0.051092581347268434 0.0083244795609102463 0.0071623297126376575 -0.010773661549334698 -0.011697801224660154 -0.021921533480326518 0.011622474972290908 0.079670585048124201 0.028736877066109688 0.040056268948615019 -0.0063250378449675572
leaf_weight=317.98434004932642 1671.7892547175288 1252.3326568882912 74.771557800471783 43.669617645442486 980.3678805232048 456.54625438526273 108.27969623357058 107.61304907500744 57.651500411331654 212.35359098017216 42.330186035484076 62.613121375441551 465.22586859762669 62.170947536826134 631.4868451282382 231.15290235728025 112.0758133456111 152.27139229699969 85.292110897600651 83.989333763718605 125.73830884322524 67.638162530958652 524.8343032412231 68.7213254570961 52.128685863688588 53.569342194125056 30.637626787647605 30.506194990128279 73.374740280210972 363.53950272500515
leaf_count=938 7999 9650 307 202 10512 3703 1016 404 182 1042 239 262 2143 446 4155 693 388 608 354 346 424 207 4030 461 385 353 259 210 292 1509
internal_value=-0.000400538 -0.00554639 0.024973 0.00268105 -0.0115217 -0.0180736 0.00192674 0.0107316 0.00288002 0.0022911 0.00347408 0.025692 0.0351558 -0.00859127 -0.00780175 0.0270541 0.00467755 0.00252493 0.00352596 0.0148822 0.0256129 0.0254772 -0.00996343 -0.00470871 0.00879241 0.0175923 0.0350886 0.0551298 0.0219133 0.00187339
internal_weight=8602.66 7152.82 1449.84 3009.52 4143.3 1499.09 2965.85 605.311 2857.57 2799.92 2587.56 104.943 844.525 518.717 2644.22 379.299 430.06 2482.62 2330.35 295.02 209.728 175.251 2012.73 760.397 235.563 183.434 114.713 61.1438 304.528 2035.33
internal_count=53719 48347 5372 14183 34164 14661 13981 1937 12965 12783 11741 501 3435 4149 19503 1292 1326 11240 10632 1124 770 611 15348 5698 1668 1283 822 469 985 9508
cat_boundaries=0 1
cat_threshold=2
is_linear=0
shrinkage=0.03


Tree=39
num_leaves=31
num_cat=0
split_feature=41 40 41 5 15 5 30 11 30 30 3 6 43 45 45 19 3 40 30 11 3 27 21 41 43 19 45 3 14 45
split_gain=1228.86 398.962 181.246 164.88 74.9766 108.102 70.7215 90.3619 106.685 94.7638 105.648 66.5236 65.9653 61.2022 59.4677 97.5909 120.784 44.0413 55.6737 84.0963 44.0132 45.315 38.678 37.8522 37.3649 40.3541 57.8074 35.4664 38.2327 34.7444
threshold=5.5000000000000009 23.500000000000004 544.50000000000011 15.500000000000002 6.5000000000000009 2.5000000000000004 111.50000000000001 1.0000000180025095e-35 432.50000000000006 345.50000000000006 11.500000000000002 544.50000000000011 7.4500000476837167 19.050000190734867 6.8500001430511483 0.41666667163372045 5.5000000000000009 2.5000000000000004 16.500000000000004 3.5000000000000004 2.5000000000000004 1.0000000180025095e-35 4.5000000000000009 21.500000000000004 7.4500000476837167 1.4833333492279055 49.350000381469734 68.500000000000014 26.500000000000004 61.750000000000007
decision_type=2 2 2 2 2 2 2 2 2 2 2 2 2 2 2 2 2 2 2 2 2 2 2 2 2 2 2 2 2 2
left_child=1 3 6 4 -1 13 -2 9 14 -8 -11 -4 17 -6 23 16 -16 -7 -19 27 -17 24 -14 -9 25 26 -22 28 29 -20
right_child=2 -3 11 -5 5 12 7 8 -10 10 -12 -13 22 -15 15 20 -18 18 19 -21 21 -23 -24 -25 -26 -27 -28 -29 -30 -31
leaf_value=0.0032641596691640753 -0.0091958162452233424 0.038669787356435691 -0.022407617536444199 0.06160506364195114 0.056077103228727034 -0.008093709527335298 -0.010207435331745996 0.016142181487620828 -0.010608725046966326 0.046040830472712992 -0.0088374989587517837 -0.0089884529373344072 0.015396699110237623 0.020659887061112565 0.021852397289720969 -0.014891834136384386 0.096897158918519355 -0.014892714016320021 0.0032202663525784415 0.0371200589845357 0.020111786544435167 -0.0013648837190583045 0.040868596409249697 -0.012527769366404012 0.0015250578362857236 0.015966527499676801 0.073836896850017708 -0.0064548305686793778 0.033510481087723643 0.026739556088104983
leaf_weight=1125.9271954521537 2097.2425617668778 534.35054841637611 949.41750831902027 53.725922703742981 73.87606293708086 154.00968454033136 958.27863989770412 64.742309063673019 246.04047634266317 59.560142626985908 65.398717658594251 514.49780908599496 159.874560829252 111.06027430295944 59.41948957927525 48.176427904516459 28.20298626832664 74.226233784109354 281.45655029267073 102.94768088310957 37.274447739124298 94.595214016735554 81.526965282857418 111.17866860330105 51.208823947235942 78.867555286735296 35.884614860638976 123.49140506237745 61.273491501808167 69.85320358350873
leaf_count=4950 15148 2400 10426 231 312 438 6184 355 1289 367 383 4130 491 344 398 251 244 175 855 358 217 523 329 795 290 458 254 416 223 239
internal_value=-0.000230204 0.0151853 -0.00866121 0.0100978 0.00892914 0.0138535 -0.00537891 -0.00124754 0.00603593 -0.00700062 0.0174775 -0.0177008 0.0102921 0.0350334 0.0127608 0.0187176 0.0468278 0.00641633 0.00955638 0.0124151 0.0114846 0.0157868 0.0241323 -0.00194507 0.0237375 0.0311607 0.0471043 0.00761051 0.0118259 0.00795938
internal_weight=8507.59 3007.6 5499.99 2473.25 2419.52 1293.6 4036.07 1938.83 855.591 1083.24 124.959 1463.92 1108.66 184.936 609.551 433.63 87.6225 867.258 713.249 639.022 346.007 297.831 241.402 175.921 203.235 152.027 73.1591 536.075 412.583 351.31
internal_count=53473 11761 41712 9361 9130 4180 27156 12008 5074 6934 750 14556 3524 656 3785 2635 642 2704 2266 2091 1993 1742 820 1150 1219 929 471 1733 1317 1094
is_linear=0
shrinkage=0.03


Tree=40
num_leaves=31
num_cat=0
split_feature=14 41 40 41 5 5 5 29 40 45 5 47 45 29 45 45 1 37 44 45 37 28 28 30 2 19 19 40 5 44
split_gain=1165.76 332.586 246.428 113.182 84.2023 77.5109 67.9241 66.3259 65.0536 55.0877 69.7598 49.1941 62.3159 45.4577 43.6487 42.9257 42.382 57.7594 33.0146 104.145 32.9158 44.622 32.8792 65.4526 96.5611 123.69 32.286 31.4613 31.0084 30.8162
threshold=4.5000000000000009 14.500000000000002 23.500000000000004 544.50000000000011 2.5000000000000004 1.0000000180025095e-35 12.500000000000002 7.5000000000000009 5.5000000000000009 1.8499999642372134 12.500000000000002 51.500000000000007 8.7000002861022967 50.500000000000007 -1.1546319456101626e-14 49.95000076293946 13.500000000000002 6.5000000000000009 0.45000000298023229 4.5499999523162851 5.5000000000000009 3.5000000000000004 7.5000000000000009 241.50000000000003 4.5000000000000009 0.15000000596046451 5.2833335399627694 3.5000000000000004 5.5000000000000009 4.0499999523162851
decision_type=2 2 2 2 2 2 2 2 2 2 2 2 2 2 2 2 2 2 2 2 2 2 2 2 2 2 2 2 2 2
left_child=1 7 4 13 8 15 11 -1 -2 14 18 12 28 20 -9 29 17 26 19 -11 -3 -22 -15 -24 25 -25 27 -14 -6 -5
right_child=2 3 -4 5 6 -7 -8 9 -10 10 -12 -13 16 22 -16 -17 -18 -19 -20 -21 21 -23 23 24 -26 -27 -28 -29 -30 -31
leaf_value=-0.0033734627889089085 0.058869597711603529 -0.0096082966448370888 0.039986067875129164 -0.014173682788983472 0.043836898081392357 -0.022827254077951716 0.039494996486156453 0.015029912020372736 0.019141016623992323 0.03999255199128264 0.036583871298386361 -0.013142743871477201 -0.0013939158385590424 -0.0054845099026150082 -0.013357623922736546 0.013266604985167069 -0.0026584842128147389 0.036568713390067224 0.012738870738420035 -1.8877853885725757e-05 -0.0050027534348171428 0.039532697685814785 -0.0064102107424150387 0.0063372721533793679 -0.014762497498495999 0.094025472680868971 -0.009625282438552242 0.024359022000234393 0.015258355035929989 0.013807536451227816
leaf_weight=1041.7628310285509 60.765119299292564 2300.9609958194196 520.07597349584103 408.1264121402055 65.628803215920925 932.83262143842876 68.042986541986465 63.743625070899725 96.781901434063911 62.57116424664855 74.892946563661098 84.082396920770407 72.351543508470058 226.07051093503833 197.14429804310203 70.666815314441919 250.12590036168694 75.474487818777561 539.244778316468 740.92763579264283 67.112477628514171 27.883679648861289 87.312030805274844 27.782831504940987 28.215847728773952 29.586071694269776 75.13256162405014 102.79293415695429 73.572180904448032 37.992597043514252
leaf_count=5676 242 17406 2413 3356 262 10458 248 316 311 301 259 227 218 1305 832 501 737 273 2300 3023 490 228 565 179 186 261 173 318 244 338
internal_value=-0.00038766 -0.00561774 0.0231805 -0.010865 0.0146207 -0.0176659 0.01093 0.00257068 0.0347388 0.00625968 0.0085906 0.00845161 0.0110056 -0.00733257 -0.0063907 -0.00832325 0.00662569 0.0137408 0.00700318 0.00314279 -0.00889329 0.00834512 0.00203893 0.0118512 0.0303399 0.0523956 0.00673858 0.0137731 0.0289488 -0.0117652
internal_weight=8509.66 6964.83 1544.83 4244.54 1024.75 1449.62 867.204 2720.29 157.547 1678.52 1417.64 799.161 715.078 2794.92 260.888 516.786 575.877 325.752 1342.74 803.499 2395.96 94.9962 398.967 172.897 85.5848 57.3689 250.277 175.144 139.201 446.119
internal_count=53646 47980 5666 35273 3253 14653 2700 12707 553 7031 5883 2452 2225 20620 1148 4195 1719 982 5624 3324 18124 718 2496 1191 626 440 709 536 506 3694
is_linear=0
shrinkage=0.03


Tree=41
num_leaves=31
num_cat=1
split_feature=41 40 40 4 15 4 4 41 9 30 30 9 37 29 11 22 45 5 5 9 49 28 44 39 44 47 6 9 19 29
split_gain=1070.7 281.161 279.773 122.44 105.112 79.1424 72.4582 67.729 63.6381 61.1735 57.8168 147.658 52.0965 48.1529 112.104 44.6125 43.9976 80.6796 49.3466 44.5969 43.4969 39.3263 61.9018 70.0105 52.0622 43.1391 50.4167 40.0695 38.1995 37.4729
threshold=1.5000000000000002 25.500000000000004 1.5000000000000002 1.5000000000000002 6.5000000000000009 7.5000000000000009 7.5000000000000009 544.50000000000011 37.500000000000007 86.500000000000014 643.50000000000011 14.500000000000002 25.500000000000004 75.500000000000014 3.5000000000000004 54.500000000000007 38.250000000000007 10.500000000000002 7.5000000000000009 4.5000000000000009 0 37.500000000000007 1.5500000119209292 0.77961036562919628 3.8500000238418584 32.500000000000007 1.0000000180025095e-35 6.5000000000000009 0.15000000596046451 577.50000000000011
decision_type=2 2 2 2 2 2 2 2 2 2 2 2 2 2 2 2 2 2 2 2 1 2 2 2 2 2 2 2 2 2
left_child=1 5 3 4 7 12 8 9 10 15 16 -12 21 20 -15 -2 -4 18 19 -18 -9 22 25 -24 -25 27 -27 -1 -11 -30
right_child=2 -3 6 -5 -6 -7 -8 13 -10 28 11 -13 -14 14 -16 -17 17 -19 -20 -21 -22 -23 23 24 -26 26 -28 -29 29 -31
leaf_value=-0.00029398033455136453 -0.012523024625381005 0.039582988076610592 -0.0016679229718669193 -0.019947026133909071 0.04823323560254858 0.046257039530088973 0.041631518398967997 -0.01804630728863393 -0.011039403731639332 -0.0082164324425816233 0.058430363782827462 -0.0023866912713931187 0.031334082081438008 0.049856130256834962 -0.019875584648895706 0.0093252998085418606 0.0063595139507740409 0.03819797043000666 -0.0059558799255223643 0.031236730321366417 0.015331492087293416 0.0025768992117658433 0.009856623945279943 0.065519934172630898 0.024740779161654129 0.0011629095552909547 0.040180563269177287 0.022007376662591619 0.0035418293865446507 -0.021274312722094135
leaf_weight=365.53569420054555 1029.2530172131956 477.54947605729103 841.98372836783528 900.45771143957973 29.135936627164483 60.664796955883503 42.645376050844789 874.30865817144513 267.11932300776243 491.80069966800511 59.932792205363512 87.375985480844975 108.49899160861969 32.473237035796046 53.648645980283618 90.877305181697011 327.27389423549175 72.633260797709227 233.40864805132151 80.143587581813335 35.880315020680428 446.69148935936391 113.25256553292274 51.173012960702181 65.723450265824795 50.672363229095936 71.590513184666634 89.443831909447908 907.66295491717756 57.283419568091631
leaf_count=1171 8312 2271 4105 8810 173 237 172 8542 1306 3447 256 295 399 342 415 779 1535 317 1085 430 267 1357 419 236 230 155 334 292 5559 275
internal_value=-0.00012093 0.0196837 -0.00590093 -0.0100564 -0.00757917 0.0129837 0.00339673 -0.00804763 0.00254829 -0.00547574 0.00468508 0.022584 0.0114694 -0.0146875 0.00668801 -0.0107437 0.00297654 0.00845234 0.00502662 0.0113176 -0.0167151 0.00972721 0.0136751 0.0268022 0.0429967 0.00840391 0.0241502 0.00412886 -0.00142046 0.00204814
internal_weight=8416.09 1900.8 6515.3 4502.78 3602.32 1423.25 2012.52 3573.19 1969.87 2576.88 1702.75 147.309 1362.58 996.311 86.1219 1120.13 1555.44 713.459 640.826 407.417 910.189 1254.08 807.391 230.149 116.896 577.242 122.263 454.98 1456.75 964.946
internal_count=53523 7101 46422 36921 28111 4830 9501 27938 9329 18372 8023 551 4593 9566 757 9091 7472 3367 3050 1965 8809 4194 2837 885 466 1952 489 1463 9281 5834
cat_boundaries=0 1
cat_threshold=2
is_linear=0
shrinkage=0.03


Tree=42
num_leaves=31
num_cat=0
split_feature=14 40 5 41 6 14 45 5 28 29 2 29 28 20 28 19 2 41 2 45 22 30 29 38 4 29 46 30 44 42
split_gain=1021.19 423.734 174.276 151.425 71.669 61.5378 82.9924 85.6075 79.9693 75.5808 74.0539 57.3116 56.1006 60.7908 43.7114 45.0207 38.5142 35.8808 40.9175 30.8529 30.278 29.8629 31.9094 30.406 62.7467 29.7722 31.359 30.1364 27.1775 41.8496
threshold=1.0000000180025095e-35 24.500000000000004 15.500000000000002 544.50000000000011 544.50000000000011 7.5000000000000009 6.4500000476837167 4.5000000000000009 559.50000000000011 118.50000000000001 1.5000000000000002 15.500000000000002 286.50000000000006 0.56512984633445751 8.5000000000000018 0.18333333730697635 14.500000000000002 37.500000000000007 4.5000000000000009 0.65000000596046459 36.500000000000007 16.500000000000004 61.500000000000007 1.6428571343421938 5.5000000000000009 741.50000000000011 3.5000000000000004 86.500000000000014 0.35000000894069677 1.0000000180025095e-35
decision_type=2 2 2 2 2 2 2 2 2 2 2 2 2 2 2 2 2 2 2 2 2 2 2 2 2 2 10 2 2 2
left_child=3 2 5 11 -5 9 7 -7 12 21 -11 -1 13 -8 -6 20 -15 18 19 -13 -16 -2 23 24 -23 26 27 -21 29 -29
right_child=1 -3 -4 4 14 6 8 -9 -10 10 -12 17 -14 16 15 -17 -18 -19 -20 25 -22 22 -24 -25 -26 -27 -28 28 -30 -31
leaf_value=-0.0085841726782118558 -0.010056572508518508 0.038690272743495686 0.058905357560296211 -0.022097238468751879 -0.012767402963811961 0.05631351523363113 -0.0025970058849888824 0.013715817446049957 -0.0085465897640505592 -0.00016814072869281168 0.045996264956513953 -0.011709739580764754 0.040999685736184219 0.031517070510541589 0.052235972089622745 -0.0086177206135778592 0.0043522242198284766 -0.0081096816967839332 -0.0067879227447819176 -0.0077502379686476179 0.0064464412609267965 0.0057317200024852664 -0.0097532145389484445 -0.0036869270841956366 0.038706124368168789 -0.017029730576202717 -0.014723358755846494 0.017592778406598505 0.021516352093621308 -0.0048269609018346564
leaf_weight=2226.0004516933113 149.92432666756213 484.209850654006 58.919952899217606 900.76769221387804 381.49383038468659 75.650555588304996 161.85346010327339 97.164227552711964 167.60786972939968 54.011612184345722 73.262393526732922 80.550605097785592 66.38584965467453 132.61995369195938 24.555353172123432 63.564647395163774 72.99392082542181 459.1624612454325 338.52292443439364 66.2121597006917 27.104883942753077 1179.3377049714327 140.38383067026734 284.03327964618802 53.379843778908253 39.872212741523981 44.221444161608815 168.91190032102168 224.63486532866955 133.42878875136375
leaf_count=16663 773 2324 254 10510 3214 325 439 319 499 198 288 492 255 468 199 482 194 3575 1805 382 215 4834 441 958 210 183 247 984 1291 682
internal_value=-0.000346259 0.0128282 0.00829097 -0.00861896 -0.0170544 0.00716863 0.0143111 0.0325799 0.00901667 0.00430371 0.0265568 -0.0054979 0.0158058 0.0111554 -0.0078835 0.00825714 0.0219412 -0.00107866 0.0018707 0.00574235 0.0287899 0.00272257 0.0038841 0.0051519 0.00718981 0.00783217 0.00941161 0.0112326 0.0136279 0.00771522
internal_weight=8430.74 3251.74 2767.53 5179 1397.49 2708.61 774.276 172.815 601.461 1934.33 127.274 3781.52 433.853 367.467 496.719 115.225 205.614 1555.52 1096.35 757.832 51.6602 1807.06 1657.13 1516.75 1232.72 677.281 637.409 593.188 526.976 302.341
internal_count=53703 12779 10455 40924 14620 10201 2499 644 1855 7702 486 26304 1356 1101 4110 896 662 9641 6066 4261 414 7216 6443 6002 5044 3769 3586 3339 2957 1666
is_linear=0
shrinkage=0.03


Tree=43
num_leaves=31
num_cat=0
split_feature=41 41 38 6 5 30 8 3 8 3 47 30 3 47 45 28 30 42 19 44 2 30 4 45 3 43 44 2 28 45
split_gain=1008.3 294.758 206.384 157.776 150.873 121.454 86.8172 71.647 66.5471 62.4889 43.5797 40.6525 37.5925 43.7755 60.5089 37.5259 59.5449 54.273 36.402 34.6552 36.2399 33.929 68.1565 101.098 33.3042 30.7611 56.8986 30.6906 45.4697 49.1587
threshold=1.0000000180025095e-35 35.500000000000007 2.2142857313156132 35.500000000000007 16.500000000000004 4.5000000000000009 16.500000000000004 51.500000000000007 26.500000000000004 10.500000000000002 61.500000000000007 103.50000000000001 4.5000000000000009 49.500000000000007 1.5500000119209292 3.5000000000000004 34.500000000000007 0.84999999403953563 1.0500000119209292 1.5500000119209292 6.5000000000000009 89.500000000000014 2.5000000000000004 55.250000000000007 80.500000000000014 7.0499999523162851 4.4500000476837167 2.5000000000000004 25.500000000000004 49.95000076293946
decision_type=2 2 2 2 2 2 2 2 2 2 2 2 2 2 2 2 2 2 2 2 2 2 2 2 2 2 2 2 2 2
left_child=2 4 19 -3 5 9 -4 8 10 -2 12 -12 13 -7 -15 -5 17 -17 25 20 -1 -9 23 -23 -25 26 -18 28 -14 -30
right_child=1 3 6 15 -6 7 -8 21 -10 -11 11 -13 27 14 -16 16 18 -19 -20 -21 -22 22 -24 24 -26 -27 -28 -29 29 -31
leaf_value=-0.0021165129085227775 -0.024366855761071646 -0.021625938021610721 0.036078201427358937 -0.010183145262575497 0.055229241962743592 -0.0038335817800096775 0.00948845449352324 -0.018069310508219281 0.040807484845488969 0.016974457316402184 0.0096379336219892531 -0.024590137857720237 0.0070951969846001018 -0.00091728489728845673 0.046633697844347337 0.040906940747183755 -0.0060955600240959968 -0.0068541802517270945 0.02206564193561935 0.020905369455304704 0.01736733234515048 0.04144711983118915 -0.011329732230222661 0.011887483969611527 -0.025965261992069735 -0.019032349084386047 0.034363611812203161 0.0031110355229877337 0.012486511523570866 0.052200660081803497
leaf_weight=274.28922723047435 251.37658474966884 1024.9775374084711 744.27011231333017 1049.6693520620465 43.568906014785171 867.5973493643105 130.76975842565298 202.67227433435619 40.298846822232008 37.118709214031696 45.210537020117044 96.862066872417927 507.71369600482285 64.309782626107335 37.469627553597093 52.493835423141718 338.6971438061446 35.284524880349636 41.481497582048178 149.11927030980587 123.98546984046698 64.017828671261668 307.60538072325289 38.095188463106751 44.227978430688381 135.52166368812323 33.460392903536558 1456.3429572768509 75.088159218430519 44.646223925054073
leaf_count=833 2264 11638 3310 8801 224 4595 376 1184 159 214 289 551 2783 374 240 489 2693 288 364 512 364 410 1356 210 238 1042 297 6817 402 273
internal_value=8.87619e-05 -0.00463075 0.0230883 -0.0123479 0.000324731 -0.00026053 0.0321199 0.00113356 0.00296755 -0.0190075 0.00247768 -0.0137068 0.00323504 -0.00164448 0.0168718 -0.00669999 -0.000952816 0.0218473 -0.0046303 0.00861846 0.00397724 -0.00789431 -0.00332177 0.0134734 -0.00851639 -0.00685066 -0.00237557 0.00550468 0.0110467 0.0276047
internal_weight=8358.24 6935.81 1422.43 2711.59 4224.22 4180.65 875.04 3892.16 3235.54 288.495 3195.24 142.073 3053.17 969.377 101.779 1686.61 636.939 87.7784 549.161 547.394 398.275 656.619 453.946 146.341 82.3232 507.679 372.158 2083.79 627.448 119.734
internal_count=53590 48195 5395 25612 22583 22359 3686 19881 16483 2478 16324 840 15484 5209 614 13974 5173 777 4396 1709 1197 3398 2214 858 448 4032 2990 10275 3458 675
is_linear=0
shrinkage=0.03


Tree=44
num_leaves=31
num_cat=0
split_feature=40 41 37 41 3 30 47 47 5 47 20 3 19 28 43 19 40 47 5 29 29 3 28 14 11 44 2 41 39 3
split_gain=921.77 378.663 156.249 108.503 82.1313 58.9402 58.5151 51.9959 55.2667 65.4566 49.4751 45.3426 46.6916 42.9448 41.1625 40.9602 44.2102 44.3486 55.4177 45.8635 198.793 42.9822 77.5471 50.444 50.2301 55.4363 38.1224 56.7164 40.649 53.1401
threshold=8.5000000000000018 11.500000000000002 3.5000000000000004 84.500000000000014 1.0000000180025095e-35 86.500000000000014 4.5000000000000009 55.500000000000007 12.500000000000002 1.0000000180025095e-35 13.704968929290773 91.500000000000014 0.15000000596046451 1.5000000000000002 3.8500000238418584 0.18333333730697635 5.5000000000000009 49.500000000000007 3.5000000000000004 221.50000000000003 794.50000000000011 12.500000000000002 10.500000000000002 4.5000000000000009 1.5000000000000002 0.45000000298023229 4.5000000000000009 35.500000000000007 0.41558472812175756 4.5000000000000009
decision_type=2 2 2 2 2 2 2 2 2 2 2 2 2 2 2 2 2 2 2 2 2 2 2 2 2 2 2 2 2 2
left_child=1 7 6 5 -5 -3 13 8 10 -10 11 12 -1 -2 -9 -14 17 19 -19 21 -21 23 24 -17 25 -23 27 28 29 -7
right_child=2 3 -4 4 -6 26 -8 14 9 -11 -12 -13 15 -15 -16 16 -18 18 -20 20 -22 22 -24 -25 -26 -27 -28 -29 -30 -31
leaf_value=-0.01898279138931145 -0.0069739109804975623 -0.01117785616880794 0.037585848365666766 -0.0065904219728266386 -0.021567495652681977 -0.0056769383708868771 0.034438016023342302 0.0018869614628353004 0.046206499881558484 0.003607223885228274 0.031526789959004771 -0.013102594836867784 0.029923273645755782 0.015900234946134593 -0.023769502773234669 -0.004267758714225408 0.019265227368704344 0.045116303540635852 -0.00012461363147083464 0.056777310479001544 -0.013774008522168986 0.019055581764105677 0.0018284652062169346 0.024156954332628652 0.0069244347108993526 0.065713824586219952 -0.011468249633031896 -0.0072013827899581415 0.029239289479818176 0.010766449234302403
leaf_weight=70.969403171911836 123.91152083873749 1246.1530182622373 560.77551612257957 512.43923952430487 928.22436295263469 331.05764007940888 86.693809803575277 127.30090573243797 62.961085546761751 66.295160513371229 58.719029985368252 132.90244783461094 59.520111586898565 180.26961473375559 99.686278272420168 969.85709008947015 177.26949834823608 49.905313331633806 46.735231522470713 66.193085700273514 76.628186158835888 56.091206595301628 683.72342075780034 58.651616029441357 84.234219949692488 39.231517449021339 347.70556850172579 607.12461492791772 56.899996846914291 377.66545338183641
leaf_count=554 296 10086 2714 4313 11054 1923 319 532 235 206 187 550 330 518 448 4457 563 243 180 284 202 264 2614 197 378 224 2367 4712 379 2280
internal_value=-0.000329536 -0.00390749 0.0274454 -0.00949555 -0.0162485 -0.00621178 0.0128386 0.00433835 0.00547419 0.0245529 0.00452778 0.00389935 0.00483079 0.00658988 -0.00943546 0.00555218 0.00491114 0.00370875 0.0234607 0.0027595 0.0190917 0.00151706 0.00644914 -0.00262492 0.0239363 0.0387414 -0.00261036 -0.000360016 0.00506737 0.00308826
internal_weight=8345.8 7394.14 951.65 4407.27 1440.66 2966.61 390.875 2986.87 2759.89 129.256 2630.63 2571.91 2439.01 304.181 226.987 2368.04 2308.52 2131.25 96.6405 2034.61 142.821 1891.79 863.28 1028.51 179.557 95.3227 1720.45 1372.75 765.623 708.723
internal_count=53609 49762 3847 37114 15367 21747 1133 12648 11668 441 11227 11040 10490 814 980 9936 9606 9043 423 8620 486 8134 3480 4654 866 488 11661 9294 4582 4203
is_linear=0
shrinkage=0.03


Tree=45
num_leaves=31
num_cat=1
split_feature=14 41 21 49 6 5 30 45 5 11 11 4 11 5 15 43 27 30 43 44 15 11 17 47 47 47 30 2 45 30
split_gain=862.423 270.055 193.856 98.9108 98.5816 62.6039 49.3911 58.3774 49.3469 47.53 82.5916 107.344 189.414 145.913 140.045 72.2623 128.929 108.133 56.6917 48.8896 48.3568 47.6975 46.7193 54.0066 46.5481 42.9179 40.8547 69.901 40.2795 37.6153
threshold=4.5000000000000009 21.500000000000004 1.5000000000000002 0 21.500000000000004 15.500000000000002 166.50000000000003 3.4500000476837163 2.5000000000000004 1.0000000180025095e-35 9.5000000000000018 2.5000000000000004 3.5000000000000004 2.5000000000000004 13.500000000000002 5.1499998569488534 2.5000000000000004 111.50000000000001 1.3499999642372134 0.25000000745058065 6.5000000000000009 2.5000000000000004 6.5000000000000009 1.5000000000000002 32.500000000000007 1.0000000180025095e-35 612.50000000000011 1.5000000000000002 33.95000076293946 128.50000000000003
decision_type=2 2 2 1 2 2 2 2 2 2 2 2 2 2 2 2 2 2 2 2 2 2 2 2 2 2 2 2 2 2
left_child=1 3 22 5 -3 9 -6 -8 -4 26 11 13 -13 21 15 16 17 -15 -19 -17 -12 29 23 -2 25 28 -1 -28 -10 -11
right_child=2 4 8 -5 6 -7 7 -9 24 10 20 12 -14 14 -16 19 -18 18 -20 -21 -22 -23 -24 -25 -26 -27 27 -29 -30 -31
leaf_value=-0.0027890246249956808 0.0087474005231779235 -0.019293451304599911 0.028277639492530832 -0.023380167976729923 -0.010152296052488503 0.036235938790594432 -0.014868001350603125 0.0047278731189851651 -0.010708227668428183 0.0011501878236505453 -0.015190338385428739 -0.0057134678746309656 0.051182310693750559 0.034787328532543807 -0.0073827437027947709 -0.0024791239254522836 0.013044713085888716 0.12765064981000224 0.066961639333559753 0.038632416564006809 0.010200189183289432 -0.0076704067612874188 0.034463108300424705 0.041918129306582355 -0.0063097530990013761 0.031719452060364056 -0.006169324491139193 0.04181271596300104 0.012893571346012545 0.039719527222483626
leaf_weight=1584.5802600458264 157.82601165771484 882.56896926276386 98.139275468885899 139.01616770960391 1907.16464311257 47.41376543790102 188.62617127969861 490.36917502433062 87.901677511632442 48.747920759022236 225.46894802153111 505.29788445495069 57.775175541639328 42.410004705190659 65.173541955649853 42.553523207083344 46.75963231548667 30.596553105860949 33.105690009891987 65.596822664141655 95.361075008288026 169.00568157061934 599.13721888512373 60.767581298947334 202.02102393656969 74.435169234871864 58.325953409075737 50.047200098633766 242.94580522924662 41.785220872610807
leaf_count=7768 464 10318 305 1383 16330 209 1538 3385 250 240 1068 2138 311 275 254 190 198 226 194 333 363 788 2809 259 574 264 239 197 756 230
internal_value=-0.000213576 -0.00477379 0.0201877 0.00130278 -0.0106393 0.00237867 -0.00767965 -0.000729757 0.00864688 0.00185979 0.00580524 0.00956216 0.000204818 0.0185418 0.0318662 0.0416569 0.0549173 0.0730749 0.0976333 0.0225819 -0.00763521 0.00173723 0.0301211 0.0181175 0.00543331 0.011288 -0.00156663 0.0161687 0.00660952 0.0191912
internal_weight=8340.92 6817.75 1523.17 3349.02 3468.73 3210 2586.16 678.995 705.443 3162.59 1469.64 1148.81 563.073 585.735 326.196 261.022 152.872 106.112 63.7022 108.15 320.83 259.539 817.731 218.594 607.304 405.283 1692.95 108.373 330.847 90.5331
internal_count=53856 48175 5681 16604 31571 15221 21253 4923 2149 15012 6808 5377 2449 2928 1670 1416 893 695 420 523 1431 1258 3532 723 1844 1270 8204 436 1006 470
cat_boundaries=0 1
cat_threshold=2
is_linear=0
shrinkage=0.03


Tree=46
num_leaves=31
num_cat=1
split_feature=40 15 40 2 4 2 30 27 14 28 1 37 49 47 15 30 28 15 39 28 30 5 30 39 15 30 30 22 38 22
split_gain=890.859 287.157 153.748 133.569 80.1129 70.1351 61.3098 56.0971 47.7893 57.2411 79.604 47.782 46.9173 34.3451 34.331 54.5584 82.8273 105.998 41.4894 52.3359 49.6655 64.7667 34.1641 31.2392 30.9947 30.5177 49.6398 27.7927 27.7518 27.7291
threshold=5.5000000000000009 1.5000000000000002 25.500000000000004 1.5000000000000002 7.5000000000000009 51.500000000000007 146.50000000000003 391.00000000000006 26.500000000000004 3.5000000000000004 1.5000000000000002 2.5000000000000004 0 56.500000000000007 70.500000000000014 818.00000000000011 557.50000000000011 14.500000000000002 2.2746249437332158 45.500000000000007 234.50000000000003 3.5000000000000004 7117.5000000000009 2.5013720989227299 73.500000000000014 207.50000000000003 191.50000000000003 14.500000000000002 1.928571403026581 54.500000000000007
decision_type=2 2 2 2 2 2 2 2 2 2 2 2 1 2 2 2 2 2 2 2 2 2 2 2 2 2 2 2 2 2
left_child=1 3 4 6 5 8 29 12 9 -2 -11 13 14 22 15 18 17 -17 19 20 25 -22 -8 -5 -16 26 27 -3 -18 -1
right_child=2 7 -4 23 -6 -7 11 -9 -10 10 -12 -13 -14 -15 24 16 28 -19 -20 -21 21 -23 -24 -25 -26 -27 -28 -29 -30 -31
leaf_value=-0.010819091910252539 -0.00018425156455585768 0.0033385051188300932 0.037808254791946196 -0.020476047650708814 0.042040469897890273 -0.012701103384262769 0.0012173751493470589 0.035559902198008982 0.032404699666198272 0.036178986562628308 0.0043688136601962857 0.03507770602414427 -0.02178329802075871 -0.020575161422696078 -0.029991614767534515 0.059929184773103446 -0.013828564859993453 0.0094775373946506206 0.015668310750129939 -0.0083630820229270344 -0.0027474265867215397 0.046949902497086783 -0.021103073936061693 0.0078618651820102879 0.0037408091781742439 -0.01144820646144052 0.025427493589453471 -0.0088593058274493725 0.011569994934168078 0.00072913272383928133
leaf_weight=1755.9542140495032 213.46152429655194 1414.5898995082825 434.94962145388126 898.20916559267789 90.634538665413857 88.437300633639097 919.28368462435901 45.187518663704395 123.35106138885021 141.71316539868712 141.13163603842258 31.539109360426664 70.428435130044818 80.238911462947726 52.623287484049797 64.268518209457397 71.376403912901878 89.105495266616344 183.89122224040329 443.76418644189835 43.3426499273628 50.541398886591196 65.153892802074552 35.935625040903687 44.795398883521557 140.1086983717978 83.930636404082179 189.80342672392726 82.25747063010931 209.30305215716362
leaf_count=15036 579 7006 2239 9776 358 312 6424 158 527 505 368 248 626 606 243 284 185 313 596 1792 181 258 348 383 226 546 406 1207 273 1860
internal_value=-4.54671e-05 -0.00415339 0.0234661 -0.00945374 0.0156186 0.0121821 -0.00642002 0.00274584 0.0157482 0.0115515 0.0203779 -0.000734429 0.00224404 -0.00182722 0.00282399 0.00342303 0.0153499 0.0308696 0.00198162 0.000911729 0.00305604 0.0242194 -0.000279794 -0.0193787 -0.0146002 0.00195673 0.00307528 0.00189086 -0.000242982 -0.00958944
internal_weight=8299.31 7065.63 1233.68 3995.62 798.729 708.095 3061.47 3070.01 619.657 496.306 282.845 1096.22 3024.83 1064.68 2954.4 2856.98 307.008 153.374 2549.97 2366.08 1922.32 93.884 984.438 934.145 97.4187 1828.43 1688.32 1604.39 153.634 1965.26
internal_count=53869 48981 4888 34681 2649 2291 24522 14300 1979 1452 873 7626 14142 7378 13516 13047 1055 597 11992 11396 9604 439 6772 10159 469 9165 8619 8213 458 16896
cat_boundaries=0 1
cat_threshold=2
is_linear=0
shrinkage=0.03


Tree=47
num_leaves=31
num_cat=1
split_feature=40 41 40 6 4 2 29 49 41 11 28 44 47 47 5 5 29 1 28 27 29 42 11 29 28 27 29 29 19 6
split_gain=796.233 267.194 144.281 96.9334 74.7367 78.0333 71.6644 51.9797 46.5111 46.9587 51.0563 43.4575 42.4911 63.1945 48.2289 48.0726 38.2415 36.1046 40.0239 33.1999 112.899 33.8151 39.7368 62.7773 33.1982 33.1448 46.6631 87.4449 36.4526 50.9825
threshold=5.5000000000000009 14.500000000000002 24.500000000000004 14.500000000000002 7.5000000000000009 54.500000000000007 33.500000000000007 0 544.50000000000011 1.0000000180025095e-35 50.500000000000007 1.0000000180025095e-35 55.500000000000007 49.500000000000007 3.5000000000000004 12.500000000000002 16.500000000000004 1.5000000000000002 3.5000000000000004 2.5000000000000004 137.50000000000003 1.0000000180025095e-35 1.0000000180025095e-35 57.500000000000007 2.5000000000000004 203.00000000000003 794.50000000000011 221.50000000000003 0.55000001192092907 15.500000000000002
decision_type=2 2 2 2 2 2 2 1 2 2 2 2 2 2 2 2 2 2 2 2 2 2 2 2 2 2 2 2 2 2
left_child=1 7 4 -3 5 11 8 12 9 -5 16 24 13 15 -15 25 -11 18 -13 21 -21 -8 23 -23 -2 26 27 28 -1 -30
right_child=2 3 -4 6 -6 -7 19 -9 -10 10 -12 17 -14 14 -16 -17 -18 -19 -20 20 -22 22 -24 -25 -26 -27 -28 -29 29 -31
leaf_value=0.0087984115572893058 -0.0081713094594741183 -0.018857215192834943 0.035465039119901572 -0.010817586371068456 0.039441889896576203 -0.015764104599512531 0.006673418434721406 -0.019024731340926016 -0.016078174497523856 -0.0057011246547438339 0.036198271411818181 0.016601363593693203 -0.0095153317467678578 0.043642409915146944 0.0065596205506063916 0.024068501163850991 0.013953814655834585 0.0065083081784376197 0.040959930514532165 0.0016071482529505551 0.061235539468977786 -0.010354057435759236 -0.016728484781593729 0.031815828253003248 0.013869928974165356 0.022196259014253192 -0.023207119446936274 0.03059087355427742 -0.0015734367355957042 0.024202384628609349
leaf_weight=474.23680730909109 101.38731414079666 757.87744584400207 452.65483717620373 1064.3340999595821 92.156714670360088 86.38170113414526 210.43834139220417 95.817788945510983 685.52314597181976 558.04205973632634 31.045418813824654 138.06485252827406 214.33591778203845 61.978776447474957 64.118694495409727 95.760880015790462 105.00455696880817 104.71384988725185 110.83296683058143 180.50249187462032 32.966271533630788 93.638927986845374 210.3934513553977 46.846985721960664 153.34822278469801 73.729888923466206 63.805689349770546 95.341803777962923 1727.1587480586022 70.937225399538875
leaf_count=2370 267 8817 2330 8444 351 308 1526 957 7034 4435 238 468 1020 294 260 331 706 281 426 1373 247 732 1354 328 468 238 189 369 7262 328
internal_value=-0.000175169 -0.0040932 0.0219801 -0.00920953 0.0141877 0.0107858 -0.00693275 0.00260641 -0.0094523 -0.00686153 -0.000788402 0.0145755 0.00331728 0.00432899 0.0249863 0.00331828 -0.00257211 0.021368 0.0275686 0.00101673 0.0110582 -0.00281492 -0.00850831 0.00383356 0.00509965 0.00251582 0.00191017 0.00259656 0.00140905 -0.00054366
internal_weight=8253.38 7013.84 1239.54 3976.61 786.886 694.729 3218.74 3037.22 2443.95 1758.43 694.092 608.347 2941.4 2727.07 126.097 2600.97 663.047 353.612 248.898 774.786 213.469 561.318 350.879 140.486 254.736 2505.21 2431.48 2367.67 2272.33 1798.1
internal_count=53751 48852 4899 35234 2569 2218 26417 13618 20857 13823 5379 1910 12661 11641 554 11087 5141 1175 894 5560 1620 3940 2414 1060 735 10756 10518 10329 9960 7590
cat_boundaries=0 1
cat_threshold=2
is_linear=0
shrinkage=0.03


Tree=48
num_leaves=31
num_cat=0
split_feature=40 41 37 6 29 28 30 45 3 3 3 3 3 45 27 29 29 28 29 45 27 29 27 30 30 11 39 42 3 30
split_gain=774.188 302.242 138.16 105.18 82.9008 56.9018 50.1079 79.2327 47.1545 41.1303 39.6369 45.1686 38.9124 83.9083 51.7785 81.8738 81.7154 161.513 78.2967 66.9475 48.4695 48.1121 50.4361 38.079 123.958 112.554 37.3318 37.2254 36.7598 34.4122
threshold=8.5000000000000018 21.500000000000004 3.5000000000000004 22.500000000000004 13.500000000000002 24.500000000000004 166.50000000000003 3.4500000476837163 14.500000000000002 21.500000000000004 4.5000000000000009 50.500000000000007 86.500000000000014 44.549999237060554 9.5000000000000018 439.50000000000006 849.50000000000011 320.00000000000006 131.50000000000003 1.6500000357627871 1.5000000000000002 20.500000000000004 3.5000000000000004 6306.5000000000009 746.50000000000011 2.5000000000000004 0.50259283185005199 6.0499999523162851 71.500000000000014 162.50000000000003
decision_type=2 2 2 2 2 2 2 2 2 2 2 2 2 2 2 2 2 2 2 2 2 2 2 2 2 2 2 2 2 2
left_child=1 4 5 -3 10 -2 -5 -8 23 -10 26 27 14 -14 16 -16 17 18 19 -6 29 -22 -23 24 -9 -26 -1 -12 -11 -21
right_child=2 3 -4 6 12 -7 7 8 9 28 11 -13 13 -15 15 -17 -18 -19 -20 20 21 22 -24 -25 25 -27 -28 -29 -30 -31
leaf_value=-0.01198145024405748 0.0061669360665646119 -0.018817495162556007 0.035665196038233767 -0.0094504365711386134 -0.0086368685572396856 0.03485362506466317 -0.016436216093474142 0.0066433135057777362 -0.024311486316402821 0.032132818374183685 0.0017737682632840148 -0.0099096409691092433 0.023516888177634986 -0.022871241234474166 -0.0046635628312389956 0.026678580225546367 -0.024218340975866698 0.062837195293722753 0.037738235513005466 0.013299691571380893 -0.0015016892106374821 0.048671149404592454 0.018194819697168969 -0.018383551336246619 0.095875723511564009 0.012261904203690161 0.014372755735462824 0.023823105244028083 -0.011550462300352515 -0.00022536702766219943
leaf_weight=484.06730821914971 306.80626992881298 905.214534079656 531.51443515717983 1800.171772823669 184.65681726485491 77.276165693998337 184.52977477665991 250.73807056806982 68.999149607494473 30.741327539086342 903.61645508185029 295.45672513358295 50.746913645416498 108.33847054094076 505.87029380910099 87.04106443375349 57.196368254721165 53.246423147618771 84.030906490981579 336.92785841971636 67.032065397128463 69.258852634578943 168.46688289940357 31.447534400969744 28.924787677824497 28.741925612092018 52.889363422989845 73.622435916215181 37.380931992083788 339.23902432247996
leaf_count=3343 849 10824 2732 15847 833 266 1529 1796 416 239 4318 1511 248 441 1732 286 177 238 383 1552 247 349 681 169 234 207 228 377 241 1397
internal_value=-0.000218053 -0.00348549 0.0257678 -0.0100774 0.00217494 0.0120141 -0.0068571 0.000203859 0.00666243 -0.00814619 -0.00253651 0.000349015 0.00621111 -0.00801935 0.00737381 -2.52746e-05 0.0105971 0.0121429 0.00993427 0.00789915 0.0110176 0.0209343 0.0272405 0.0126437 0.0158567 0.0551208 -0.00936371 0.00345756 0.00834204 0.00652374
internal_weight=8204.19 7288.59 915.597 3366.89 3921.7 384.082 2461.68 661.504 476.974 137.121 1809.65 1272.7 2112.05 159.085 1952.97 592.911 1360.06 1302.86 1249.61 1165.58 980.925 304.758 237.726 339.852 308.405 57.6667 536.957 977.239 68.1223 676.167
internal_count=53690 49843 3847 31502 18341 1115 20678 4831 3302 896 9777 6206 8564 689 7875 2018 5857 5680 5442 5059 4226 1277 1030 2406 2237 441 3571 4695 480 2949
is_linear=0
shrinkage=0.03


Tree=49
num_leaves=31
num_cat=0
split_feature=41 40 41 4 5 28 29 45 28 14 42 22 30 9 14 45 44 45 45 5 47 9 45 28 28 5 45 1 28 29
split_gain=712.221 322.295 143.538 98.3707 79.7054 53.5598 51.9647 50.2802 52.4141 39.4809 35.3602 34.5676 48.0391 34.4306 81.1564 31.6094 31.3923 39.7265 62.5852 69.0564 41.4546 30.1056 43.4674 44.0771 59.176 29.6738 29.3445 29.22 45.4604 50.5005
threshold=5.5000000000000009 23.500000000000004 544.50000000000011 7.5000000000000009 1.0000000180025095e-35 1.5000000000000002 16.500000000000004 5.3500001430511483 14.500000000000002 73.500000000000014 9.0500001907348651 54.500000000000007 14.500000000000002 47.500000000000007 26.500000000000004 0.65000000596046459 0.35000000894069677 3.4500000476837163 16.150000572204593 4.5000000000000009 1.0000000180025095e-35 1.5000000000000002 58.899999618530281 30.500000000000004 12.500000000000002 7.5000000000000009 43.549999237060554 1.5000000000000002 125.50000000000001 741.50000000000011
decision_type=2 2 2 2 2 2 2 2 2 2 2 2 2 2 2 2 2 2 2 2 2 2 2 2 2 2 2 2 2 2
left_child=1 3 6 9 5 -4 11 -7 -9 13 15 -2 26 14 16 -8 21 -18 19 -19 -20 -1 -23 24 -24 -15 -13 28 29 -17
right_child=2 -3 4 -5 -6 7 10 8 -10 -11 -12 12 -14 25 -16 27 17 18 20 -21 -22 22 23 -25 -26 -27 -28 -29 -30 -31
leaf_value=-0.0058074497316326834 -0.0077386055205325632 0.034853985029319502 -0.013729122575094094 0.038761573109224033 -0.021320800967403398 -0.0073254346932309115 -0.010805397096246595 0.043661012951137015 -0.0048277062670868467 0.030833652973353848 -0.019511951533184569 0.010501670700373864 -0.014012850047355321 0.0057408957220873502 0.028960879451519147 0.0046389353229888903 -0.0014419364949633318 0.055880962586468602 0.01150170145901399 0.01054777672777445 -0.013520256792093857 0.00074409096958737196 0.004702970870759376 0.0026528062737421008 0.048711732997107557 -0.018037840969401722 0.052588309671572006 -0.012254820988109009 0.037916577584587219 -0.020341703363200962
leaf_weight=326.13666698150337 2158.1916614286602 450.89468389749527 293.41317475028336 85.862321801483631 804.09170489758253 100.01082367822528 174.87855204381049 48.849857790395617 33.272928848862648 56.58723197504878 77.287783119827509 41.868301935493946 45.465493807569146 90.156196925789118 137.59210380166769 1134.6953985802829 235.93677012622356 57.467316709458828 536.65967653505504 63.846230302006006 66.171542592346668 593.99297807365656 49.098528057336807 108.19778484851122 62.191621825098991 97.355765961110592 22.750090897083282 107.05698649771512 33.608102936297655 76.841280721127987
leaf_count=1240 16440 2387 2640 322 10542 869 1234 437 226 237 421 375 374 331 495 6871 911 283 2025 228 213 2059 169 360 302 274 229 646 233 384
internal_value=-8.13401e-05 0.0114892 -0.00686014 0.00737358 -0.0155673 -0.00581464 -0.00397973 0.00694077 0.0241936 0.0062723 0.000152619 -0.00690136 0.00943478 0.00568664 0.00672186 0.00115999 0.00525146 0.00924518 0.0127244 0.0323038 0.00873725 0.00188176 0.00496782 0.0163431 0.0295109 -0.00663516 0.0258947 0.0027143 0.00401014 0.00303908
internal_weight=8170.43 3018.15 5152.28 2567.25 1279.64 475.547 3872.64 182.134 82.1228 2481.39 1604.37 2268.28 110.084 2424.8 2237.29 1527.08 2099.7 960.082 724.145 121.314 602.831 1139.62 813.481 219.488 111.29 187.512 64.6184 1352.2 1245.14 1211.54
internal_count=53757 11836 41921 9449 14714 4172 27207 1532 663 9127 9789 17418 978 8890 8285 9368 7790 3660 2749 511 2238 4130 2890 831 471 605 604 8134 7488 7255
is_linear=0
shrinkage=0.03


Tree=50
num_leaves=31
num_cat=1
split_feature=41 40 21 4 28 5 3 29 3 41 49 19 3 41 14 42 19 28 19 10 3 40 28 44 3 19 28 47 10 9
split_gain=686.434 233.708 170.851 124.844 105.095 65.6065 79.6247 55.4216 61.5921 54.846 64.9905 49.4278 53.3787 69.3333 49.1103 45.6928 40.4527 40.1548 94.8958 38.649 37.6206 34.3135 34.1849 34.0057 33.7558 50.6626 75.9523 61.8694 31.16 102.579
threshold=1.0000000180025095e-35 1.5000000000000002 1.0000000180025095e-35 1.5000000000000002 209.50000000000003 15.500000000000002 63.500000000000007 5.5000000000000009 25.500000000000004 544.50000000000011 0 0.15000000596046451 5.5000000000000009 55.500000000000007 10.500000000000002 2.5499999523162846 0.18333333730697635 38.500000000000007 3.1500000953674321 3.5000000000000004 1.5000000000000002 1.0000000180025095e-35 1.5000000000000002 3.8500000238418584 41.500000000000007 0.91666665673255932 13.500000000000002 1.0000000180025095e-35 1.5000000000000002 1.0000000180025095e-35
decision_type=2 2 2 2 2 2 2 2 2 2 1 2 2 2 2 2 2 2 2 2 2 2 2 2 2 2 2 2 2 2
left_child=2 3 14 4 9 6 7 19 28 11 20 21 16 24 -1 -4 -13 18 -10 -3 22 -2 -11 -24 25 26 27 -14 -9 -30
right_child=1 5 15 -5 -6 -7 -8 8 17 10 -12 12 13 -15 -16 -17 -18 -19 -20 -21 -22 -23 23 -25 -26 -27 -28 -29 29 -31
leaf_value=0.011550110057312029 -0.0068024916663268426 0.0016351855872258872 0.0059025143039812119 -0.018708513394591574 0.035900446590647894 0.036259564946612782 -0.0099201300391482602 0.0041369355517578161 0.061882541291568421 -0.015259391684583831 0.026644943417488059 0.016157235431670126 0.069086209025424936 -0.018190256767470069 0.034933281849601677 0.023130120820015396 -0.0067915561795948995 0.0084082626663591481 0.010308253513245129 -0.017616851591579066 -0.021365498277700363 -0.022299318608270297 -0.0036623541569350306 0.034232809653466589 0.00043142355914346645 0.0031323833935339544 0.0089685292729011195 0.015191544865628577 -0.0085740605153679424 0.051185732276042083
leaf_weight=97.498302593827248 876.18753055855632 709.24733540788293 591.85889889858663 808.79204414598644 53.024727965705097 52.866043468937278 374.09251542948186 882.52113343216479 59.086006483063102 284.40803952887654 35.416653795167804 74.220528904348612 49.926138808950782 84.64261937700212 511.34953548014164 180.38974502682686 860.02524591237307 94.612897023558617 70.004655081778765 107.14011968486011 379.87933543697 150.15637934394181 167.96456072106957 23.389455754309893 171.81497552059591 134.86912869848311 93.647099453955889 31.856483977288008 50.828829124569893 51.093953464180231
leaf_count=308 7174 3478 1753 8811 327 208 1796 3624 315 2663 280 501 402 716 2715 591 5780 305 285 452 4839 1341 1482 211 1123 840 573 215 183 273
internal_value=8.28242e-05 -0.00387045 0.0193406 -0.00810012 -0.00562385 0.00351471 0.00277819 0.00512832 0.00920591 -0.00627826 -0.0126745 -0.00401904 -0.000548452 0.0067081 0.0312139 0.00995142 -0.00495308 0.0233826 0.0342085 -0.000909853 -0.0143312 -0.00908921 -0.00868157 0.00112351 0.011108 0.0169993 0.027582 0.0485299 0.00596397 0.0215898
internal_weight=8112.81 6731.71 1381.1 4280.22 3471.43 2451.49 2398.63 2024.53 1208.15 3418.4 891.058 2527.35 1501 566.756 608.848 772.249 934.246 223.704 129.091 816.387 855.641 1026.34 475.762 191.354 482.114 310.299 175.43 81.7826 984.444 101.923
internal_count=53564 48197 5367 37278 28467 10919 10711 8915 4985 28140 9475 18665 10150 3869 3023 2344 6281 905 600 3930 9195 8515 4356 1693 3153 2030 1190 617 4080 456
cat_boundaries=0 1
cat_threshold=2
is_linear=0
shrinkage=0.03


Tree=51
num_leaves=31
num_cat=1
split_feature=41 40 40 4 28 4 3 41 49 14 29 42 5 47 47 3 41 11 41 11 5 27 29 30 3 4 41 30 3 30
split_gain=648.122 212.165 170.209 126.223 92.905 77.3843 76.6101 53.0211 48.717 44.9383 54.169 46.1879 44.6185 156.933 39.5615 37.0424 93.8752 64.3552 91.4001 121.805 49.806 47.1784 35.6773 34.4855 90.9346 34.067 33.5979 41.6034 34.6722 41.7431
threshold=1.0000000180025095e-35 1.5000000000000002 26.500000000000004 1.5000000000000002 209.50000000000003 7.5000000000000009 51.500000000000007 544.50000000000011 0 26.500000000000004 46.500000000000007 2.3500000238418584 10.500000000000002 1.0000000180025095e-35 32.500000000000007 5.5000000000000009 51.500000000000007 1.0000000180025095e-35 21.500000000000004 5.5000000000000009 4.5000000000000009 1.0000000180025095e-35 89.500000000000014 1582.5000000000002 10.500000000000002 3.5000000000000004 60.500000000000007 4.5000000000000009 1.0000000180025095e-35 167.50000000000003
decision_type=2 2 2 2 2 2 2 2 1 2 2 2 2 2 2 2 2 2 2 2 2 2 2 2 2 2 2 2 2 2
left_child=2 3 9 4 7 6 12 15 -9 11 -11 14 22 -14 25 21 17 20 19 -19 23 26 -3 24 -17 -1 27 -2 -28 -30
right_child=1 5 -4 -5 -6 -7 -8 8 -10 10 -12 -13 13 -15 -16 16 -18 18 -20 -21 -22 -23 -24 -25 -26 -27 28 -29 29 -31
leaf_value=-0.0044359484458475007 -0.020114291703525713 0.002488466484938869 0.03640263740302082 -0.018713054225991579 0.032496842807005863 0.036126641186215003 -0.0084707862867979804 -0.013931052867384063 0.02113005900510595 0.036493611577265515 0.0059478867411530802 0.021730399539536149 0.046325019731557594 -0.014700140977971917 0.01829144696036791 0.0035537600527181107 -0.016432269373954117 0.073213931213838207 0.0051778471528588534 0.0028493821628793338 -0.0078272242690848905 0.0049425766936230763 0.020533663227290135 -0.0098903883076281677 0.065103632574841266 0.013523593264022669 0.017473113684032114 -0.0073661393850690676 -0.014507104611803406 0.024936179684909025
leaf_weight=332.23327350057662 319.7046525888145 1664.5677111148834 357.21260493993759 798.26352689694613 56.021941125392914 61.204647619277239 480.39952022209764 844.44317706301808 36.37596395984292 131.66786605119705 86.946912221610546 196.58871605992317 88.012185571715236 65.419581118971109 151.74553486332297 67.117062103003263 212.11816297098994 49.808947309851646 171.54484727792442 39.390408620238304 291.04040555842221 266.43695441260934 103.85698816925287 38.263318989425898 30.945459553971887 131.9984660372138 79.798356872051954 826.54296762682498 122.53878337144852 29.061041370034218
leaf_count=931 3078 7476 2069 8893 327 227 2285 9196 277 631 239 641 374 203 505 449 1839 278 1219 196 1994 1940 385 221 247 396 733 5344 1050 243
internal_value=-7.94811e-05 -0.0039234 0.0185783 -0.00796026 -0.00548987 0.00308966 0.00223326 -0.00612049 -0.0124608 0.0123744 0.0244274 0.00910563 0.00491192 0.0203787 0.00504775 -0.00392151 0.000969841 0.00635031 0.018065 0.042517 -0.000822563 -0.00659876 0.00355924 0.0140797 0.0234381 0.000688714 -0.00883282 -0.0109362 0.00158872 -0.00683213
internal_weight=8131.27 6742.88 1388.39 4279.42 3481.15 2463.46 2402.26 3425.13 880.819 1031.18 218.615 812.566 1921.86 153.432 615.977 2544.31 900.229 688.11 260.744 89.1994 427.366 1644.08 1768.42 136.326 98.0625 464.232 1377.65 1146.25 231.398 151.6
internal_count=53886 48474 5412 37524 28631 10950 10723 28304 9473 3343 870 2473 8438 577 1832 18831 6443 4604 1693 474 2911 12388 7861 917 696 1327 10448 8422 2026 1293
cat_boundaries=0 1
cat_threshold=2
is_linear=0
shrinkage=0.03


Tree=52
num_leaves=31
num_cat=2
split_feature=14 40 41 49 6 11 38 19 5 4 11 38 3 4 42 30 11 45 45 49 30 45 41 44 22 3 30 30 43 3
split_gain=645.007 207.868 163.946 148.227 121.055 71.1203 85.8743 69.7689 106.67 65.1869 60.3622 57.8787 53.0185 94.3701 51.6923 51.3702 62.2097 166.847 52.3721 49.8327 59.808 63.2337 59.279 51.8278 49.6137 46.2263 91.998 212.183 44.6295 43.3435
threshold=2.5000000000000004 24.500000000000004 41.500000000000007 0 42.500000000000007 1.0000000180025095e-35 4.2142856121063241 1.416666626930237 8.5000000000000018 6.5000000000000009 27.500000000000004 14.785714149475099 4.5000000000000009 2.5000000000000004 3.6499999761581425 30.500000000000004 2.5000000000000004 30.050000190734867 58.899999618530281 1 146.50000000000003 3.4500000476837163 59.500000000000007 4.0499999523162851 15.500000000000002 85.500000000000014 643.50000000000011 7117.5000000000009 11.150000095367433 16.500000000000004
decision_type=2 2 2 1 2 2 2 2 2 2 2 2 2 2 2 2 2 2 2 1 2 2 2 2 2 2 2 2 2 2
left_child=2 10 3 5 -4 25 7 8 12 -9 11 14 24 15 -2 -14 18 -18 -17 20 -6 -22 -21 -23 -7 26 29 -28 -24 -1
right_child=1 -3 4 -5 19 6 -8 9 -10 -11 -12 -13 13 -15 -16 16 17 -19 -20 22 21 23 28 -25 -26 -27 27 -29 -30 -31
leaf_value=-0.0064841919097242823 0.0043992101263699273 0.034194131450776107 -0.01930499543755055 -0.023700841172896552 -0.013513272523869786 -0.0041928637352298759 0.042776036950017013 -0.0062136733504527877 0.04358212399332384 0.031418380112730848 0.037661550340051808 0.02846907728240675 -0.0091857216916784064 -0.0052025919539519265 0.021757901436843748 0.032081053249525031 0.0078063823176101081 0.093810910763003158 -0.0011509507131989838 -0.0084151347020152457 -0.014537822492294876 0.0041759711918750641 0.030463453465477117 0.041294276747188267 0.031522329054904992 -0.019131966227891043 0.069753189944476282 -0.018569122122173255 -0.014349271538904459 0.0040011729104365732
leaf_weight=1268.7930373046547 1099.7511600051075 411.8397324681282 943.6997638726607 241.38965004310012 668.40014775842428 414.04955104924738 51.639730680733919 616.11127301305532 72.941554088145494 43.419580286368728 67.205372411757708 121.17982706055045 37.333018315955997 159.24432422406971 178.79471553489566 99.625252675265074 41.730426535010338 38.903124580159783 74.001012491062284 113.18369727395475 150.6325669400394 228.42501369304955 98.772513072937727 38.809946933761239 37.231296289712191 152.26478702202439 48.759347598999739 47.530487067997456 24.37645067088306 491.62472787499428
leaf_count=7364 3403 2321 12221 2476 6253 2245 308 3083 395 220 251 490 263 730 614 574 249 273 332 1015 1326 1748 890 327 268 790 260 149 183 2786
internal_value=-1.1109e-05 0.0153839 -0.00467577 -0.000974385 -0.0111018 0.000516234 0.0050575 0.00384048 0.00893427 -0.00369239 0.0100832 0.00873314 0.00608763 0.0133521 0.0068418 0.0234683 0.02828 0.0499417 0.0179918 -0.00523858 -0.00795407 0.000949197 0.00722366 0.00970043 -0.00118313 -0.00329609 -0.00198783 0.0264129 0.021549 -0.00355538
internal_weight=8081.66 1878.77 6202.89 3936.59 2266.3 3695.2 1686.23 1634.59 975.06 659.531 1466.93 1399.73 902.118 450.837 1278.55 291.593 254.26 80.6336 173.626 1322.6 1086.27 417.868 236.333 267.235 451.281 2008.97 1856.71 96.2898 123.149 1760.42
internal_count=53807 7079 46728 22765 23963 20289 8940 8632 5329 3303 4758 4507 4934 2421 4017 1691 1428 522 906 11742 9654 3401 2088 2075 2513 11349 10559 409 1073 10150
cat_boundaries=0 1 2
cat_threshold=2 2
is_linear=0
shrinkage=0.03


Tree=53
num_leaves=31
num_cat=0
split_feature=40 41 37 41 6 30 45 45 45 6 29 10 9 28 18 42 15 41 22 42 46 30 45 28 45 45 11 38 11 30
split_gain=624.044 231.53 106.647 85.987 73.7533 46.4839 44.6637 43.8987 41.8299 39.5112 39.1375 43.1957 96.1277 39.4868 42.8777 36.364 40.2588 32.6128 32.4947 32.2961 40.347 31.7047 35.5477 42.4639 47.6908 53.2186 37.1277 53.1671 47.7977 35.7077
threshold=8.5000000000000018 11.500000000000002 3.5000000000000004 544.50000000000011 544.50000000000011 86.500000000000014 63.45000076293946 16.150000572204593 61.750000000000007 11.500000000000002 9.5000000000000018 1.5000000000000002 3.5000000000000004 36.500000000000007 9.7857141494750994 4.9500000476837167 4.5000000000000009 50.500000000000007 65.500000000000014 5.9500000476837167 2.5000000000000004 91.500000000000014 40.949998855590827 9.5000000000000018 63.45000076293946 74.850002288818374 1.0000000180025095e-35 0.21428572386503222 2.5000000000000004 162.50000000000003
decision_type=2 2 2 2 2 2 2 2 2 2 2 2 2 2 2 2 2 2 2 2 10 2 2 2 2 2 2 2 2 2
left_child=1 10 6 5 -5 18 7 -2 -6 -7 15 13 -13 21 -15 -1 -17 19 -3 20 -11 -12 26 29 -25 -26 27 -23 -28 -24
right_child=2 3 -4 4 8 9 -8 -9 -10 17 11 12 -14 14 -16 16 -18 -19 -20 -21 -22 22 23 24 25 -27 28 -29 -30 -31
leaf_value=-0.0026886155153763888 0.021465462405423127 -0.010390843447907309 0.033215399441315928 -0.020241111910081801 -0.0078469684655742538 -0.01340468974450054 0.032054480972065764 -0.0021950702465124493 0.023218535840195367 0.005755713387865089 -0.0032868165534851905 0.0035546176249931804 0.051244129549054239 -0.0068848362095124726 0.00888910748616005 0.00072645684719489594 0.03692092970769191 -0.0084208831197133214 0.016057614649435878 -0.013564801854832147 -0.014329210609761561 0.032681775477495519 0.0096635137055755601 0.00096650841258847286 0.041862455953591143 0.0045645807980052447 0.045087741191669459 0.00047703273257729696 0.0083438884018924558 -0.016685244428067118
leaf_weight=1081.8350705690682 111.55225182697177 1149.8112048003823 486.02301122248173 745.11500465683639 420.64294855482876 225.57257566787302 77.743755623698235 188.78862505406141 42.017906317487359 973.53088355623186 175.31121062487364 106.79592296108603 58.228968981653452 423.39514265209436 243.42572126165032 70.248305793851614 44.662852123379707 321.02990770898759 42.520492475479841 103.56150612048805 98.220982134342194 65.299329401925206 78.771942161023617 152.6045133844018 76.363325834274292 62.531199004501104 79.332135703414679 151.80722374096513 53.704448588192463 109.54785668104887
leaf_count=5320 377 9995 2695 10495 3866 2140 276 465 299 6167 685 403 240 1402 723 400 198 2623 377 614 582 355 319 556 342 218 359 562 240 362
internal_value=-0.000138798 -0.00304789 0.0239278 -0.00767664 -0.0144047 -0.00488431 0.0119326 0.00663497 -0.00498167 -0.00172957 0.00324151 0.00599047 0.0205891 0.00453823 -0.0011218 -0.000979885 0.0149914 3.82209e-05 -0.00943498 0.00235397 0.00390338 0.00829004 0.0107364 0.00541458 0.0125712 0.0252234 0.017993 0.0102687 0.0304278 -0.00567104
internal_weight=8020 7155.89 864.108 4122.02 1207.78 2914.25 378.085 300.341 462.661 1721.92 3033.87 1837.12 165.025 1672.09 666.821 1196.75 114.911 1496.34 1192.33 1175.31 1071.75 1005.27 829.962 479.819 291.499 138.895 350.143 217.107 133.037 188.32
internal_count=53655 49842 3813 37158 14660 22498 1118 842 4165 12126 12684 6766 643 6123 2125 5918 598 9986 10372 7363 6749 3998 3313 1797 1116 560 1516 917 599 681
is_linear=0
shrinkage=0.03


Tree=54
num_leaves=31
num_cat=1
split_feature=40 41 49 37 6 28 11 29 3 29 45 3 2 28 42 45 41 14 3 46 11 3 15 2 15 45 28 3 11 28
split_gain=538.609 218.14 162.503 150.538 137.33 45.3342 43.5136 64.764 55.2984 81.504 88.5595 52.0146 75.5069 137.555 107.484 51.4182 103.714 50.9783 44.1925 48.3114 54.4837 70.5586 64.6299 56.1301 54.4305 54.3068 67.4413 48.865 224.175 110.951
threshold=8.5000000000000018 35.500000000000007 0 3.5000000000000004 35.500000000000007 24.500000000000004 1.0000000180025095e-35 910.50000000000011 85.500000000000014 131.50000000000003 26.349999427795414 12.500000000000002 4.5000000000000009 16.500000000000004 1.0000000180025095e-35 63.750000000000007 5.5000000000000009 5.5000000000000009 93.500000000000014 2.5000000000000004 9.5000000000000018 71.500000000000014 23.500000000000004 13.500000000000002 6.5000000000000009 1.6500000357627871 26.500000000000004 5.5000000000000009 3.5000000000000004 25.500000000000004
decision_type=2 2 1 2 2 2 2 2 2 2 2 2 2 2 2 2 2 2 2 10 2 2 2 2 2 2 2 2 2 2
left_child=1 2 6 5 -3 -2 8 18 9 11 -11 17 13 14 -13 -14 -17 -1 19 20 21 22 23 25 -22 26 -8 -27 -29 -30
right_child=3 4 -4 -5 -6 -7 7 -9 -10 10 -12 12 15 -15 -16 16 -18 -19 -20 -21 24 -23 -24 -25 -26 27 -28 28 29 -31
leaf_value=-0.006213983675596284 0.0029814266417278888 -0.019839100796439735 -0.024979472210244245 0.033219737887285231 -0.0049403702130019229 0.027880112194227348 0.014450660181845274 -0.023393535510003675 -0.016792292717718538 -0.0062365589939740677 0.039542614986303536 0.010206884750243374 -0.0050474560788047063 -0.0017107272922046947 0.069735048054247281 0.054419378419968176 -0.0098076678319472411 0.028153268494629638 0.035299532169557377 -0.0067449789348803836 -0.010862549635006541 -0.010759715325705688 0.040703633336096418 -0.0064966203868177712 0.012568016975591751 0.0072575913281512014 -0.026310445851537283 0.012522482128399792 0.036929888259921197 0.10512719753677474
leaf_weight=1164.0006724912673 313.36585168540478 864.32224494218826 209.05087382812053 480.89628553390503 1564.4911343827844 82.414399370551109 80.049812659621239 68.494901143014431 178.67250485345721 62.965358231216669 94.118829265236855 49.647620517760515 489.58982942253351 135.29505917802453 60.738932598382235 40.58670873567462 49.077344918623567 39.208464551717043 44.516848651692271 256.88260629028082 255.70641967840493 133.15833564475179 66.6181366071105 151.67815884947777 135.80655155703425 361.43155624903738 65.542511003091931 435.77385027520359 57.200620032846928 35.245572954416275
leaf_count=6381 859 11762 2195 2722 13962 274 482 201 853 163 395 291 2075 688 439 181 320 133 260 1035 1346 636 252 590 527 1894 267 1954 315 210
internal_value=-0.000222318 -0.00294454 0.000814331 0.0219572 -0.0102482 0.00822335 0.00201468 0.0051042 -0.000793765 0.000521417 0.0212692 -0.00109523 0.00470365 0.0186036 0.0432936 -0.00121369 0.0195445 -0.00507162 0.0060536 0.00539684 0.00715366 0.00994234 0.0121483 0.0105126 -0.00272373 0.0130086 -0.00395341 0.0157858 0.0215964 0.0637772
internal_weight=8026.55 7149.87 4721.06 876.677 2428.81 395.78 4512.01 2148.11 2363.9 2185.23 157.084 2028.14 824.935 245.682 110.387 579.254 89.6641 1203.21 2079.61 2035.09 1778.21 1386.7 1253.54 1186.92 391.513 1035.24 145.592 889.652 528.22 92.4462
internal_count=53662 49807 24083 3855 25724 1133 21888 9969 11919 11066 558 10508 3994 1418 730 2576 501 6514 9768 9508 8473 6600 5964 5712 1873 5122 749 4373 2479 525
cat_boundaries=0 1
cat_threshold=2
is_linear=0
shrinkage=0.03


Tree=55
num_leaves=31
num_cat=1
split_feature=41 40 41 15 6 2 4 45 29 9 30 19 18 14 8 42 49 4 15 4 9 47 45 38 47 19 22 30 45 9
split_gain=539.82 162.649 161.679 63.9308 63.4561 56.3921 50.829 49.2299 118.292 45.3268 63.6381 112.196 43.1197 38.0963 40.7439 37.0095 33.7812 37.6964 36.6161 56.8938 60.4189 89.4799 32.6318 49.1077 40.5061 33.6243 33.2621 32.3166 31.0533 42.7729
threshold=1.0000000180025095e-35 23.500000000000004 544.50000000000011 1.5000000000000002 544.50000000000011 1.5000000000000002 7.5000000000000009 6.0499999523162851 44.500000000000007 47.500000000000007 643.50000000000011 1.3833333253860476 8.9285712242126483 26.500000000000004 32.500000000000007 2.8500000238418584 0 2.5000000000000004 5.5000000000000009 3.5000000000000004 4.5000000000000009 5.5000000000000009 62.399999618530281 0.5000000149011613 61.500000000000007 10.949999809265138 65.500000000000014 2.5000000000000004 42.549999237060554 6.5000000000000009
decision_type=2 2 2 2 2 2 2 2 2 2 2 2 2 2 2 2 1 2 2 2 2 2 2 2 2 2 2 2 2 2
left_child=1 13 3 5 -4 15 9 -6 27 10 16 -12 -13 -1 -15 22 17 -5 -19 20 -20 -22 23 24 26 -25 -2 -9 -21 -30
right_child=2 -3 4 6 7 -7 -8 8 -10 -11 11 12 -14 14 -16 -17 -18 18 19 28 21 -23 -24 25 -26 -27 -28 -29 29 -31
leaf_value=0.0076239320766769486 0.00036124011867280355 0.033562206313260338 -0.019484839642837901 0.0043223765082202161 -0.013476455282946297 -0.01563541822814073 0.026535521810170208 0.026968405532429875 0.060240066318176883 -0.01134257630314375 0.051372409246630953 -0.0073007183576724345 0.020277973839523209 0.033966335470851317 0.0046365203458290189 -0.011095738900579509 -0.022058926548555177 -0.0089756978158176837 -0.005091868381289672 -0.0094476896533457737 0.067396398865167642 0.0034328290207408319 -0.0078619153144876084 0.035547470142355139 -0.019914519521341646 -0.0012535633751297856 0.031277811766110379 -0.0096146134978997017 -0.0090503224553564136 0.02676995522053454
leaf_weight=802.8680224865675 967.88307903241366 379.47051671147346 716.65696338936687 1284.409650253132 267.11434957012534 391.58036420028657 69.293514160439372 24.830919194966555 29.861762108281255 254.74239315465093 60.399143278598785 112.80743040889502 91.60140405036509 111.80922491848469 69.091292656958103 427.17823848128319 58.168478583917022 519.57103770785034 54.284117987379432 257.81586064212024 39.081049667671323 38.900213913992047 471.37713144719601 59.786075541749597 86.581877660006285 35.228242319077253 31.367423454299569 136.4106652867049 58.720415648072958 59.547779463231564
leaf_count=2393 7646 2304 10487 6318 2523 3647 243 191 251 1294 241 377 291 508 180 3208 612 2560 191 907 235 173 3464 511 670 257 289 1206 223 241
internal_value=-0.000281162 0.0168994 -0.00382905 -0.00164479 -0.0139148 -0.00520606 0.00132954 -0.00517978 0.00642666 0.000716221 0.00188575 0.0158051 0.00509663 0.0104444 0.0228515 -0.0032355 0.000324813 0.000897185 -0.00338271 0.00234014 0.0191857 0.0359362 -0.00119777 0.00146686 -0.000351268 0.0220319 0.00136204 -0.00384939 -0.00361946 0.00905834
internal_weight=7968.44 1363.24 6605.2 5430.32 1174.87 2470.98 2959.34 458.218 191.103 2890.05 2635.31 264.808 204.409 983.769 180.901 2079.4 2370.5 2312.33 1027.92 508.349 132.265 77.9813 1652.22 1180.85 1085.83 95.0143 999.251 161.242 376.084 118.268
internal_count=53641 5385 48256 33598 14658 19692 13906 4171 1648 13663 12369 909 668 3081 688 16045 11460 10848 4530 1970 599 408 12837 9373 8605 768 7935 1397 1371 464
cat_boundaries=0 1
cat_threshold=2
is_linear=0
shrinkage=0.03


Tree=56
num_leaves=31
num_cat=1
split_feature=40 41 49 40 6 4 3 15 14 27 43 11 39 27 29 30 3 28 11 28 11 11 3 4 30 28 43 9 29 27
split_gain=489.792 189.84 135.664 134.542 111.893 55.7449 56.1222 57.4244 69.6961 44.7423 43.1868 52.8733 41.5244 52.7288 45.5501 63.281 91.2958 88.2798 126.542 46.4617 44.3759 63.8905 65.2585 147.602 69.2827 148.566 91.1566 54.3558 53.5574 70.9721
threshold=5.5000000000000009 35.500000000000007 0 25.500000000000004 35.500000000000007 7.5000000000000009 56.500000000000007 13.500000000000002 25.500000000000004 2.5000000000000004 7.0499999523162851 1.0000000180025095e-35 2.2746249437332158 115.50000000000001 910.50000000000011 892.50000000000011 79.500000000000014 559.50000000000011 1.5000000000000002 61.500000000000007 1.0000000180025095e-35 9.5000000000000018 3.5000000000000004 2.5000000000000004 111.50000000000001 2.5000000000000004 1.0500000119209292 4.5000000000000009 56.500000000000007 3.5000000000000004
decision_type=2 2 1 2 2 2 2 2 2 2 2 2 2 2 2 2 2 2 2 2 2 2 2 2 2 2 2 2 2 2
left_child=1 2 12 5 -3 6 7 -2 -9 -6 11 -11 13 14 15 19 17 18 -17 20 28 22 -22 24 25 -24 -26 -25 -1 -30
right_child=3 4 -4 -5 9 -7 -8 8 -10 10 -12 -13 -14 -15 -16 16 -18 -19 -20 -21 21 -23 23 27 26 -27 -28 -29 29 -31
leaf_value=-0.0037529049849295429 0.03655017961355915 -0.019024321131211924 -0.023399949590081574 0.032536035678217834 -0.0071033741390065909 0.032287800555694433 -0.0082561847425956878 0.0024764172370398013 0.029751132124438709 0.0027999406876859302 -0.014982347506276099 0.044916856244784427 0.012217937114258965 0.034990478826886731 -0.023812452600341396 0.062321756249010041 -0.020809822470704509 0.00092986730261213004 0.0094709129850541491 -0.0095943637761157219 -0.0044457491085532338 -0.007173230098284405 0.051618268443387356 -0.010700274929492798 0.069002570083418965 -0.010681433090532494 0.025247752049468913 0.011670544596101468 0.045628384715897724 -0.0042192730175029105
leaf_weight=1572.2477630507201 74.570428848266602 835.51782026235014 205.5586064029485 369.27253141999245 1393.569434504956 94.25572707504034 152.81218168325722 386.71022361516953 106.91040636599064 66.670678028836846 44.221309207379818 44.051589265465736 301.15702422894537 38.878245417028666 68.155163269490004 76.179066883400083 59.093112412840128 125.8013627268374 87.342421635985374 438.18769019283354 257.46505631133914 299.34897041320801 51.734702767804265 200.32055770605803 59.335772749036551 98.613570446148515 156.01200241409242 189.01318524591625 46.261951845139265 56.026246545836329
leaf_count=8814 272 11808 2241 2251 12629 360 502 1021 498 572 349 396 948 158 242 367 303 394 391 1917 1416 1580 389 845 346 521 764 934 251 243
internal_value=-0.000255774 -0.00336997 0.000333701 0.0175327 -0.0101822 0.0107054 0.00784318 0.0121799 0.00843189 -0.0054021 0.00984669 0.0198085 0.00150583 0.000671452 0.000315074 0.000757108 0.0129187 0.0198556 0.0343215 -0.000483624 0.000855947 0.00498567 0.00858404 0.0130272 0.0266858 0.0109553 0.0375669 0.000162353 -0.00238036 0.0185488
internal_weight=7955.29 6770.76 4386.73 1184.53 2384.03 815.259 721.003 568.191 493.621 1548.51 154.944 110.722 4181.17 3880.02 3841.14 3772.98 348.416 289.323 163.521 3424.57 2986.38 1311.84 1012.49 755.03 365.696 150.348 215.348 389.334 1674.54 102.288
internal_count=53722 48818 23064 4904 25754 2653 2293 1791 1519 13946 1317 968 20823 19875 19717 19475 1455 1152 758 18020 16103 6795 5215 3799 2020 910 1110 1779 9308 494
cat_boundaries=0 1
cat_threshold=2
is_linear=0
shrinkage=0.03


Tree=57
num_leaves=31
num_cat=0
split_feature=40 15 2 41 30 45 45 44 10 41 47 38 11 6 37 28 30 27 47 2 30 11 9 47 10 30 30 21 30 11
split_gain=495.831 266.549 126.553 50.7809 46.4643 58.2145 47.45 79.2234 75.7017 59.4096 37.922 36.0698 38.3842 44.2742 52.0169 35.352 95.5651 34.0787 56.5855 31.5622 194.446 45.2466 28.7124 31.7179 36.4816 35.5166 33.1406 34.2657 28.0033 70.51
threshold=24.500000000000004 1.5000000000000002 1.5000000000000002 5.5000000000000009 111.50000000000001 3.4500000476837163 41.449998855590827 2.5499999523162846 1.0000000180025095e-35 36.500000000000007 49.500000000000007 14.785714149475099 36.500000000000007 4.5000000000000009 5.5000000000000009 744.00000000000011 1281.0000000000002 2.5000000000000004 25.500000000000004 6.5000000000000009 345.50000000000006 3.5000000000000004 1.0000000180025095e-35 51.500000000000007 1.5000000000000002 892.50000000000011 207.50000000000003 4.5000000000000009 95.500000000000014 1.0000000180025095e-35
decision_type=2 2 2 2 2 2 2 2 2 2 2 2 2 2 2 2 2 2 2 2 2 2 2 2 2 2 2 2 2 2
left_child=1 2 4 11 -1 -6 7 10 9 -9 -7 12 13 15 17 16 22 18 -15 20 28 -21 -3 24 25 26 27 -24 -5 -30
right_child=-2 3 -4 19 5 6 -8 8 -10 -11 -12 -13 -14 14 -16 -17 -18 -19 -20 21 -22 -23 23 -25 -26 -27 -28 -29 29 -31
leaf_value=-0.0085500215555653521 0.0330528632262252 -0.01462339994637166 -0.018378557263772813 -0.0056706948426578415 -0.010756341008029347 0.00060785297417494805 -0.002286561441394865 0.092837035507961255 -0.0056617293324698259 0.029718429269257815 0.036173410481928729 0.020372339832679744 0.028966525686294511 0.00022688365770504886 0.038194213501410848 -0.015664357444602834 0.033848472334297254 0.028353239038392798 0.026764302103260321 -0.0093954434494947763 0.071703757869966828 0.018420796882259435 -0.0041098466009677767 -0.0093254460369382921 0.020621423153474899 0.022439137138680124 -0.0062155889204426615 0.011279659849398835 -0.0042691160245009732 0.018301170455304928
leaf_weight=1462.3825260391459 382.37273441255093 94.129842601716518 785.90373604558408 430.34126858972013 391.45037662051618 283.99800847005099 630.23660398554057 22.574659055098891 25.895967770367861 34.639855248853564 28.818932710215449 153.66998379677534 59.359167210757732 354.49713186360896 59.31125907599926 94.1687839217484 85.190679304301739 67.814331000670791 89.85342088714242 490.32961956970394 34.283665359020233 58.010503277182579 208.1927719861269 175.92540373653173 110.61210449412465 73.468544326722622 357.7335349842906 344.7822997495532 314.04257943667471 205.16063863970339
leaf_count=13927 2351 253 9980 2841 3246 2108 4280 176 172 337 247 613 228 1171 269 235 306 268 385 2627 178 339 624 542 405 253 1112 1364 1685 1042
internal_value=-0.000227773 -0.00192265 -0.00771535 0.00357809 -0.00480017 -0.000928595 0.00282721 0.0109526 0.0368026 0.0557896 0.00398923 0.00636791 0.00536957 0.00469414 0.0118205 0.0020509 0.00321138 0.00869778 0.00564114 -0.000663492 0.00255069 -0.00642451 0.00127569 0.00246401 0.00436528 0.00251917 0.000889337 0.00548862 -1.89124e-05 0.00466746
internal_weight=7909.15 7526.78 3665.9 3860.88 2880 1417.61 1026.16 395.927 83.1105 57.2145 312.817 2328.71 2175.04 2115.68 571.476 1544.2 1450.04 512.165 444.351 1532.17 983.828 548.34 1364.84 1270.71 1094.79 984.177 910.709 552.975 949.544 519.203
internal_count=53564 51213 34473 16740 24493 10566 7320 3040 685 513 2355 8028 7415 7187 2093 5094 4859 1824 1556 8712 5746 2966 4553 4300 3758 3353 3100 1988 5568 2727
is_linear=0
shrinkage=0.03


Tree=58
num_leaves=31
num_cat=0
split_feature=41 41 21 27 6 11 29 4 30 30 9 47 29 41 30 45 22 19 10 41 6 2 22 30 9 45 11 4 4 43
split_gain=446.488 161.434 158.671 118.774 65.2667 58.7189 81.0667 67.532 56.7652 55.6418 54.9634 54.3707 53.9114 57.7873 79.9196 45.6564 73.2242 72.5806 69.9469 60.425 55.5803 49.8861 101.789 41.6103 39.7171 43.676 36.7545 114.853 66.1953 88.752
threshold=1.0000000180025095e-35 544.50000000000011 1.0000000180025095e-35 140.50000000000003 544.50000000000011 1.0000000180025095e-35 577.50000000000011 7.5000000000000009 111.50000000000001 643.50000000000011 46.500000000000007 61.500000000000007 849.50000000000011 3.5000000000000004 2532.5000000000005 23.849999427795414 9.5000000000000018 4.5499999523162851 1.0000000180025095e-35 34.500000000000007 32.500000000000007 8.5000000000000018 5.5000000000000009 207.50000000000003 1.0000000180025095e-35 29.500000000000004 2.5000000000000004 1.5000000000000002 3.5000000000000004 0.94999998807907116
decision_type=2 2 2 2 2 2 2 2 2 2 2 2 2 2 2 2 2 2 2 2 2 2 2 2 2 2 2 2 2 2
left_child=2 3 -1 5 -3 9 7 8 -7 -2 11 15 13 -11 -15 16 17 18 21 -18 24 22 -10 -20 -17 -26 28 -28 29 -27
right_child=1 4 -4 -5 -6 6 -8 -9 10 12 -12 -13 -14 14 -16 20 19 -19 23 -21 -22 -23 -24 -25 25 26 27 -29 -30 -31
leaf_value=0.027925066718774004 -0.0055543022348877617 -0.019526133389578582 0.0070467083105807161 0.055267428650718278 -0.0048150623445048692 -0.0034492056414504161 -0.029182983595801487 0.039033263065351619 0.058240644545192594 -0.0015037112412781379 -0.015790424032736353 -0.026387275009864323 -0.017421777263518474 0.066651996311905562 0.0096050275029781786 -0.016206985057052644 0.079246499076977367 0.050178295582508962 0.015096689145065956 0.016618668069206012 0.023258554958333188 -0.0026607170342444865 -0.0054765718792720765 -0.016114624738605293 -0.017357187986334417 0.044877248897193397 -0.0021210378793194888 0.042850473738929085 -0.019249970919829051 -0.00055623213821310137
leaf_weight=549.58689264208078 2745.5972545454279 682.07364034187049 811.27647665888071 32.283999523147941 451.76622540876269 961.64042587392032 72.385241977870464 44.494562063366175 60.307412728667259 70.639810506254435 95.220228217542171 39.719902534037828 47.099408362060785 38.620057985186577 50.896880444139242 97.748343236744404 27.819055370986462 38.646892447024584 56.486665550619364 28.015931138768792 122.61739013344049 47.454284310340881 35.453490100800991 115.36494358628988 72.2103057987988 49.899842757731676 119.17580214515328 88.373011395335197 99.168374333530664 161.29778551775962
leaf_count=3058 18631 10445 2399 165 4159 6757 320 175 397 210 443 228 207 202 270 354 193 215 319 230 759 196 215 547 319 268 582 426 428 700
internal_value=-0.000137288 -0.00338532 0.0154928 -0.00123029 -0.0136741 -0.00157911 0.00187089 0.00283486 0.00212307 -0.00442199 0.00607739 0.00774151 0.0105328 0.0188109 0.0346811 0.00887331 0.0170263 0.0119085 0.00707034 0.0486675 0.00473762 0.0224804 0.0348379 -0.00582765 0.00140718 0.00434728 0.00740104 0.0171412 0.000853437 0.0103393
internal_weight=7913.34 6552.48 1360.86 5418.64 1133.84 5386.35 2433.5 2361.11 2316.62 2952.85 1354.98 1259.76 207.256 160.157 89.5169 1220.04 409.549 353.714 315.067 55.835 810.491 143.215 95.7609 171.852 687.873 590.125 517.915 207.549 310.366 211.198
internal_count=53817 48360 5457 33756 14604 33591 14071 13751 13576 19520 6819 6376 889 682 472 6148 2312 1889 1674 423 3836 808 612 866 3077 2723 2404 1008 1396 968
is_linear=0
shrinkage=0.03


Tree=59
num_leaves=31
num_cat=1
split_feature=40 41 37 27 41 3 47 45 4 28 45 30 3 49 3 2 3 45 28 45 41 45 22 9 1 28 27 47 47 42
split_gain=446.759 201.528 93.4682 78.6741 75.4293 62.7641 46.184 54.4644 38.5539 37.4258 48.7643 37.268 35.5557 33.6297 33.1359 32.8973 42.6301 65.1836 85.2884 53.195 37.9049 53.8333 31.8571 29.0533 48.203 42.3507 30.793 29.3603 63.2118 27.4451
threshold=10.500000000000002 11.500000000000002 3.5000000000000004 80.500000000000014 544.50000000000011 1.0000000180025095e-35 1.5000000000000002 54.800001144409187 7.5000000000000009 1.5000000000000002 61.750000000000007 86.500000000000014 29.500000000000004 0 16.500000000000004 6.5000000000000009 19.500000000000004 56.100000381469734 2.5000000000000004 28.750000000000004 41.500000000000007 78.149997711181655 54.500000000000007 38.500000000000007 26.500000000000004 37.500000000000007 1.0000000180025095e-35 54.500000000000007 44.500000000000007 0.45000000298023229
decision_type=2 2 2 2 2 2 2 2 2 2 2 2 2 1 2 2 2 2 2 2 2 2 2 2 2 2 2 2 2 2
left_child=1 8 6 4 11 9 7 -2 13 -6 -11 12 14 23 22 16 20 18 -18 -20 21 -13 -3 24 25 -1 29 28 -27 -25
right_child=2 3 -4 -5 5 -7 -8 -9 -10 10 -12 15 -14 -15 -16 -17 17 -19 19 -21 -22 -23 -24 26 -26 27 -28 -29 -30 -31
leaf_value=0.0059392972044071228 -0.0089479302352648525 -0.0094042377213792248 0.031188842652235177 0.049204761757471682 -0.012362174668095022 -0.019790428977327197 0.031034954157272018 0.019913112571836051 0.02315210962038727 -0.00093069245935330181 0.044162893019840041 -0.00057030132185848404 -0.01907072121441027 -0.017288364380712972 0.017843619836557946 -0.012319583572241395 0.071667947335221804 -0.0039668460287160855 -0.0082245052290001834 0.037306090378226936 -0.0097508012736234172 0.03311248389895638 0.0097996629378225789 -0.023301946239205579 0.029991658140764991 -0.0035647379196382966 0.0061141003446141999 -0.01988467274032274 0.025624749802307067 0.00030015281931951624
leaf_weight=1835.9596422612667 139.14435220509768 786.65578527655452 423.54484021663666 21.289724416099489 267.43152855336666 665.69678681623191 68.145767062902451 100.48205858469009 83.361275687813759 156.53334520570934 24.027949942275882 743.53748236782849 242.8279227046296 73.742945970967412 48.048757713288069 233.93228627927601 28.125184657052159 125.15781401656568 50.166103331372142 41.343392953276634 424.06236240267754 44.305180553346872 85.446942651644349 105.63171738758683 62.111162349581718 628.0552093628794 118.47455587610602 76.865203753113747 73.700380723923445 75.861878763884306
leaf_count=7774 319 7292 2638 233 2612 10384 273 327 268 1377 166 4584 2011 795 405 1730 243 881 372 336 3600 287 761 425 199 2142 391 311 270 315
internal_value=-0.000254581 -0.00254844 0.0220585 -0.00702071 -0.00733476 -0.0139536 0.00943335 0.00318677 0.00314418 -0.00525555 0.00528026 -0.00474761 -0.00887895 0.00259 -0.00617156 -0.00190211 -0.000221855 0.011171 0.0269093 0.0125268 -0.00253041 0.00136346 -0.00751361 0.0030881 0.00408057 0.0034538 -0.00575203 -0.00240702 -0.000467073 -0.013489
internal_weight=7853.67 7122.35 731.317 3988.59 3967.3 1113.69 307.772 239.626 3133.76 447.993 180.561 2853.61 1162.98 3050.4 920.151 1690.63 1456.7 244.792 119.635 91.5095 1211.91 787.843 872.103 2976.66 2676.69 2614.58 299.968 778.621 701.756 181.494
internal_count=53721 50164 3557 37274 37041 14539 919 646 12890 4155 1543 22502 10469 12622 8458 12033 10303 1832 951 708 8471 4871 8053 11827 10696 10497 1131 2723 2412 740
cat_boundaries=0 1
cat_threshold=2
is_linear=0
shrinkage=0.03


Tree=60
num_leaves=31
num_cat=0
split_feature=40 41 5 27 41 6 45 30 37 28 6 30 22 43 47 3 15 6 41 3 39 6 30 40 3 30 1 28 19 47
split_gain=404.04 231.101 121.991 81.399 68.7634 65.0249 36.6328 60.0601 36.084 67.5173 30.7318 33.2246 42.4727 32.0668 31.4603 29.8356 50.906 35.6574 60.0987 29.972 27.4542 64.8902 29.0849 32.1193 43.3116 48.5147 55.5608 41.7671 29.6314 44.0385
threshold=23.500000000000004 10.500000000000002 16.500000000000004 76.500000000000014 544.50000000000011 544.50000000000011 6.0499999523162851 323.50000000000006 5.5000000000000009 4.5000000000000009 9.5000000000000018 86.500000000000014 54.500000000000007 7.0499999523162851 61.500000000000007 29.500000000000004 4.5000000000000009 59.500000000000007 45.500000000000007 1.5000000000000002 2.2746249437332158 4.5000000000000009 16.500000000000004 4.5000000000000009 63.500000000000007 229.50000000000003 3.5000000000000004 2.5000000000000004 0.61666667461395275 11.500000000000002
decision_type=2 2 2 2 2 2 2 2 2 2 2 2 2 2 2 2 2 2 2 2 2 2 2 2 2 2 2 2 2 2
left_child=1 2 20 4 8 -6 -7 -8 10 -10 -3 12 15 -14 -13 16 17 -12 -19 -20 22 -22 -1 28 25 26 27 -25 29 -24
right_child=-2 3 -4 -5 5 6 7 -9 9 -11 11 14 13 -15 -16 -17 -18 18 19 -21 21 -23 23 24 -26 -27 -28 -29 -30 -31
leaf_value=-0.0073983319938143765 0.029860574420772928 -0.014917317868739148 0.049010071681022734 0.050239652395704368 -0.019094568043140497 -0.01160111537552001 -0.00070495402357882849 0.049612302298574475 -0.0022009436985971609 0.048711369502839608 -0.0022427699016197697 -8.6000340412565273e-06 0.024689312246178985 -0.012045364631429601 -0.018546501484917897 -0.019610669484133657 0.028249669549305956 -0.025883924054754221 0.0069778480951956587 -0.021999414018434117 0.0051360396049594473 0.037495148263062494 0.013853961953191239 0.0040476847590993894 -0.0047972456075678618 0.03704814312889676 -0.010628562073665001 0.024505552137984301 -0.0007143661667434228 -0.0031414424754368127
leaf_weight=240.8956092800945 386.48286992311478 253.32946699950844 52.94914161041379 21.750305912457407 654.29344832897186 255.25767157040536 165.10178234428167 23.516179144382477 83.074865879490972 31.615327538922429 380.44389732740819 1413.7959527252242 58.452593509107828 32.641357865184546 86.490614410489798 216.33768061921 34.226419603452086 208.15267870295793 112.01592270471156 43.886964410543442 292.31543150171638 68.055553572252393 355.22874952852726 167.42513500154018 154.9007371738553 66.254669114947319 94.99743315577507 193.93819381669164 1453.3518347367644 222.68011328950524
leaf_count=1334 2435 2529 234 246 10399 2509 1442 191 612 267 3260 9359 535 276 679 1718 250 2186 1091 402 799 315 1671 499 530 242 218 658 5782 1043
internal_value=-5.66003e-06 -0.00156146 0.00425862 -0.00636522 -0.00668134 -0.0130883 -0.00421166 0.00579697 -0.00429627 0.0121332 -0.00496385 -0.00398357 -0.00797717 0.0115384 -0.00108894 -0.00977354 -0.00701904 -0.00867615 -0.0153746 -0.00126753 0.00352817 0.0113339 0.002571 0.00345999 0.00911143 0.0132352 0.00970456 0.0150644 0.00157143 0.00731117
internal_weight=7823.86 7437.38 3362.99 4074.38 4052.63 1098.17 443.876 188.618 2954.46 114.69 2839.77 2586.44 1086.16 91.094 1500.29 995.064 778.726 744.499 364.056 155.903 3310.04 360.371 2949.67 2708.78 677.516 522.615 456.361 361.363 2031.26 577.909
internal_count=53711 51276 13325 37951 37705 14541 4142 1633 23164 879 22285 19756 9718 811 10038 8907 7189 6939 3679 1493 13091 1114 11977 10643 2147 1617 1375 1157 8496 2714
is_linear=0
shrinkage=0.03


Tree=61
num_leaves=31
num_cat=0
split_feature=40 15 2 4 3 3 2 40 15 47 4 4 15 30 9 2 3 47 21 3 30 30 30 15 11 45 45 30 27 30
split_gain=377.636 185.264 112.422 67.7138 74.1494 42.5483 52.4507 42.9245 49.1711 69.1572 68.9803 43.9462 60.3966 58.8317 43.4298 42.7415 55.7598 112.258 95.9257 210.557 163.785 53.7249 77.087 46.4766 40.7471 39.6662 60.2082 73.6154 94.5682 93.1395
threshold=25.500000000000004 1.5000000000000002 1.5000000000000002 7.5000000000000009 30.500000000000004 63.500000000000007 2.5000000000000004 4.5000000000000009 13.500000000000002 5.5000000000000009 4.5000000000000009 4.5000000000000009 24.500000000000004 112.50000000000001 2.5000000000000004 18.500000000000004 17.500000000000004 22.500000000000004 5.5000000000000009 43.500000000000007 155.50000000000003 746.50000000000011 2772.0000000000005 6.5000000000000009 1.0000000180025095e-35 3.2500000000000004 18.000000000000004 145.50000000000003 1.5000000000000002 213.50000000000003
decision_type=2 2 2 2 2 2 2 2 2 2 2 2 2 2 2 2 2 2 2 2 2 2 2 2 2 2 2 2 2 2
left_child=1 2 25 5 -5 7 -7 11 14 -10 -11 12 15 -14 -9 16 21 18 -18 20 -20 23 -23 24 -3 -1 27 -27 29 -29
right_child=-2 3 -4 4 -6 6 -8 8 9 10 -12 -13 13 -15 -16 -17 17 -19 19 -21 -22 22 -24 -25 -26 26 -28 28 -30 -31
leaf_value=-0.0092787341425526349 0.030988584326653468 -0.0082773146416671075 -0.016817434311048752 -0.0002851578092443038 0.046434386725834206 0.021810167947682587 -0.0089521572394648495 0.0063949041024553305 -0.00019220473448593376 0.043479499084130374 0.00080981209229734233 -0.017800189290178851 -0.0054285239599371248 0.03330695474419551 0.037014330824918312 -0.013507896629143494 0.0061920646219682778 -0.016002497861684332 0.10858324656467742 -0.0074638104921712885 0.025147135521381019 0.036183223062887737 -0.0072950745250962064 0.011933010220207371 0.002136652129752593 -0.00092836587771888488 -0.0039839377173627472 0.044278063232641482 0.068034123721514406 -0.011767540668745205
leaf_weight=821.21456652414054 334.93870802223682 755.41233989037573 746.13286224193871 56.74644760042429 65.259276166558266 54.871816536411643 467.39248834550381 73.341491855680943 438.22225838527083 74.407247442752123 62.313990034162998 99.256752384826541 52.621249435469508 104.60843400657177 97.137429788708687 163.50788621976972 176.29651995562017 95.965065483003855 43.49230414070189 52.887239856645465 41.892666563391685 82.973156630992889 64.688062757253647 196.88844617828727 610.92041323427111 240.8319068364799 1620.6614451594651 45.156970167532563 35.377073019742966 62.516878625378013
leaf_count=7584 2228 3900 10008 161 283 332 2086 220 1231 374 196 413 285 361 376 585 739 359 290 237 187 291 185 800 3093 2331 13468 394 286 430
internal_value=-0.000129881 -0.00152298 -0.00646756 0.00297029 0.0248789 0.00226221 -0.0056846 0.00352627 0.00985155 0.00563514 0.0241789 0.00166786 0.00246606 0.0203907 0.0239557 0.00122426 0.00236557 0.0122801 0.0209316 0.0395452 0.0684117 -1.92635e-05 0.0172151 -0.00165718 -0.00362282 -0.00372972 -0.00145293 0.00921495 0.0261795 0.0119284
internal_weight=7837.93 7502.99 3571.89 3931.1 122.006 3809.1 522.264 3286.83 745.422 574.943 136.721 2541.41 2442.15 157.23 170.479 2284.92 2121.42 410.534 314.569 138.272 85.385 1710.88 147.661 1563.22 1366.33 2825.76 2004.54 383.883 143.051 107.674
internal_count=53713 51485 34501 16984 444 16540 2418 14122 2397 1801 570 11725 11312 646 596 10666 10081 1812 1453 714 477 8269 476 7793 6993 24493 16909 3441 1110 824
is_linear=0
shrinkage=0.03


Tree=62
num_leaves=31
num_cat=0
split_feature=40 41 5 27 6 41 6 29 29 39 6 3 47 47 5 28 3 19 38 40 38 4 5 43 45 29 30 30 27 5
split_gain=376.96 206.878 124.837 95.9287 66.8567 45.0281 45.958 33.2531 72.7027 33.6054 57.8973 32.6047 31.7711 47.2509 45.2826 34.9241 34.7886 61.0463 40.6825 36.7023 52.3071 35.9061 54.5557 32.3876 30.8567 83.6062 36.999 30.5508 30.3601 29.2685
threshold=24.500000000000004 11.500000000000002 16.500000000000004 81.500000000000014 12.500000000000002 89.500000000000014 88.500000000000014 910.50000000000011 439.50000000000006 2.2746249437332158 4.5000000000000009 119.50000000000001 53.500000000000007 49.500000000000007 3.5000000000000004 32.500000000000007 5.5000000000000009 0.58333334326744091 0.21428572386503222 4.5000000000000009 0.21428572386503222 4.5000000000000009 10.500000000000002 3.5499999523162846 6.0499999523162851 57.500000000000007 1.0000000180025095e-35 95.500000000000014 8.5000000000000018 7.5000000000000009
decision_type=2 2 2 2 2 2 2 2 2 2 2 2 2 2 2 2 2 2 2 2 2 2 2 2 2 2 2 2 2 2
left_child=1 2 7 4 -3 27 -7 8 9 11 -11 12 13 16 -15 23 -1 18 -18 21 -21 22 28 -14 -8 26 -26 -6 29 -19
right_child=-2 3 -4 -5 5 6 24 -9 -10 10 -12 -13 15 14 -16 -17 17 19 -20 20 -22 -23 -24 -25 25 -27 -28 -29 -30 -31
leaf_value=-0.0033155231083285323 0.030094632651890451 -0.015541253401215115 0.047389723132026787 0.055453786005755679 -0.0066641907702241487 -0.019336570982909907 -0.011781545983752232 -0.013939867083387566 0.029454685166214824 0.0043505321644690719 0.035265865023059118 -0.017265188935527281 0.013226613106313272 0.043779048953592907 0.0029301210680048959 -0.023853714282421293 0.032486437034819092 0.0052532377701286232 0.0045754496118277773 0.03334099032112104 0.005467123374533811 -0.020436121828437261 0.027975127957284386 -0.013301030454030477 0.030731135382711598 0.055414047458630378 -0.0088568222113518426 0.00010626633999215261 -0.012501900831563334 -0.00714212095553542
leaf_weight=708.68441100046039 350.16498794406652 658.34217018261552 56.487087976187468 21.39022680837661 1108.091636355035 350.76042393874377 253.1040742136538 102.47917722165585 92.216212928295135 207.86749106273055 73.075449522584677 78.809469807893038 81.78189960680902 48.442995752207935 48.570055119693279 82.882698239758611 108.59583758562803 578.63314328342676 82.947513978928328 68.24169896915555 490.62049015052617 74.674224477261305 62.228106528520584 81.903703647665679 23.716784173622727 23.905213888734579 150.72980337589979 1306.2748509431258 164.30131874233484 242.48693046346307
leaf_count=3504 2342 8561 253 230 9995 5339 2530 264 325 582 348 363 367 235 179 344 562 2456 352 289 1437 246 235 363 174 181 1345 8756 516 1018
internal_value=-0.000278545 -0.00171341 0.00354013 -0.00648072 -0.00683683 -0.00505101 -0.0112046 0.00281484 0.00332727 0.00258502 0.0124884 0.00165492 0.00217042 0.00311982 0.0235664 -0.0081137 0.00234258 0.00448437 0.0204862 0.00265014 0.00892423 -0.000479217 0.0009614 -4.72447e-05 -0.00485773 0.00399209 -0.00333018 -0.00300256 -0.000771114 0.0015885
internal_weight=7782.41 7432.25 3535.93 3896.32 3874.92 3216.58 802.216 3479.44 3376.96 3284.75 280.943 3003.8 2925 2678.43 97.0131 246.568 2581.41 1872.73 191.543 1681.19 558.862 1122.32 1047.65 163.686 451.456 198.352 174.447 2414.37 985.421 821.12
internal_count=53691 51349 14238 37111 36881 28320 9569 13985 13721 13396 930 12466 12103 11029 414 1074 10615 7111 914 6197 1726 4471 4225 730 4230 1700 1519 18751 3990 3474
is_linear=0
shrinkage=0.03


Tree=63
num_leaves=31
num_cat=0
split_feature=40 15 5 9 14 27 30 29 37 11 19 5 19 30 45 45 39 15 19 28 15 30 15 28 9 5 19 30 28 27
split_gain=362.91 189.416 166.707 96.8197 54.9819 40.4045 44.6075 38.2778 44.021 40.8343 48.539 45.8702 42.6051 91.362 41.0022 37.7262 36.9044 36.3009 35.4546 39.9069 38.1873 29.8206 27.7739 27.6241 27.3751 46.3704 44.1884 38.7023 48.0633 27.3425
threshold=25.500000000000004 1.5000000000000002 16.500000000000004 1.5000000000000002 72.500000000000014 1.5000000000000002 892.50000000000011 13.500000000000002 6.5000000000000009 3.5000000000000004 2.4833333492279057 2.5000000000000004 0.983333319425583 329.50000000000006 71.549999237060561 24.550000190734867 2.4581770896911626 4.5000000000000009 6.4833333492279062 122.50000000000001 5.5000000000000009 205.50000000000003 10.500000000000002 331.00000000000006 3.5000000000000004 3.5000000000000004 1.3500000238418581 114.50000000000001 1.5000000000000002 10.500000000000002
decision_type=2 2 2 2 2 2 2 2 2 2 2 2 2 2 2 2 2 2 2 2 2 2 2 2 2 2 2 2 2 2
left_child=1 3 4 5 7 -1 -7 8 18 11 15 17 13 14 -13 -11 -5 -9 20 -20 24 29 -10 -23 25 -3 27 28 -27 -14
right_child=-2 2 -4 16 -6 6 -8 9 22 10 -12 12 21 -15 -16 -17 -18 -19 19 -21 -22 23 -24 -25 -26 26 -28 -29 -30 -31
leaf_value=-0.0056514049609944538 0.031168518666901318 -0.010430255206702599 0.05369328485993935 -0.017534448229388818 0.029882160225532736 0.00049318853067248033 0.028553757172915022 0.0051927740234798472 0.0013271773398429506 -0.0082798411840469752 0.029787143799068889 2.7509641101594758e-05 0.0059742726752568254 0.047745302603521771 0.026172646363211975 0.019252095639162747 0.016398419581593285 0.030333031697622508 -0.016319536854679434 0.013283193853134284 0.0058557557439384393 -0.012013692465538099 0.032688234691191011 0.0026285886184345825 -0.012933481083831893 0.0032882220268170472 -0.014762105511112589 0.0028084573877504358 0.045732150421747518 -0.011270478771587418
leaf_weight=2242.9539513876662 321.94669057428837 245.01206105854362 57.129074268043041 691.31064366083592 63.887731358408928 530.7894817404449 55.409377638250589 119.35384296253324 48.377002036198974 91.609456911683083 119.41552108898759 333.95822868309915 453.91898991912603 47.850499741733074 63.394080597907305 85.881279796361923 29.345535578206182 90.877029731869698 257.64375554956496 47.920818261802197 534.29165733605623 347.66953308321536 52.753310184925795 173.28095027804375 240.79214250668883 42.230959149077535 63.94392710365355 135.54909535311162 55.168444374576211 100.18906041793525
leaf_count=19954 2234 1715 269 9653 315 4429 285 551 214 339 420 1397 1783 195 297 322 380 331 1214 201 2048 1218 238 488 1278 261 362 675 369 319
internal_value=3.64642e-05 -0.001318 0.00327046 -0.00632256 0.00250151 -0.00381906 0.00318967 0.00202733 -0.00125907 0.00482065 0.0150809 0.00305257 0.00123163 0.00902495 0.00425397 0.00507508 -0.0161319 0.0161524 -0.00246012 -0.0116488 -0.000320948 -0.00200113 0.0178461 -0.0071476 -0.00453944 -0.000792642 0.00716916 0.0132266 0.0275495 0.00284154
internal_weight=7743.85 7421.91 3872.1 3549.81 3814.97 2829.15 586.199 3751.08 1723.68 2027.4 296.906 1730.49 1520.26 445.203 397.352 177.491 720.656 210.231 1622.55 305.565 1316.99 1075.06 101.13 520.95 782.697 541.904 296.892 232.948 97.3994 554.108
internal_count=53754 51520 16819 34701 16550 24668 4714 16235 8575 7660 1081 6579 5697 1889 1694 661 10033 882 8123 1415 6708 3808 452 1706 4660 3382 1667 1305 630 2102
is_linear=0
shrinkage=0.03


Tree=64
num_leaves=31
num_cat=0
split_feature=40 41 5 27 41 3 14 28 44 30 22 43 47 2 11 5 28 30 22 9 30 28 29 44 30 11 17 47 19 3
split_gain=355.882 196.521 108.044 78.0476 63.3576 61.2733 35.3066 34.8046 50.4488 32.2528 33.6785 36.5141 29.1257 31.297 50.8479 93.8253 82.7718 55.0774 76.4861 47.1017 42.1907 44.2209 35.2896 39.4608 35.3698 31.5034 28.2625 27.7036 26.1827 27.8958
threshold=23.500000000000004 11.500000000000002 16.500000000000004 93.000000000000014 544.50000000000011 1.5000000000000002 73.500000000000014 1.5000000000000002 4.0499999523162851 86.500000000000014 54.500000000000007 3.1499999761581425 61.500000000000007 6.5000000000000009 1.0000000180025095e-35 4.5000000000000009 3.5000000000000004 1887.5000000000002 8.5000000000000018 1.5000000000000002 213.50000000000003 16.500000000000004 33.500000000000007 3.4500000476837163 92.500000000000014 1.5000000000000002 4.5000000000000009 42.500000000000007 0.15000000596046451 63.500000000000007
decision_type=2 2 2 2 2 2 2 2 2 2 2 2 2 2 2 2 2 2 2 2 2 2 2 2 2 2 2 2 2 2
left_child=1 2 6 4 9 7 28 -6 -9 10 -3 -12 13 14 22 17 -17 18 25 -18 21 -20 24 -24 -11 -16 -2 -26 -1 -30
right_child=26 3 -4 -5 5 -7 -8 8 -10 12 11 -13 -14 -15 15 16 19 -19 20 -21 -22 -23 23 -25 27 -27 -28 -29 29 -31
leaf_value=-0.015563628186546505 0.010543345698280832 -0.0094778458592715952 0.044820239366384615 0.051140456475311055 -0.011709529968342741 -0.019221644972597186 0.026653615100812583 -0.0008187431402022627 0.0451098004974037 0.019625845762755782 0.031551533540131863 -0.0066781860686356874 -0.017297034698478389 -0.011036572686669688 0.019940601578702179 0.069848275393270945 0.038470953961123308 -0.0225527642292934 0.033257176356870186 0.0010284656159638972 0.050767905857813135 -0.013445862151557349 -0.00042306131347452045 0.028887249525497455 -0.013151414633942348 -0.009456361199991983 0.032775442398064979 0.011892880882839053 0.0040377234258555019 -0.0044292568674891009
leaf_weight=68.68321483489126 63.558154046535492 1040.2623648867011 55.607886262238026 20.322815545834601 272.8714598743245 580.00570502039045 55.027101512998343 181.76139688491821 23.410517729818821 36.356078941375017 37.953896848484874 52.530966442078352 96.282727140001953 212.76205537561327 38.844284228980541 32.374523775652051 50.313359681516886 74.607121661305428 39.105928052216768 73.758995668962598 39.057265317067504 32.70066187903285 231.40139591414481 49.324052706360817 414.22766250744462 185.50229629687965 299.80365117639303 43.186381868086755 2913.4222227772698 397.19965439848602
leaf_count=614 240 9674 246 198 2819 9852 250 1658 216 318 348 455 791 1609 283 226 340 422 328 431 276 201 1595 351 3210 1129 2234 388 11381 1558
internal_value=-1.38972e-05 -0.00144857 0.00370957 -0.00611326 -0.00642962 -0.0126748 0.00303106 -0.00470811 0.00461517 -0.0040495 -0.00794997 0.00952688 -0.00137299 -0.000375569 0.00132316 0.00814814 0.0278323 0.000584287 0.00578562 0.0163982 0.0260522 0.0120961 -0.00367092 0.00481108 -0.0084932 -0.00430055 0.0289263 -0.0107661 0.00263863 0.00302085
internal_weight=7712.23 7348.86 3489.94 3858.92 3838.6 1058.05 3434.33 478.043 205.172 2780.55 1130.75 90.4849 1649.8 1553.52 1340.76 566.264 156.447 409.818 335.21 124.072 110.864 71.8066 774.496 280.725 493.77 224.347 363.362 457.414 3379.31 3310.62
internal_count=53641 51167 14049 37118 36920 14545 13803 4693 1874 22375 10477 803 11898 11107 9498 3636 997 2639 2217 771 805 529 5862 1946 3916 1412 2474 3598 13553 12939
is_linear=0
shrinkage=0.03


Tree=65
num_leaves=31
num_cat=0
split_feature=40 41 41 4 6 28 11 30 42 29 30 30 29 28 39 1 30 30 47 47 46 28 22 18 28 11 43 27 30 42
split_gain=372.852 169.092 71.3048 64.106 54.0194 38.9868 42.7898 46.1172 36.5979 36.4367 36.3053 29.3948 40.6222 78.3229 25.8939 56.7664 24.5362 33.5633 31.4591 56.5522 27.9297 34.8997 31.7825 28.0814 31.0214 38.4591 37.1753 25.3007 23.6786 23.2637
threshold=23.500000000000004 5.5000000000000009 544.50000000000011 7.5000000000000009 544.50000000000011 1.5000000000000002 3.5000000000000004 245.50000000000003 9.0500001907348651 13.500000000000002 73.500000000000014 8006.5000000000009 215.50000000000003 523.00000000000011 2.2746249437332158 1.5000000000000002 19.500000000000004 108.50000000000001 55.500000000000007 49.500000000000007 6.5000000000000009 260.50000000000006 1.5000000000000002 0.92857143282890331 12.500000000000002 4.5000000000000009 4.2500000000000009 5.5000000000000009 189.50000000000003 0.35000000894069677
decision_type=2 2 2 2 2 2 2 2 2 2 2 2 2 2 2 2 2 2 2 2 10 2 2 2 2 2 2 2 2 2
left_child=1 3 8 11 -4 -6 7 10 9 -3 -7 12 14 -14 16 -16 -1 27 19 20 21 23 -23 28 26 -26 -25 -18 -19 -12
right_child=-2 2 4 -5 5 6 -8 -9 -10 -11 29 -13 13 -15 15 -17 17 18 -20 -21 -22 22 -24 24 25 -27 -28 -29 -30 -31
leaf_value=-0.0088727709596880047 0.030219522908139958 -0.0051524771986854066 -0.017541091398528819 0.029209581315116483 -0.011339231129453214 0.037031429039964918 -0.013512048844003503 0.052378353785632319 -0.016920143262394226 0.00099302542072707257 -0.020916475844954603 -0.017721273147075996 0.033808575809296602 -0.0061999228942428439 0.031774915142668281 0.0015601037407005115 0.0071823897556673282 0.0026625010577110727 -0.016816891491365848 0.029689839519065602 -0.015799219442398604 0.028585397978994422 -0.001238160920067346 -0.001777661208494102 -0.0086571117156838337 0.012691738256884657 0.026480185154501339 0.027833052254693066 0.024181939084924033 0.013130447742678483
leaf_weight=172.08635674696416 346.47591876983643 1900.3350403709337 618.39070009067655 90.53483634442091 253.6122458614409 25.884229753166437 61.182849632576108 25.197080492973328 161.31344411708415 1597.607940451242 35.076857350766659 55.673833161592484 108.53424951434135 73.196869447827339 85.681553017348051 158.22209829092026 394.38724220357835 144.77136914432049 86.14211830496788 61.318081859499216 87.905874401330948 76.153364263474941 55.008812006562948 118.25445045158267 559.91425336897373 86.934065368026495 63.796802178025246 61.045985527336597 66.666491854935884 35.223591482266784
leaf_count=818 2436 15807 10568 345 2592 227 496 220 1145 10105 272 134 371 184 375 419 1504 584 336 248 254 282 199 367 1845 362 252 229 281 341
internal_value=-0.000144431 -0.00158556 -0.00497555 0.00454539 -0.0118452 -0.00374808 0.00680161 0.0170675 -0.00299309 -0.00234617 0.00737352 0.00364652 0.00413711 0.0177484 0.00304407 0.0122607 0.0019336 0.00293639 0.000642549 0.00179317 0.000412461 0.00164137 0.0161628 -0.000203201 -0.00269433 -0.00577274 0.00821539 0.0100053 0.00952948 -0.00391258
internal_weight=7666.53 7320.05 4713.82 2606.23 1054.57 436.177 182.565 121.382 3659.26 3497.94 96.1847 2515.69 2460.02 181.731 2278.29 243.904 2034.39 1862.3 1406.87 1320.72 1259.41 1171.5 131.162 1040.34 828.9 646.848 182.051 455.433 211.438 70.3004
internal_count=53598 51162 41773 9389 14716 4148 1556 1060 27057 25912 840 9044 8910 555 8355 794 7561 6743 5010 4674 4426 4172 481 3691 2826 2207 619 1733 865 613
is_linear=0
shrinkage=0.03


Tree=66
num_leaves=31
num_cat=0
split_feature=40 15 5 2 45 27 30 3 30 40 28 11 45 2 15 3 19 3 3 15 15 11 28 19 2 39 11 45 43 28
split_gain=322.904 167.644 129.547 97.126 43.8355 55.3045 89.7447 43.1955 39.3635 92.0205 71.1392 76.5947 48.6413 39.1644 37.5316 60.7713 105.926 151.293 51.3646 49.2457 110.001 43.7494 95.7174 51.9176 75.7781 34.7287 32.0718 31.7109 30.9051 30.7177
threshold=24.500000000000004 1.5000000000000002 16.500000000000004 1.5000000000000002 3.4500000476837163 1.5000000000000002 892.50000000000011 63.500000000000007 643.50000000000011 3.5000000000000004 621.50000000000011 1.0000000180025095e-35 56.100000381469734 2.5000000000000004 5.5000000000000009 17.500000000000004 0.84999999403953563 39.500000000000007 6.5000000000000009 49.500000000000007 7.5000000000000009 3.5000000000000004 9.5000000000000018 1.6166666746139529 5.5000000000000009 2.7300959825515752 1.0000000180025095e-35 5.5499999523162851 15.799999713897707 16.500000000000004
decision_type=2 2 2 2 2 2 2 2 2 2 2 2 2 2 2 2 2 2 2 2 2 2 2 2 2 2 2 2 2 2
left_child=1 3 7 4 -1 -6 28 8 14 10 11 -10 -13 -9 15 26 17 -17 19 20 -16 23 -23 24 -20 -5 27 -3 -7 -25
right_child=-2 2 -4 25 5 6 -8 13 9 -11 -12 12 -14 -15 18 16 -18 -19 21 -21 -22 22 -24 29 -26 -27 -28 -29 -30 -31
leaf_value=-0.0096734060885934336 0.029241566222749441 0.0026933149712812707 0.046337990848352849 -0.01757813365022718 -0.0039122594163992028 0.0072509026636807319 0.050715691816181185 0.016929623079421034 0.040469251948309699 0.043703696761872086 -0.013930939255701373 0.018628881300909245 -0.015676683467308952 -0.0087732798187444751 -0.0030575289443502325 0.078608806390520244 -0.0018853615661129147 0.0032926139428562343 -0.0050078006496709158 0.0016862496650295322 0.050771552102501595 0.00075388469135735843 0.04281318220163869 0.0030725343688164973 0.035169582534798294 0.015993961571079806 0.0013188363712180761 -0.012040089535903553 -0.018394965165517644 -0.0093205555989656422
leaf_weight=808.79299919307232 318.59379792958498 176.5345566328615 59.366433607414365 681.83552486356348 1571.3253862839192 310.43025071453303 39.865566127002239 59.198797289282084 72.401736870408058 67.867686577141285 111.04332534968853 80.359666531905532 67.555201731622219 472.34528745524585 56.250220201909542 42.323803573846817 182.8648966960609 54.033819504082203 84.145388416945934 95.24156635068357 85.604953050613403 142.47948020324111 73.013999555259943 343.48685782589018 83.416772212833166 28.159028490073979 580.13237277418375 510.46317157708108 47.963922897353768 376.30600957199931
leaf_count=7660 2311 1011 274 9776 13719 2563 214 345 251 243 270 258 209 2108 197 237 897 233 311 342 347 488 299 1336 396 338 2945 2674 364 1123
internal_value=-0.000279767 -0.00156062 0.00273277 -0.00633106 -0.00379755 -0.00138099 0.00859086 0.00204263 0.00332648 0.0121439 0.00556796 0.0154143 0.0029609 -0.0058843 0.00210308 -0.0010814 0.0115629 0.0368419 0.00577616 0.018414 0.0295546 0.00304498 0.0151364 9.48467e-05 0.0150835 -0.016226 -0.00387459 -0.0082557 0.00377708 -0.00341049
internal_weight=7683.4 7364.81 3876.44 3488.37 2778.38 1969.59 398.26 3817.07 3285.53 399.228 331.36 220.317 147.915 531.544 2886.3 1546.35 279.223 96.3576 1339.95 237.097 141.855 1102.85 215.493 887.355 167.562 709.995 1267.13 686.998 358.394 719.793
internal_count=53739 51428 16794 34634 24520 16860 3141 16520 14067 1231 988 718 467 2453 12836 7997 1367 470 4839 886 544 3953 787 3166 707 10114 6630 3685 2927 2459
is_linear=0
shrinkage=0.03


Tree=67
num_leaves=31
num_cat=0
split_feature=40 5 41 27 8 41 3 30 29 29 37 29 29 27 27 45 30 11 21 41 45 45 10 21 27 42 30 30 30 11
split_gain=326.512 165.761 129.576 79.0604 61.5235 43.0612 46.4404 34.1996 31.7692 81.4417 35.4254 33.2595 33.9227 54.9278 81.9917 38.1967 51.7337 46.5321 37.0887 35.3968 34.6308 82.7018 34.4374 42.5087 33.1466 29.9191 29.1583 38.309 63.4818 61.2985
threshold=25.500000000000004 17.500000000000004 6.5000000000000009 99.500000000000014 1.0000000180025095e-35 544.50000000000011 1.5000000000000002 16.500000000000004 910.50000000000011 301.50000000000006 26.500000000000004 59.500000000000007 35.500000000000007 1.0000000180025095e-35 6.5000000000000009 24.750000000000004 107.50000000000001 4.5000000000000009 4.5000000000000009 1.5000000000000002 63.750000000000007 38.800001144409187 1.0000000180025095e-35 4.5000000000000009 10.500000000000002 9.0500001907348651 95.500000000000014 2235.5000000000005 746.50000000000011 1.0000000180025095e-35
decision_type=2 2 2 2 2 2 2 2 2 2 2 2 2 2 2 2 2 2 2 2 2 2 2 2 2 2 2 2 2 2
left_child=1 2 7 4 5 25 -7 -1 9 10 11 12 15 -14 -15 19 20 -18 -16 22 21 -17 23 -9 -13 26 -4 28 29 -28
right_child=-2 -3 3 -5 -6 6 -8 8 -10 -11 -12 24 13 14 18 16 17 -19 -20 -21 -22 -23 -24 -25 -26 -27 27 -29 -30 -31
leaf_value=-0.0091558746031135986 0.030378843323358971 0.04919838607749849 -0.0053993303131156644 0.05046447879450925 -0.016639806938641928 -0.0039381594387605315 -0.017996328856585257 0.021566433500599117 -0.013381897108786936 0.028905949794114386 0.023696619688022471 0.0073378993087949819 -0.0047268420072938012 0.043203790663730229 -0.0097747164377371756 -0.0024711832761740347 -0.008627916075335796 0.017901118772315622 0.021042936380143269 0.0017034168220415359 -0.0032018195894945116 0.041022831494703191 0.032612886877842938 -0.0031117748581085351 -0.013088030937144361 -0.016546898327406558 -0.0047148116679835384 -0.013414334709690919 0.028141733223351822 0.0078238815033313987
leaf_weight=193.62649527657777 297.20470118522644 56.269462700001895 1380.6318414444104 21.84148658439517 404.86226290557534 463.21112194750458 389.29877206962556 126.76661605015397 91.677416697144508 116.4363806694746 73.470722317695618 106.40675413236022 109.28566188924015 90.055446028709412 65.693258807063103 81.219273790717125 612.91923741996288 64.955411478877068 73.504302464425564 424.54770530387759 112.77322713285685 75.122217079624534 74.673059187829494 123.14565452933311 213.74363402277231 135.13439003843814 838.97714286949486 160.3533422909677 78.014621088281274 601.67675328440964
leaf_count=893 2232 370 11999 191 5421 4595 6707 483 228 390 327 355 383 379 178 275 2111 270 279 1750 358 350 296 415 552 997 5915 865 456 3681
internal_value=-0.000395675 -0.00164229 -0.00204064 -0.00521816 -0.0055026 -0.00438468 -0.0103714 0.00298278 0.00387742 0.00450422 0.00332274 0.00267728 0.00409184 0.0127482 0.021063 0.00235757 -0.00164652 -0.00606322 0.00653279 0.00741463 0.00946001 0.0185556 0.0148565 0.00944217 -0.00629746 -0.00278441 -0.00217136 0.000484576 0.00196 0.000523661
internal_weight=7657.5 7360.29 7304.02 4474 4452.16 4047.3 852.51 2830.02 2636.4 2544.72 2428.28 2354.81 2034.66 338.539 229.253 1696.12 946.989 677.875 139.198 749.133 269.115 156.341 324.585 249.912 320.15 3194.79 3059.65 1679.02 1518.67 1440.65
internal_count=53701 51469 51099 40827 40636 35215 11302 10272 9379 9151 8761 8434 7527 1219 836 6308 3364 2381 457 2944 983 625 1194 898 907 23913 22916 10917 10052 9596
is_linear=0
shrinkage=0.03


Tree=68
num_leaves=31
num_cat=0
split_feature=40 15 5 2 3 14 2 19 45 9 10 3 3 9 3 15 28 21 5 19 3 11 47 28 3 47 3 45 45 46
split_gain=301.818 178.298 123.66 98.8257 43.5433 73.9488 43.5918 42.0356 36.9863 81.4525 134.839 93.0345 123.907 35.0375 33.7298 49.8951 30.3078 54.771 30.5595 29.5424 42.1627 89.716 72.656 102.301 102.27 55.3572 34.0949 29.1942 55.0374 45.2348
threshold=25.500000000000004 1.5000000000000002 17.500000000000004 1.5000000000000002 63.500000000000007 26.500000000000004 2.5000000000000004 12.616666793823244 36.95000076293946 1.5000000000000002 1.5000000000000002 25.500000000000004 40.500000000000007 90.500000000000014 13.500000000000002 7.5000000000000009 41.500000000000007 3.5000000000000004 13.500000000000002 6.7166664600372323 9.5000000000000018 1.5000000000000002 28.500000000000004 15.500000000000002 16.500000000000004 7.5000000000000009 23.500000000000004 3.2500000000000004 18.000000000000004 1.5000000000000002
decision_type=2 2 2 2 2 2 2 2 2 2 2 2 2 2 2 2 2 2 2 2 2 2 2 2 2 2 2 2 2 10
left_child=1 3 4 27 5 8 -6 -8 16 14 11 -11 -13 -9 15 -10 18 -18 19 20 25 22 23 24 -22 -3 -24 -1 29 -29
right_child=-2 2 -4 -5 6 -7 7 13 9 10 -12 12 -14 -15 -16 -17 17 -19 -20 -21 21 -23 26 -25 -26 -27 -28 28 -30 -31
leaf_value=-0.0084994292809642529 0.029988936558690713 -0.0095753038564357108 0.051066546638455376 -0.016368886898989295 0.018563390811090819 0.021250836892256864 -0.014930394136687499 0.016099548271420919 -0.0088498781171734969 0.0037232889511283783 0.048828117434998465 0.063673295956618442 0.0059113078814889671 -0.012594664765163625 -0.018333177485269355 0.021972727555873896 0.012657248705798502 -0.011422911879130844 -0.020555023956205884 -0.0093331718941591264 0.027661448780065219 -0.0030024022503173041 0.022774775093483125 0.0072807406272347866 0.096756257566385673 0.0091870841830713357 -0.010171564435880194 0.01622516619049201 -0.0041630980691333731 -0.0052905187750752628
leaf_weight=798.49188518431038 288.56872984021902 285.02233267948031 46.892962610349059 688.10227532777935 59.273149412125349 204.67920210212469 309.88793315552175 90.803741704672575 148.08089299313724 856.77037267386913 75.207970280200243 56.973295483738184 79.471595739945769 64.774780156090856 130.5489608719945 68.213372759521008 106.61343116685748 405.34512226842344 49.376892771571875 144.26110486593097 41.793695196509361 196.5885316003114 55.076756583526731 54.544939115643501 36.70344677567482 279.14933494105935 56.15155602991581 244.4858415639028 1581.6657304875553 136.41654282901436
leaf_count=7674 2207 1439 225 10081 339 821 1376 378 851 3605 385 293 348 341 343 229 360 1419 158 615 212 762 258 247 233 1516 193 2243 13425 1170
internal_value=-5.3136e-05 -0.00123632 0.00315585 -0.00620487 0.00256001 0.00382565 -0.0054651 -0.00855815 0.00267824 0.00626408 0.0103625 0.0074036 0.0303179 0.00414864 -0.00635416 0.000927125 -0.000290386 -0.00639341 0.00231941 0.00331918 0.00514275 0.0120825 0.0241856 0.0390638 0.0607793 -0.000291938 0.00619999 -0.00366682 -0.00169729 0.00852585
internal_weight=7639.94 7351.37 3902.21 3449.16 3855.31 3330.57 524.74 465.466 3125.89 1415.27 1068.42 993.215 136.445 155.579 346.843 216.294 1710.63 511.959 1198.67 1149.29 1005.03 440.859 244.27 133.042 78.4971 564.172 111.228 2761.06 1962.57 380.902
internal_count=53746 51539 16946 34593 16721 14287 2434 2095 13466 6054 4631 4246 641 719 1423 1080 7412 1779 5633 5475 4860 1905 1143 692 445 2955 451 24512 16838 3413
is_linear=0
shrinkage=0.03


Tree=69
num_leaves=31
num_cat=0
split_feature=40 5 15 2 3 14 45 45 46 29 45 5 22 30 30 20 29 30 40 30 8 44 28 28 2 41 39 44 15 2
split_gain=299.863 144.561 115.58 76.5213 50.9773 63.1548 41.1838 51.813 55.8924 60.5219 65.7903 39.7395 35.554 60.1336 40.7244 34.2329 33.6871 32.6852 35.5211 39.2577 45.3711 32.464 32.0793 38.2439 30.8347 29.9537 26.0323 25.5408 24.8229 33.8873
threshold=23.500000000000004 17.500000000000004 1.5000000000000002 1.5000000000000002 63.500000000000007 26.500000000000004 3.2500000000000004 18.000000000000004 1.5000000000000002 49.500000000000007 14.050000190734865 3.5000000000000004 65.500000000000014 7.5000000000000009 111.50000000000001 0.11178390681743623 1.0000000180025095e-35 16.500000000000004 4.5000000000000009 229.50000000000003 3.5000000000000004 0.15000000223517421 2.5000000000000004 16.500000000000004 2.5000000000000004 10.500000000000002 2.4581770896911626 3.0499999523162846 26.500000000000004 8.5000000000000018
decision_type=2 2 2 2 2 2 2 2 10 2 2 2 2 2 2 2 2 2 2 2 2 2 2 2 2 2 2 2 2 2
left_child=1 2 3 6 5 17 16 8 9 10 25 -7 14 -14 -9 -2 21 -4 28 20 22 -1 -20 -24 -6 -8 -5 -23 29 -19
right_child=15 -3 4 26 24 11 7 12 -10 -11 -12 -13 13 -15 -16 -17 -18 18 19 -21 -22 27 23 -25 -26 -27 -28 -29 -30 -31
leaf_value=0.011602200704017598 -0.0025678381564339229 0.044923332387941606 -0.0081512031330133929 -0.016557353916016791 0.012941454402396515 0.0084467370778463311 0.035386934897921801 -0.010087569767134034 -0.0072537555431277864 0.054586598390970041 0.047230059844703728 0.036944196120703064 0.058446741275644774 -0.0032590281272813749 -0.0002506350644955199 0.030966871651280866 -0.014226151437822285 0.0027605866680278038 0.00096523870119173108 0.030670126470374058 -0.012738573090851708 -0.017031094175044444 0.030093562587574688 0.0062405590567315402 -0.0097352323476661163 -0.0011618550375295954 0.011089901058982511 0.0063947592861446816 0.020825038164588923 -0.0059302629981691979
leaf_weight=107.35686082951725 30.058460742235184 58.40257328748703 264.55677943862975 629.48406906425953 60.145964154973626 109.9749122262001 22.090136840939522 708.30943605862558 134.05829848721623 32.02180247195065 36.257264492101967 73.372743047773838 20.816725555807352 40.506300166249275 812.92918061185628 292.22145489603281 510.95777958445251 1658.866149213165 176.0475897565484 68.416142456233501 89.189675375819206 121.81415313016623 116.56319067627192 125.99349599704146 465.85201280005276 159.74999642837793 31.552320804446936 62.911987883970141 55.280345190316439 532.6053498275578
leaf_count=1132 85 384 1534 9514 341 379 126 7158 1158 261 391 308 194 401 5712 2319 4675 7737 498 238 194 1245 400 372 2103 1504 389 687 276 2009
internal_value=-0.000431917 -0.00168614 -0.00206892 -0.00605907 0.00153719 0.00293155 -0.00386731 -0.0015279 0.00834122 0.0166954 0.0109083 0.0199895 -0.00392745 0.0182893 -0.00483446 0.0278409 -0.00958778 0.00191245 0.00285813 0.00949639 0.00658894 -0.00145276 0.0107275 0.0177799 -0.0071226 0.00344739 -0.0152229 -0.0090615 0.00115218 0.00064666
internal_weight=7608.36 7286.08 7227.68 3430.82 3796.86 3270.87 2769.78 1966.74 384.177 250.119 218.097 183.348 1582.56 61.323 1521.24 322.28 803.041 3087.52 2822.96 576.21 507.794 292.083 418.604 242.557 525.998 181.84 661.036 184.726 2246.75 2191.47
internal_count=53724 51320 50936 34547 16389 13945 24644 16905 3440 2282 2021 687 13465 595 12870 2404 7739 13258 11724 1702 1464 3064 1270 772 2444 1630 9903 1932 10022 9746
is_linear=0
shrinkage=0.03


Tree=70
num_leaves=31
num_cat=1
split_feature=40 41 5 49 6 14 3 30 2 19 5 30 30 11 47 30 28 27 3 19 3 28 14 15 11 11 3 40 11 28
split_gain=287 155.504 136.703 120.183 88.0613 49.4189 42.0736 34.5112 42.9556 69.9175 48.5138 33.9507 61.0512 96.9118 188.887 105.942 34.9684 44.9532 35.8989 75.4081 89.3961 66.6557 58.9107 59.168 46.698 35.363 52.747 79.0527 75.6229 59.2163
threshold=25.500000000000004 35.500000000000007 17.500000000000004 0 35.500000000000007 73.500000000000014 50.500000000000007 89.500000000000014 2.5000000000000004 0.18333333730697635 7.5000000000000009 8006.5000000000009 892.50000000000011 1.5000000000000002 9.5000000000000018 1887.5000000000002 35.500000000000007 74.500000000000014 16.500000000000004 1.6166666746139529 20.500000000000004 11.500000000000002 4.5000000000000009 51.500000000000007 1.5000000000000002 1.0000000180025095e-35 3.5000000000000004 2.5000000000000004 4.5000000000000009 13.500000000000002
decision_type=2 2 2 1 2 2 2 2 2 2 2 2 2 2 2 2 2 2 2 2 2 2 2 2 2 2 2 2 2 2
left_child=1 2 3 5 -3 6 11 -8 9 -9 -11 12 16 14 -14 -15 18 -18 22 21 -21 24 25 -24 -20 -1 -27 28 29 -28
right_child=-2 4 -4 -5 -6 -7 7 8 -10 10 -12 -13 13 15 -16 -17 17 -19 19 20 -22 -23 23 -25 -26 26 27 -29 -30 -31
leaf_value=-0.0035471991736605985 0.029440925465781163 -0.016939328194178427 0.049934110646710092 -0.022911102027008256 -0.0039528193968667389 0.02916565445295323 -0.014944164787277014 -0.01442844635956669 -0.0054761403133139945 0.055349072836263204 0.010141897774814706 -0.016616785318787373 0.064284416301618713 0.025325281678403914 -0.00037175868014614684 -0.020605115458442073 -0.0051226610184827333 0.021464470838222539 0.056807439217024913 0.033691895667531273 -0.002986612247830834 0.0089298833751338801 0.029806161215729821 -0.0060930260076424454 0.014046553003407151 -0.0042755973788725695 0.049142551418273173 -0.0023209330336405433 0.00070792710420945119 0.014337684835325406
leaf_weight=1054.4008474331349 281.72042197734118 692.28508567810059 50.838879076763988 181.88034302555025 1461.5269892346114 57.924372941255569 217.08327482827008 49.966018360108137 444.71883997507393 37.044014435261488 50.022069651633501 78.81289716437459 80.539198666810989 81.33400534465909 81.100733026862144 99.203168842941523 807.7374262586236 60.610980652272701 64.889015052467585 69.576953751966357 391.05736116319895 124.68979008495808 122.75891867652535 61.585856035351753 36.568244982510805 351.09738114103675 95.735845785588026 226.73816451989114 100.92860423028469 82.786643017083406
leaf_count=5985 2262 11756 266 2213 13977 307 1341 282 1888 230 249 239 365 304 230 351 3552 219 390 308 1475 580 439 190 166 1897 602 862 518 391
internal_value=-0.000217725 -0.00136376 0.00146186 0.000970013 -0.00813291 0.00185571 0.00152503 -0.0047661 -0.000948978 0.0136765 0.0297863 0.00276003 0.00314652 0.0152446 0.0320412 0.000112561 0.00200885 -0.00324432 0.00364862 0.00959612 0.00261451 0.0237427 0.00169623 0.0178448 0.0416827 0.000130498 0.00465266 0.0108416 0.0214915 0.0331722
internal_weight=7597.16 7315.44 5161.63 5110.79 2153.81 4928.91 4870.99 798.834 581.751 137.032 87.0661 4072.15 3993.34 342.177 161.64 180.537 3651.16 868.348 2782.81 686.781 460.634 226.147 2096.03 184.345 101.457 1911.69 857.287 506.189 279.451 178.522
internal_count=53834 51572 25839 25573 25733 23360 23053 3990 2649 761 479 19063 18824 1250 595 655 17574 3771 13803 2919 1783 1136 10884 629 556 10255 4270 2373 1511 993
cat_boundaries=0 1
cat_threshold=2
is_linear=0
shrinkage=0.03


Tree=71
num_leaves=31
num_cat=0
split_feature=41 21 41 5 6 27 29 29 11 38 22 30 4 30 28 5 11 6 22 30 28 43 10 6 44 22 15 22 28 15
split_gain=232.809 128.178 103.277 83.6203 50.4305 48.3889 48.4498 53.7615 61.1743 56.1331 48.5047 33.1998 50.9567 79.5988 71.9543 77.0376 67.9864 50.8994 45.8998 42.7107 40.3255 42.7746 77.4875 68.457 31.7609 33.2547 31.368 31.2318 30.2747 27.0059
threshold=1.0000000180025095e-35 1.0000000180025095e-35 544.50000000000011 17.500000000000004 544.50000000000011 203.00000000000003 741.50000000000011 203.50000000000003 1.0000000180025095e-35 1.0000000180025095e-35 9.5000000000000018 111.50000000000001 2.5000000000000004 201.50000000000003 28.500000000000004 3.5000000000000004 3.5000000000000004 16.500000000000004 2.5000000000000004 163.50000000000003 15.500000000000002 6.0499999523162851 1.0000000180025095e-35 5.5000000000000009 4.0499999523162851 20.500000000000004 2.5000000000000004 68.500000000000014 1.0000000180025095e-35 4.5000000000000009
decision_type=2 2 2 2 2 2 2 2 2 2 2 2 2 2 2 2 2 2 2 2 2 2 2 2 2 2 2 2 2 2
left_child=1 -1 3 5 -4 6 7 8 26 10 -9 -10 13 14 15 19 29 -17 -16 28 -15 22 23 -22 25 -6 27 -2 -13 -14
right_child=2 -3 4 -5 24 -7 -8 9 11 -11 -12 12 16 20 18 17 -18 -19 -20 -21 21 -23 -24 -25 -26 -27 -28 -29 -30 -31
leaf_value=0.024338533056769807 -0.0079799579103089196 0.0044459155321144202 -0.017198893041955203 0.045470200283060119 -0.012725796723600405 0.035273483598749759 -0.021598049785418509 -0.014169724270299477 -0.0021838460709077572 0.036824045383416305 0.022155165292009206 -0.014922845902742562 -0.016207773122276514 -0.011813188475509584 0.020821161630049566 0.064984578841196503 0.023517631024147955 0.026853231904003953 -0.021990723112374252 0.036199384606904167 0.011731787451419937 -0.012943192624420655 -0.0029299737398171262 0.066035243424011944 0.020552558086899476 0.0059166313137392033 -0.00064089376069737609 0.015979331496024311 0.015782719249896975 -0.00082334147260798443
leaf_weight=454.27677517384291 1573.1275124531239 812.13666211254895 569.25217842590064 33.870277182199061 248.74637141264975 31.641481354832649 103.41672317311168 69.260849878191948 937.49400129448622 65.578007647767663 61.549151945859194 48.270304650068283 167.41318365093321 147.83202578313649 38.288298100233078 57.296180928125978 77.556189181283116 74.091090630739927 51.908719168975949 49.293647365644574 47.128774154931307 64.21468710526824 97.024830162525177 37.316840025596321 43.254880564287305 130.70638274401426 1080.6802597362548 49.63493337854743 68.957366792485118 263.44892485812306
leaf_count=3040 13396 2357 10489 167 2398 128 476 354 6806 266 366 259 950 728 225 308 306 390 253 347 210 293 403 253 404 1314 4898 444 400 1058
internal_value=-0.000134786 0.0115952 -0.0024986 -0.000833856 -0.0113772 -0.00114046 -0.00136743 -0.00095526 -0.00156951 0.0143974 0.0029604 0.00211116 0.00523169 0.0100357 0.0196573 0.0267448 -0.00215909 0.043847 -0.0037882 0.0130698 0.00052069 0.00795995 0.0153871 0.0362207 -0.00351519 -0.00630555 -0.00460191 -0.00723773 0.00311995 -0.00682471
internal_weight=7554.67 1266.41 6288.25 5296.29 991.96 5262.42 5230.78 5127.37 4930.98 196.388 130.81 2227.54 1290.04 781.623 388.106 297.909 508.418 131.387 90.197 166.521 393.517 245.685 181.47 84.4456 422.708 379.453 2703.44 1622.76 117.228 430.862
internal_count=53686 5397 48289 33684 14605 33517 33389 32913 31927 986 720 13189 6383 4069 2182 1704 2314 698 478 1006 1887 1159 866 463 4116 3712 18738 13840 659 2008
is_linear=0
shrinkage=0.03


Tree=72
num_leaves=31
num_cat=1
split_feature=40 41 49 5 6 14 6 11 2 8 29 27 15 27 28 29 46 5 5 2 27 42 27 30 29 29 30 43 42 30
split_gain=260.524 144.824 126.741 111.832 78.1284 41.6227 39.8255 67.9058 41.6374 45.2118 43.1186 36.9324 35.0686 34.3072 31.8268 41.1281 51.6869 38.1644 40.7783 45.2269 34.2808 58.2441 51.8469 52.9173 33.3966 39.2922 68.1211 36.4296 28.9092 62.5223
threshold=25.500000000000004 35.500000000000007 0 17.500000000000004 35.500000000000007 74.500000000000014 47.500000000000007 36.500000000000007 38.500000000000007 26.500000000000004 1452.5000000000002 2.5000000000000004 7.5000000000000009 195.50000000000003 41.500000000000007 29.500000000000004 1.5000000000000002 7.5000000000000009 6.5000000000000009 3.5000000000000004 1.0000000180025095e-35 1.6500000357627871 12.500000000000002 182.50000000000003 557.50000000000011 56.500000000000007 1473.5000000000002 3.3500000238418584 1.0500000119209292 245.50000000000003
decision_type=2 2 1 2 2 2 2 2 2 2 2 2 2 2 2 2 8 2 2 2 2 2 2 2 2 2 2 2 2 2
left_child=1 2 3 5 -3 6 7 8 9 10 13 -6 -8 14 15 17 20 18 -1 -20 24 22 23 -22 25 -17 -27 -28 29 -13
right_child=-2 4 -4 -5 11 -7 12 -9 -10 -11 -12 28 -14 -15 -16 16 -18 -19 19 -21 21 -23 -24 -25 -26 26 27 -29 -30 -31
leaf_value=0.0011483124249645018 0.028461418926028704 -0.016417911533775677 -0.023460989126182313 0.045600198395734343 -0.0057138973345441874 0.026898952092001983 0.0031265422873220871 0.036841056949463644 -0.0086954172960994579 0.028260544059362333 -0.027973874913899088 0.0054876795444267932 0.028113225643939942 0.024041700580724499 -0.0040396980921550652 0.00019247042408706281 -0.010783419567234557 -0.0057784430072114566 0.0051041272568017482 0.038531953623190111 0.0025314282639699332 0.037078406262662629 -0.011389137675515916 0.034716192065919423 -0.019010612926546013 0.040468840933923243 0.020223983121526932 -0.017368537803028158 -0.0068862931144431077 0.060619728991123639
leaf_weight=1425.7263652198017 271.67386692762375 675.40236540324986 178.49251700658351 51.864943698048592 1294.5908935321495 57.448948428034782 112.68941295146942 45.741059049963951 403.54849175084382 54.572894966229796 44.656811214983463 71.54905164334923 91.103646699339151 58.06405071914196 878.8547707349062 250.15244797803462 117.99873294495046 670.78501429595053 101.43109899573028 56.165775714442134 93.867910817265511 97.157782526686788 73.2200858425349 89.437234364449978 45.996593575924635 72.8245619982481 45.911615915596485 44.908251017332077 57.687270978465676 24.087037764489651
leaf_count=7842 2250 11768 2209 262 12665 301 603 278 1854 175 143 637 370 187 3634 1195 522 2931 576 321 386 438 267 394 211 345 222 187 488 194
internal_value=-0.000328902 -0.00140618 0.00130654 0.00219805 -0.00799939 0.00173251 0.00143047 0.000862564 0.000498874 0.00137959 0.00102086 -0.00406381 0.0143793 0.00134166 0.00101153 0.00240592 0.00770496 0.000213731 0.0027544 0.0171853 0.0103967 0.0174071 0.0098417 0.018338 0.00497811 0.00768404 0.0190652 0.00164867 0.00981548 0.0198569
internal_weight=7557.61 7285.94 5162.62 4984.13 2123.32 4932.26 4874.81 4671.02 4625.28 4221.73 4167.16 1447.91 203.793 4122.5 4064.44 3185.58 931.475 2254.11 1583.32 157.597 813.476 353.683 256.525 183.305 459.793 413.797 163.644 90.8199 153.323 95.6361
internal_count=53855 51605 25853 23644 25752 23382 23081 22108 21830 19976 19801 13984 973 19658 19471 15837 4167 11670 8739 897 3645 1485 1047 780 2160 1949 754 409 1319 831
cat_boundaries=0 1
cat_threshold=2
is_linear=0
shrinkage=0.03


Tree=73
num_leaves=31
num_cat=1
split_feature=40 41 49 6 4 4 11 45 27 29 41 27 37 6 11 27 45 45 20 43 30 11 3 45 29 29 45 8 3 43
split_gain=242.265 124.425 120.536 80.7242 47.4168 38.5217 98.3545 183.114 48.6399 72.3122 44.9069 38.2474 37.4727 62.8358 34.2011 33.8236 37.7243 31.2399 31.1763 30.8656 42.6392 29.2996 37.8883 52.9206 41.6608 28.8524 31.6995 45.2459 26.8182 44.6638
threshold=25.500000000000004 35.500000000000007 0 35.500000000000007 9.5000000000000018 3.5000000000000004 2.5000000000000004 38.800001144409187 195.50000000000003 910.50000000000011 8.5000000000000018 10.500000000000002 5.5000000000000009 10.500000000000002 1.0000000180025095e-35 2.5000000000000004 51.750000000000007 87.000000000000014 0.14796569943428042 6.5499999523162851 195.50000000000003 9.5000000000000018 84.500000000000014 34.750000000000007 431.50000000000006 7.5000000000000009 56.100000381469734 1.5000000000000002 66.500000000000014 4.0499999523162851
decision_type=2 2 1 2 2 2 2 2 2 2 2 2 2 2 2 2 2 2 2 2 2 2 2 2 2 2 2 2 2 2
left_child=1 2 4 -3 5 8 10 -8 9 12 11 25 17 -14 -15 -5 19 21 -2 20 -17 22 24 -24 28 -7 27 -27 -1 -30
right_child=18 3 -4 15 -6 6 7 -9 -10 -11 -12 -13 13 14 -16 16 -18 -19 -20 -21 -22 -23 23 -25 -26 26 -28 -29 29 -31
leaf_value=0.0028977288476574282 -0.003225516190849148 -0.016001894314747182 -0.022878457844480813 -0.0049159061940991936 0.032106679438424178 -0.0070976091589548393 -0.0025865967965722405 0.064636873199163794 0.025065778486223936 -0.026504413884857164 -0.01693531462402055 -0.014728147770176636 0.0027633409417694176 0.01898835511910911 0.053614179132951342 -0.0065958043653531542 0.034020603743672176 0.025969097584012151 0.031367077852874681 -0.022425574106775512 0.037655810534881269 -0.0060527202934149331 0.017925700359354937 -0.024386630443438473 0.030935410588798423 0.017761637782618932 0.021049999233201038 -0.0090682101226941102 0.0013357087851692811 0.045000014147546327
leaf_weight=2590.4448932977393 25.786426365375519 656.20949284173548 176.86695087421685 1290.685724937357 46.446142043918371 221.88084023632109 117.09501560404897 51.916914373636246 90.505425415933132 72.674953289330006 264.52453496679664 175.25120452418923 189.01645951904356 79.544759791344404 38.379519958049059 48.559272849932313 41.370132595300674 49.587801672518253 239.36072196811438 34.562815759330988 31.585187196731567 344.0941357575357 36.154732514172792 93.770773766562343 49.581660188734531 88.984490061178803 98.326877597719431 151.34910494089127 49.717128861695528 35.689282480627298
leaf_count=12950 102 11657 2239 12702 211 864 391 241 294 262 1681 450 666 516 233 442 351 255 2142 288 237 1685 193 563 216 367 387 425 289 238
internal_value=-0.000105322 -0.00114207 0.00138503 -0.00728257 0.00225909 0.001969 -0.00277873 0.0183218 0.00346206 0.00291646 -0.00635857 -0.00253831 0.00352503 0.0135279 0.0306137 -0.00331941 0.00983005 0.00257618 0.0280034 0.000886909 0.011093 0.00220561 0.00320258 -0.0125653 0.00395859 0.00129224 0.00679375 0.000898086 0.00344736 0.0198916
internal_weight=7479.92 7214.78 5111.8 2102.97 4934.94 4888.49 1169.33 169.012 3719.16 3628.66 1000.32 735.793 3555.98 306.941 117.924 1446.76 156.077 3249.04 265.147 114.707 80.1445 3199.45 2855.36 129.926 2725.43 560.541 338.66 240.334 2675.85 85.4064
internal_count=53537 51293 25616 25677 23377 23166 4806 632 18360 18066 4174 2493 17804 1415 749 14020 1318 16389 2244 967 679 16134 14449 756 13693 2043 1179 792 13477 527
cat_boundaries=0 1
cat_threshold=2
is_linear=0
shrinkage=0.03


Tree=74
num_leaves=31
num_cat=0
split_feature=40 15 5 2 27 3 2 40 40 9 18 21 38 29 29 27 29 3 27 30 43 3 41 3 30 19 18 8 30 11
split_gain=270.385 130.306 104.424 79.5625 39.7051 41.2175 50.3204 35.461 32.465 35.0179 82.9344 32.2626 33.3377 32.2017 49.4688 62.5589 31.4014 31.243 29.6941 39.4852 31.2112 30.7659 126.503 78.7997 46.7606 89.3553 51.3024 27.5323 26.943 24.9809
threshold=24.500000000000004 1.5000000000000002 17.500000000000004 1.5000000000000002 203.00000000000003 63.500000000000007 2.5000000000000004 4.5000000000000009 7.5000000000000009 1.5000000000000002 2.2142857313156132 1.0000000180025095e-35 4.7857143878936776 849.50000000000011 116.50000000000001 18.500000000000004 16.500000000000004 7.5000000000000009 1.0000000180025095e-35 892.50000000000011 15.949999809265138 5.5000000000000009 55.500000000000007 41.500000000000007 111.50000000000001 0.083333335816860213 0.5000000149011613 23.500000000000004 93.500000000000014 2.5000000000000004
decision_type=2 2 2 2 2 2 2 2 2 2 2 2 2 2 2 2 2 2 2 2 2 2 2 2 2 2 2 2 2 2
left_child=1 3 4 18 5 7 -7 13 9 -9 -11 12 -10 14 27 -16 -12 -13 21 20 -20 -1 23 24 28 -26 -27 -3 -23 -8
right_child=-2 2 -4 -5 -6 6 29 8 11 10 16 17 -14 -15 15 -17 -18 -19 19 -21 -22 22 -24 -25 25 26 -28 -29 -30 -31
leaf_value=-0.0071805580612169248 0.028943959167823233 -0.00021999963229842197 0.046951162909817441 -0.01506561161433566 0.019996443387191105 0.019188950140056563 -0.012689757399475648 0.00017225962588886091 -0.00060356392514400545 0.050509057790612821 -0.0034342333685719317 0.011829348956528568 0.031995856819071966 -0.024293404552455249 0.037230610315622664 -0.0015013129888174828 0.024614917269510261 -0.0074788375547823732 0.0023810633408427283 0.025172382146781452 -0.020116561563757691 0.016626514795076725 -0.02004201924321564 -0.0074184195920746236 0.0036944712690341014 0.08304203925864885 0.028380046794976369 0.021332413023175567 -0.01781897555552623 0.010657828908429586
leaf_weight=1538.4733581319451 276.46394104510546 2210.7102008135989 46.021868396550417 642.41334164980799 105.8574400395155 58.700069550424814 385.46431660465896 87.479765754193068 51.680431559681892 65.350432302802801 75.681173719465733 110.43910060077906 61.132147148251534 43.696979515254498 74.909913592040539 74.086643114686012 67.010480634868145 232.42264533042908 504.66900129802525 60.768217325210571 61.340302614495158 85.344604911282659 167.27902351971716 124.26922586932778 45.38993432559073 34.686709847301245 29.973924512043595 53.66349340416491 25.8791000302881 45.41133626922965
leaf_count=14359 2356 10656 229 10096 320 341 1835 267 149 295 221 323 394 112 307 210 209 540 4432 288 506 759 2140 917 308 272 197 181 168 187
internal_value=-0.000114085 -0.00123837 0.00251737 -0.00559215 0.00196756 0.00144618 -0.00665323 0.00268382 0.00838341 0.016111 0.0227802 0.00334746 0.0171877 0.000938596 0.00140532 0.01809 0.00981777 -0.00124317 -0.00331489 0.00239704 -8.82571e-05 -0.0050605 0.00130128 0.0116617 0.0223624 0.036145 0.0585212 0.000299963 0.00852451 -0.0102101
internal_weight=7446.67 7170.21 3849.72 3320.49 3803.7 3697.84 489.576 3208.26 751.196 295.522 208.042 455.674 112.813 2457.07 2413.37 148.997 142.692 342.862 2678.07 626.778 566.009 2051.3 512.823 345.543 221.274 110.051 64.6606 2264.37 111.224 430.876
internal_count=53574 51218 16776 34442 16547 16227 2363 13864 2398 992 725 1406 543 11466 11354 517 430 863 24346 5226 4938 19120 4761 2621 1704 777 469 10837 927 2022
is_linear=0
shrinkage=0.03


Tree=75
num_leaves=31
num_cat=0
split_feature=40 41 5 27 6 28 45 18 20 45 45 27 45 28 42 30 5 5 30 19 11 45 45 41 6 14 43 9 43 44
split_gain=229.012 119.648 81.4663 57.7883 50.4588 44.3168 40.9256 40.0095 37.4252 35.788 54.1273 42.697 34.2162 39.2645 40.6634 36.512 59.5932 28.9 41.3611 34.6483 41.6521 30.0727 28.4096 28.3287 25.3739 24.775 24.7294 38.0384 24.4986 21.4295
threshold=23.500000000000004 10.500000000000002 16.500000000000004 99.500000000000014 9.5000000000000018 3.5000000000000004 4.1499998569488534 2.0714285373687749 0.11178390681743623 15.550000190734865 11.400000095367433 2.5000000000000004 52.45000076293946 6.5000000000000009 0.45000000298023229 234.50000000000003 4.5000000000000009 4.5000000000000009 95.500000000000014 4.2166664600372323 1.0000000180025095e-35 41.850000381469734 56.549999237060554 76.500000000000014 80.500000000000014 73.500000000000014 18.500000000000004 1.5000000000000002 2.2500000000000004 11.650000095367433
decision_type=2 2 2 2 2 2 2 2 2 2 2 2 2 2 2 2 2 2 2 2 2 2 2 2 2 2 2 2 2 2
left_child=1 2 25 4 -3 17 -7 9 -2 10 11 -8 -11 14 -14 22 28 -6 -19 20 21 -20 -15 -9 -24 26 29 -28 -17 -1
right_child=8 3 -4 -5 5 6 7 23 -10 12 -12 -13 13 15 -16 16 -18 18 19 -21 -22 -23 24 -25 -26 -27 27 -29 -30 -31
leaf_value=0.0010191359189624018 -0.0057332667000643813 -0.014884316569798264 0.040426031837710229 0.044904428569940001 -0.0092688727021389868 -0.0081123412612138929 -0.0061243909593384788 0.039253833543744614 0.029117023133948376 -0.0073815775878733969 0.05232170414107018 0.03189457188429265 0.038557411253821228 0.022998361265557668 -0.0016464999215870071 0.018048966747012278 0.050963023488442317 -0.0078523019421329575 0.026493586592114017 -0.017023046926818677 0.040813527460523698 -0.010584308070070284 -0.010058796739450654 -0.001392672166392155 0.018356188204628143 0.022665848940355265 -0.0050452959076222681 0.025260378583776093 -0.018520981964553818 0.018642230415452318
leaf_weight=3080.8248679647222 30.585810944437981 426.14134462736547 50.168248802423477 19.862244968302548 1363.0352992312983 432.74413147754967 81.90649223420769 43.158710795454681 268.12968351691961 407.75871471781284 27.293197201564908 38.189891002140939 53.5045613842085 30.112080310471356 38.595756659284234 32.853762208484113 29.930879071354866 239.3577314093709 33.34587465133518 29.20990845002234 47.086304703727365 45.238256431184709 270.77638881001621 23.6195362014696 30.646882919594646 51.828532353043556 60.247771896421909 95.546786701306701 31.138046832755208 62.383324258029461
leaf_count=12061 86 6864 242 181 13198 4409 647 313 2386 3444 276 302 476 293 294 242 260 2307 319 178 374 327 2262 337 288 248 245 418 182 277
internal_value=-0.000151454 -0.00122431 0.00285659 -0.00490019 -0.00517547 -0.00392875 -0.000268952 0.00271425 0.0255414 0.00130058 0.0149777 0.00612894 -0.000891807 0.00422554 0.0218728 0.000363055 0.0167729 -0.00720114 -4.683e-05 0.011989 0.0188135 0.00528429 -0.00432225 0.0250687 -0.00711859 0.00228222 0.00195521 0.0135833 0.000243065 0.00137472
internal_weight=7475.22 7176.51 3401 3775.51 3755.64 3329.5 1572.23 1139.48 298.715 1072.71 147.39 120.096 925.317 517.558 92.1003 425.458 93.9227 1757.27 394.238 154.88 125.67 78.5841 331.535 66.7782 301.423 3350.83 3299 155.795 63.9918 3143.21
internal_count=53736 51264 13491 37773 37592 30728 14025 9616 2472 8966 1225 949 7741 4297 770 3527 684 16703 3505 1198 1020 646 2843 650 2550 13249 13001 663 424 12338
is_linear=0
shrinkage=0.03


Tree=76
num_leaves=31
num_cat=0
split_feature=40 15 5 2 28 45 47 5 9 47 47 3 8 9 45 4 3 3 9 5 3 15 19 3 45 47 8 43 28 43
split_gain=209.254 91.3348 70.0784 68.2437 55.38 61.3716 65.8756 48.3899 81.0534 73.3231 41.8552 40.9136 42.8577 36.3658 59.8237 50.6612 45.9644 127.649 49.0388 64.0938 51.2396 45.3901 37.8618 36.2155 39.1235 34.4503 33.4553 44.6916 31.9388 30.186
threshold=25.500000000000004 2.5000000000000004 16.500000000000004 2.5000000000000004 1.5000000000000002 3.4500000476837163 51.500000000000007 2.5000000000000004 4.5000000000000009 48.500000000000007 53.500000000000007 63.500000000000007 29.500000000000004 1.5000000000000002 34.750000000000007 5.5000000000000009 25.500000000000004 40.500000000000007 12.500000000000002 7.5000000000000009 12.500000000000002 5.5000000000000009 1.6499999761581423 4.5000000000000009 68.850002288818374 5.5000000000000009 1.5000000000000002 3.2500000000000004 184.50000000000003 12.84999990463257
decision_type=2 2 2 2 2 2 2 2 2 2 2 2 2 2 2 2 2 2 2 2 2 2 2 2 2 2 2 2 2 2
left_child=1 3 7 4 23 -6 28 8 9 26 11 12 13 25 29 16 18 -18 19 21 -21 -16 -22 -1 -25 -9 27 -3 -7 -15
right_child=-2 2 -4 -5 5 6 -8 10 -10 -11 -12 -13 -14 14 15 -17 17 -19 -20 20 22 -23 -24 24 -26 -27 -28 -29 -30 -31
leaf_value=-0.010172102672016856 0.026807050749803052 -0.0060390575560567905 0.036448695131133135 -0.013565460506617902 -0.0078032279642457564 0.002211530314025453 0.042126930842895337 -0.010471408870617122 0.040696594585878057 0.040825051566163832 -0.012275743192969648 -0.0064425654224041853 0.029526069695110853 -0.0027112107290101217 0.0088329891624408484 0.039356613385602229 0.058075155260035413 -0.0013986180378719394 -0.013176589257472121 -0.015312490648493262 0.026969377755237882 0.03223673232523195 -0.0067244328437254452 0.0054755702740735867 -0.016990371194922433 0.013943864081282826 -0.022946399152998974 0.019464716870121003 0.034172395139778468 0.019886996914631298
leaf_weight=974.25549297686666 251.46716950833797 148.27403225842863 53.776375867426395 573.47983800061047 553.68179769441485 1436.2908620778471 38.455632202327251 281.71826243028045 71.002779271453619 45.255105048418045 203.96516155637801 443.1495261490345 54.81212067976594 758.1906119287014 199.37811943143606 49.601597562432289 56.67379735596478 74.245389193296432 108.52672465518117 132.9006162583828 64.902314573526382 119.24738566204906 54.521600883454084 314.82799815665931 88.544192236848176 62.82980084605515 46.234604030847549 104.66634264402092 27.710188450291753 56.210161928087473
leaf_count=9713 2249 654 252 8171 5126 11323 343 854 272 243 782 2076 171 2992 925 198 291 312 344 531 267 476 159 2923 738 280 117 563 215 249
internal_value=-3.83507e-05 -0.000979895 0.00280732 -0.00399476 -0.00239286 0.00072603 0.00387231 0.00221906 0.0117427 0.00567349 0.000761165 0.00182211 0.00359047 0.00287208 0.00469851 0.0102119 0.00838179 0.0245921 0.00522688 0.00874196 -0.0025515 0.0176654 0.0116588 -0.00704501 0.000514252 -0.00599171 0.000237951 0.00454946 0.00283939 -0.001129
internal_weight=7448.8 7197.33 3190.08 4007.25 3433.77 2056.14 1502.46 3136.31 415.433 344.43 2720.87 2516.91 2073.76 2018.95 1674.4 859.998 810.396 130.919 679.477 570.95 252.325 318.626 119.424 1377.63 403.372 344.548 299.175 252.94 1464 814.401
internal_count=53809 51560 13008 38552 30381 17007 11881 12756 1849 1577 10907 10125 8049 7878 6744 3503 3305 603 2702 2358 957 1401 426 13374 3661 1134 1334 1217 11538 3241
is_linear=0
shrinkage=0.03


Tree=77
num_leaves=31
num_cat=0
split_feature=40 15 2 45 45 30 27 30 4 3 3 2 18 29 39 22 30 29 41 30 45 45 3 45 11 40 15 4 42 4
split_gain=206.808 98.4669 64.915 40.7876 57.622 56.2689 62.1999 69.7187 36.599 50.5744 40.1903 46.3642 41.4516 36.5312 35.1894 26.5364 53.5133 37.849 26.8996 49.1993 32.8811 52.4567 42.0652 89.5703 28.8646 26.4738 62.0902 49.9884 34.8101 33.6002
threshold=25.500000000000004 1.5000000000000002 1.5000000000000002 3.2500000000000004 18.000000000000004 145.50000000000003 1.5000000000000002 213.50000000000003 7.5000000000000009 37.500000000000007 63.500000000000007 2.5000000000000004 19.214285850524906 1.0000000180025095e-35 2.4581770896911626 61.500000000000007 7.5000000000000009 3.5000000000000004 57.500000000000007 1746.5000000000002 62.649999618530281 52.45000076293946 5.5000000000000009 41.449998855590827 1.0000000180025095e-35 4.5000000000000009 13.500000000000002 1.5000000000000002 1.0000000180025095e-35 4.5000000000000009
decision_type=2 2 2 2 2 2 2 2 2 2 2 2 2 2 2 2 2 2 2 2 2 2 2 2 2 2 2 2 2 2
left_child=1 2 3 13 5 -5 7 -7 10 -10 12 -12 25 -1 -4 17 -17 -6 19 20 21 22 24 -24 -19 29 27 -27 -28 -3
right_child=-2 8 14 4 15 6 -8 -9 9 -11 11 -13 -14 -15 -16 16 -18 18 -20 -21 -22 -23 23 -25 -26 26 28 -29 -30 -31
leaf_value=3.1502810016193779e-05 0.027215779336742883 0.0012332669511498149 -0.015239232010505314 0.00068946757446624164 -0.010079584335746751 0.039757354365256341 0.055604580721239083 -0.0082799433798987215 -0.001921321829987313 0.038257198509153767 0.0178355410248606 -0.0094062149615907545 0.015033774335104486 -0.01363250244309035 0.017062787294290331 0.047675641547506947 -0.0044896071295241783 0.016834837469648419 -0.0082116875324552887 -0.011503422504454909 -0.0011183955407323917 0.038251547716401622 0.054728081228686297 -0.0080067939758761298 -0.013047238698617921 0.0036089129520039337 -0.0073027775170432215 0.037251446878499191 0.0091427362627772846 -0.017986907113399262
leaf_weight=276.14648608583957 240.18655772507191 2288.127508437261 587.44060759339482 234.00899754744023 561.80139964167029 46.38101376965642 40.303434552624822 63.169031741097569 53.867410555481911 57.954815991222858 63.226444583386183 453.71216848865151 235.9917359650135 485.01755591761321 31.199705395847559 26.476676875725389 49.309814721345901 42.4209353197366 262.94859443698078 154.50419268012047 207.23127740062773 64.060218457132578 41.070050129666924 39.482352511957288 87.271522615104914 68.153736930340528 206.60236188024282 95.17038194462657 261.1347373649478 83.896422566846013
leaf_count=3016 2217 10703 9640 2371 5779 394 284 443 160 269 351 2087 916 4650 395 239 491 291 3009 805 1301 450 343 248 509 198 539 356 815 383
internal_value=-0.000108155 -0.00102739 -0.00483315 -0.00280975 -0.000479093 0.00990255 0.0241896 0.0122336 0.0022203 0.0190568 0.00171412 -0.00604629 0.00295412 -0.00868173 -0.0135852 -0.00307735 0.0141183 -0.00397852 -0.000158847 0.00317798 0.00790269 0.0146972 0.00737326 0.0242578 -0.00321912 0.00200017 0.00745594 0.0233201 0.00187857 0.000546173
internal_weight=7408.27 7168.08 3300.24 2681.6 1920.44 383.862 149.853 109.55 3867.84 111.822 3756.02 516.939 3239.08 761.164 618.64 1536.58 75.7865 1460.79 898.989 636.041 481.536 274.305 210.245 80.5524 129.692 3003.09 631.061 163.324 467.737 2372.02
internal_count=53652 51435 34658 24623 16957 3492 1121 837 16777 429 16348 2438 13910 7666 10035 13465 730 12735 6956 3947 3142 1841 1391 591 800 12994 1908 554 1354 11086
is_linear=0
shrinkage=0.03


Tree=78
num_leaves=31
num_cat=0
split_feature=40 5 41 3 29 11 37 3 11 28 11 28 29 27 28 29 3 29 11 45 45 37 45 6 11 3 9 5 14 43
split_gain=206.107 117.091 89.7842 44.1507 44.1343 40.6861 36.8376 32.9084 32.3657 30.724 45.6205 40.8904 30.4403 34.3234 76.1061 47.9484 38.7473 44.6091 150.125 67.9147 49.7279 44.0797 37.7774 74.5564 36.8862 40.5756 31.655 48.734 77.8865 44.6918
threshold=25.500000000000004 17.500000000000004 544.50000000000011 1.5000000000000002 15.500000000000002 22.500000000000004 5.5000000000000009 51.500000000000007 28.500000000000004 8.5000000000000018 2.5000000000000004 14.500000000000002 861.50000000000011 9.5000000000000018 260.50000000000006 439.50000000000006 82.500000000000014 203.50000000000003 1.5000000000000002 32.149999618530281 49.95000076293946 4.5000000000000009 37.549999237060554 11.500000000000002 2.5000000000000004 8.5000000000000018 3.5000000000000004 5.5000000000000009 2.5000000000000004 0.25000000745058065
decision_type=2 2 2 2 2 2 2 2 2 2 2 2 2 2 2 2 2 2 2 2 2 2 2 2 2 2 2 2 2 2
left_child=1 2 4 9 6 12 7 8 -1 -4 11 -11 13 14 16 24 17 19 -19 21 -20 -6 23 -21 -15 -26 -24 -28 29 -29
right_child=-2 -3 3 -5 5 -7 -8 -9 -10 10 -12 -13 -14 15 -16 -17 -18 18 20 22 -22 -23 26 -25 25 -27 27 28 -30 -31
leaf_value=-0.0011927850789439562 0.027574300915184605 0.043164940797604606 -0.0079529102611541301 -0.016046390839063965 -0.0050123594920926315 0.030985377773350305 0.0096240868857737499 -0.011220354761006541 -0.017534329812948231 0.054875044629447221 -0.013057978396412635 0.0085723117127608477 -0.010829759696108212 -0.0080949672300291899 0.033498910446602644 0.023599409548203453 -0.012748338360025388 0.059993300804740766 0.021146990240200798 0.0035770769099597592 -0.022764858166629216 0.019055326774839145 0.003195756853160875 0.058717765958236488 -0.0071468674123286455 0.030398046898961389 -0.00077689433068985829 -0.0097092568940331594 0.061227963355211593 0.027609900496792846
leaf_weight=2417.8434087736532 236.93444664776325 53.084259926341474 321.64522168692201 486.61870623193681 741.57160849496722 44.335473336279392 215.85690269060433 396.15912526566535 113.24577118456364 24.406074053607881 49.478795289993286 54.397334772162139 148.87895846366882 546.0577673073858 79.931047700345516 56.436080396175385 118.5339267719537 53.908944979310036 41.760901134461164 51.067917781881988 49.783210128545761 74.462419003248215 589.40098836831748 38.052146350964904 51.712747424840927 50.301933247596025 99.775113549083471 45.801094965077937 40.740484848618507 75.320795926265419
leaf_count=17301 2233 368 3549 9857 4164 186 1201 2639 650 226 408 527 551 2342 313 176 684 295 212 200 254 388 3009 270 210 219 357 216 189 406
internal_value=0.000107269 -0.000809144 -0.00114502 -0.00979216 0.000175122 0.00277881 -0.00230832 -0.00319121 -0.00193057 -0.00300731 0.00935853 0.0234206 0.00234505 0.00304803 0.00496966 -0.00267922 0.00382485 0.00486405 0.0207736 0.0035353 -0.00272095 -0.00279557 0.00902747 0.0275111 -0.00500047 0.0114813 0.00706186 0.0157259 0.0258408 0.0135341
internal_weight=7367.5 7130.57 7077.48 936.546 6140.94 2997.83 3143.11 2927.25 2531.09 449.927 128.282 78.8034 2953.5 2804.62 2100.11 704.509 2020.18 1901.65 145.453 1756.19 91.5441 816.034 940.159 89.1201 648.072 102.015 851.038 261.637 161.862 121.122
internal_count=53600 51367 50999 14567 36432 14641 21791 20590 17951 4710 1161 753 14455 13904 10957 2947 10644 9960 761 9199 466 4552 4647 470 2771 429 4177 1168 811 622
is_linear=0
shrinkage=0.03


Tree=79
num_leaves=31
num_cat=0
split_feature=40 15 5 9 28 5 38 9 3 5 5 45 15 3 45 8 8 6 40 3 3 45 9 19 45 28 28 21 3 11
split_gain=192.25 98.4334 76.4181 65.6723 50.2744 32.912 43.9428 42.6163 71.8182 44.7816 41.1511 42.3261 78.32 54.6525 42.3445 39.8641 64.9373 46.5093 38.8335 35.4482 72.8966 139.475 54.7094 49.615 41.8797 49.0384 32.3958 46.4813 33.2039 39.1059
threshold=25.500000000000004 1.5000000000000002 16.500000000000004 1.5000000000000002 1220.5000000000002 7.5000000000000009 18.357143402099613 70.500000000000014 55.500000000000007 6.5000000000000009 6.5000000000000009 7.2000000476837167 14.500000000000002 10.500000000000002 34.250000000000007 1.5000000000000002 3.5000000000000004 2.5000000000000004 3.5000000000000004 12.500000000000002 45.500000000000007 71.649997711181655 58.500000000000007 1.6166666746139529 52.45000076293946 17.500000000000004 3.5000000000000004 1.0000000180025095e-35 1.5000000000000002 2.5000000000000004
decision_type=2 2 2 2 2 2 2 2 2 2 2 2 2 2 2 2 2 2 2 2 2 2 2 2 2 2 2 2 2 2
left_child=1 3 4 26 5 6 7 8 10 -10 11 12 13 -3 -13 17 -17 -16 -12 -7 21 23 -22 24 25 -21 -1 -28 29 -29
right_child=-2 2 -4 -5 -6 19 -8 -9 9 -11 18 14 -14 -15 15 16 -18 -19 -20 20 22 -23 -24 -25 -26 -27 27 28 -30 -31
leaf_value=-0.0060292997609423847 0.026581679772676954 0.010359740358875073 0.037522254259026451 -0.013749255314000173 0.032597672192269687 -0.013392124704634694 0.028179559986682524 -0.015885356034632338 0.046356953424560428 0.005819472754722799 0.0065005423821590186 -0.0079808673358731669 0.033835509548733225 -0.011914670647350698 -0.017821690896877112 0.037939371821840789 0.0032678606441018869 0.0022232872102877364 0.034207688747900242 0.052480224535016926 -0.013505293060473038 0.04906145023886635 0.017264760496248536 -0.0051633144634019362 -0.0018008073430499216 0.0063971868171653146 0.030250711293152988 0.013904841185184817 -0.0036970064523443838 -0.00543220174950927
leaf_weight=1334.2354389121756 235.78748483210802 311.62965404801071 53.774121025577188 593.54439156129956 46.218244682997465 224.57472428865731 61.575766893103719 105.1067671161145 54.668461002409458 44.421687643975019 150.97295551002026 553.83988744113594 89.70854420773685 144.22130195982754 123.18891509249806 66.508180405944586 174.52655834145844 645.58344164304435 64.588242836296558 41.605232819914818 375.07775777578354 62.382948068901896 59.472754810005426 314.37915715388954 67.670843726024032 41.191048868000507 44.876953997649252 250.97932289261371 892.46369209699333 149.55363735742867
leaf_count=13374 2233 1693 262 10004 174 892 324 560 352 259 698 2329 409 608 360 314 503 3068 276 228 1562 323 270 1026 248 177 441 2280 7416 1163
internal_value=-1.29255e-05 -0.000894457 0.00233759 -0.00473099 0.00183302 0.00144802 0.00334278 0.00272715 0.00354047 0.0284239 0.00246808 0.00118882 0.00837542 0.00330195 -0.00132235 0.00233388 0.0129519 -0.00100772 0.014922 -0.00268874 -0.000178194 0.00731393 -0.00926412 0.00161807 0.0157273 0.0299039 -0.00272341 0.000575532 -0.000477008 0.0066891
internal_weight=7378.33 7142.54 3876.89 3265.65 3823.11 3776.89 2590.54 2528.96 2423.86 99.0901 2324.77 2109.21 545.56 455.851 1563.65 1009.81 241.035 768.772 215.561 1186.35 961.78 527.229 434.551 464.846 150.467 82.7963 2672.11 1337.87 1293 400.533
internal_count=53826 51593 16915 34678 16653 16479 11753 11429 10869 611 10258 9284 2710 2301 6574 4245 817 3428 974 4726 3834 2002 1832 1679 653 405 24674 11300 10859 3443
is_linear=0
shrinkage=0.03


Tree=80
num_leaves=31
num_cat=1
split_feature=15 3 37 41 14 11 3 45 47 30 5 45 30 30 15 3 11 2 2 47 28 11 11 19 19 2 3 29 11 49
split_gain=159.548 71.4821 59.2723 57.3222 57.0085 53.5058 43.0955 32.7597 55.776 140.61 49.2659 40.9087 31.7686 81.1102 146.012 52.9857 100.023 34.0319 29.3378 44.2196 35.4471 34.9524 55.8495 32.8151 38.5851 28.5586 36.0006 28.1205 109.754 32.3907
threshold=5.5000000000000009 10.500000000000002 4.5000000000000009 544.50000000000011 73.500000000000014 27.500000000000004 1.5000000000000002 1.6500000357627871 47.500000000000007 173.50000000000003 13.500000000000002 -1.376676550535194e-14 7117.5000000000009 746.50000000000011 1.5000000000000002 90.500000000000014 1.5000000000000002 6.5000000000000009 38.500000000000007 53.500000000000007 452.50000000000006 3.5000000000000004 9.5000000000000018 1.5500000119209292 1.1499999761581423 41.500000000000007 55.500000000000007 75.500000000000014 4.5000000000000009 0
decision_type=2 2 2 2 2 2 2 2 2 2 2 2 2 2 2 2 2 2 2 2 2 2 2 2 2 2 2 2 2 1
left_child=3 2 -2 7 5 18 27 11 10 -10 12 -1 13 17 15 16 -15 -9 19 20 21 23 -23 24 -3 -20 -27 29 -29 -5
right_child=1 4 -4 6 -6 -7 -8 8 9 -11 -12 -13 -14 14 -16 -17 -18 -19 25 -21 -22 22 -24 -25 -26 26 -28 28 -30 -31
leaf_value=0.02076927574882699 0.0094216249018470571 0.0010455216802290027 0.03162460906709233 -0.0089431682761597509 0.028294572545867945 0.029866806012890934 -0.016075469170282464 -0.0019302081640994717 0.0027981929936219964 0.069564693357817869 0.026340096735587119 -0.0091749053546070023 -0.021763173185036826 0.047704835718037603 0.060836465281741893 -0.027058112406942385 -0.0061436916677020592 -0.0170712444354933 -0.026468947695892125 -0.012447029491878233 0.021208518015424664 0.038451187657721132 0.0030848548376078487 -0.0013087292279623317 0.033132478353686587 0.021923535161406826 -0.0064680838839747384 0.062571382884964638 -0.017328904068882992 0.0214459580655007
leaf_weight=42.764494750648737 345.47444061376154 79.581982109695673 157.51427570730448 341.73551222588867 79.634045656770468 60.910771429538727 479.45515202917159 2728.7063913838938 145.11847775615752 34.320424913428724 56.188871202990413 680.0597638450563 68.851098999381065 45.620580404996872 49.657362453639507 39.674513839185238 92.358683921396732 139.51350649539381 50.946797806769609 136.05451637506485 116.39377056062222 62.565340086817741 109.79604203999043 711.90972828865051 57.626664903014898 45.642413306981325 290.20570595562458 25.173945914022624 37.065560588613153 33.818419670686126
leaf_count=247 1244 308 1342 3774 616 296 9950 19126 1015 250 335 5503 261 289 206 217 495 1128 146 436 398 298 399 2603 237 192 1488 236 355 258
internal_value=-0.000102378 0.00643547 0.0164236 -0.00309208 0.0036388 0.00248259 -0.00987082 -0.00158191 -0.000348085 0.0158831 -0.00125708 -0.00737707 -0.00175528 -0.00130338 0.0159068 0.00307793 0.0118756 -0.00267238 0.00146084 0.00365783 0.00559271 0.00379435 0.0160702 0.00128652 0.014664 -0.00576581 -0.00255598 -0.00305456 0.0154667 -0.00615696
internal_weight=7344.34 2304.26 502.989 5040.08 1801.27 1721.63 917.249 4122.83 3400.01 179.439 3220.57 722.824 3164.38 3095.53 227.311 177.654 137.979 2868.22 1660.72 1273.93 1137.87 1021.48 172.361 849.118 137.209 386.795 335.848 437.793 62.2395 375.554
internal_count=53648 10003 2586 43645 7417 6801 14573 29072 23322 1265 22057 5750 21722 21461 1207 1001 784 20254 6505 4679 4243 3845 697 3148 545 1826 1680 4623 591 4032
cat_boundaries=0 1
cat_threshold=2
is_linear=0
shrinkage=0.03


Tree=81
num_leaves=31
num_cat=0
split_feature=14 1 10 37 41 6 30 45 3 11 11 45 22 28 3 30 42 19 8 45 28 45 47 22 6 45 28 30 44 41
split_gain=139.911 93.3181 65.1897 63.7599 62.8968 54.9768 42.8116 41.8649 37.848 51.8202 155.39 271.13 104.428 38.644 49.8826 72.3835 67.0487 46.933 41.1481 37.9439 35.9083 33.1482 52.3539 41.9961 81.4246 38.2764 54.5146 46.0743 29.9192 29.6376
threshold=4.5000000000000009 2.5000000000000004 2.5000000000000004 6.5000000000000009 78.500000000000014 83.500000000000014 22.500000000000004 51.750000000000007 5.5000000000000009 3.5000000000000004 9.5000000000000018 9.8499999046325701 1.5000000000000002 36.500000000000007 83.500000000000014 237.50000000000003 0.55000001192092907 3.2833333015441899 1.5000000000000002 23.650000572204593 1.5000000000000002 3.4500000476837163 42.500000000000007 22.500000000000004 37.500000000000007 -1.1546319456101626e-14 29.500000000000004 70.500000000000014 4.0499999523162851 58.500000000000007
decision_type=2 2 2 2 2 2 2 2 2 2 2 2 2 2 2 2 2 2 2 2 2 2 2 2 2 2 2 2 2 2
left_child=4 3 -3 6 8 -6 -2 28 20 13 11 -11 -13 14 15 -10 -17 -15 -19 -16 29 25 23 -23 -25 26 27 -22 -7 -1
right_child=1 2 -4 -5 5 7 -8 -9 9 10 -12 12 -14 17 19 16 -18 18 -20 -21 21 22 -24 24 -26 -27 -28 -29 -30 -31
leaf_value=-0.011043525629702303 -0.014026656840780038 -0.00042018965521834937 0.027069602019825618 0.032242636448097453 -0.014822845418234747 -0.0079745077024494081 0.01559040908191176 0.018153118500296214 0.0018036209155811503 -0.012983429098111286 -0.0029207992236512407 0.0379806534891928 0.10171628576049345 -0.011259050861452879 0.015748608496249303 0.045249672324635393 -0.00080706293708518743 0.036577580645099958 -0.0029397430805043726 -0.019556341920386175 0.00056212382366810061 -0.0020564246324037225 0.02967889836851198 0.067094937324191486 0.0042145125769620919 -0.013514944020750741 -0.021271058733116487 0.060753222019470025 0.019228764385307146 0.0056012583962185333
leaf_weight=685.75938906148076 52.979444839060307 716.74772386625409 86.066408440470695 198.52183336019516 582.33341506309807 352.00820883084089 238.27369521558285 83.011675179004669 1687.6135587356985 65.13735649548471 266.05577857606113 55.723204590380192 41.183365503326058 449.24160071182996 32.778325168415904 67.707008352503181 48.490206513553858 35.916683385148644 65.94066795706749 147.96066271327436 22.57384698279202 717.39998578932136 58.667579658329487 22.720145203173161 85.476512799039483 274.4084819033742 28.419168677181005 22.256824900396168 39.614087792113423 111.34715100564063
leaf_count=5521 118 2156 362 1836 11389 3760 1136 658 10092 346 1364 278 272 2712 213 353 246 244 354 873 214 4176 361 202 798 1811 151 186 397 1108
internal_value=-9.49376e-05 0.00886031 0.00255689 0.0191663 -0.00200946 -0.00865404 0.0101735 -0.00107022 -0.00060136 0.00155971 0.0112012 0.0342633 0.0658293 -7.1857e-05 0.00188033 0.00338797 0.0261869 -0.00709249 0.0112149 -0.0131021 -0.00375719 -0.000545239 0.00254104 0.000579028 0.0179123 -0.00837992 0.0107798 0.0311184 -0.00518083 -0.00871432
internal_weight=7342.33 1292.59 802.814 489.775 6049.74 1056.97 291.253 474.634 4992.78 2963.75 428.1 162.044 96.9066 2535.65 1984.55 1803.81 116.197 551.099 101.857 180.739 2029.03 1231.92 884.264 825.597 108.197 347.658 73.2498 44.8307 391.622 797.107
internal_count=53687 5608 2518 3090 48079 16204 1254 4815 31875 17347 2260 896 550 15087 11777 10691 599 3310 598 1086 14528 7899 5537 5176 1000 2362 551 400 4157 6629
is_linear=0
shrinkage=0.03


Tree=82
num_leaves=31
num_cat=3
split_feature=15 41 29 47 37 49 3 45 3 48 19 19 45 6 27 45 47 47 43 30 28 27 47 29 29 17 47 41 30 49
split_gain=130.078 82.9058 51.9207 137.855 51.4128 42.4356 40.9799 144.356 38.0689 53.1472 43.3522 61.3755 108.815 46.1851 40.9492 29.8931 35.6626 51.6299 52.6934 63.2379 34.711 41.7375 41.6145 35.1023 106.508 39.3616 31.2155 29.769 60.1445 35.9074
threshold=145.50000000000003 544.50000000000011 167.50000000000003 39.500000000000007 2.5000000000000004 0 94.500000000000014 22.349999427795414 90.500000000000014 1 0.15000000596046451 0.18333333730697635 3.4500000476837163 22.500000000000004 391.00000000000006 -1.376676550535194e-14 55.500000000000007 49.500000000000007 5.7500000000000009 145.50000000000003 1.5000000000000002 9.5000000000000018 35.500000000000007 779.50000000000011 221.50000000000003 4.5000000000000009 33.500000000000007 47.500000000000007 11.500000000000002 2
decision_type=2 2 2 2 2 1 2 2 2 1 2 2 2 2 2 2 2 2 2 2 2 2 2 2 2 2 2 2 2 1
left_child=1 6 5 -4 -2 -3 8 -8 9 -1 27 12 -12 -14 15 -13 17 20 19 -19 22 23 -17 24 25 26 -22 29 -29 -11
right_child=4 2 3 -5 -6 -7 7 -9 -10 10 11 14 13 -15 -16 16 -18 18 -20 -21 21 -23 -24 -25 -26 -27 -28 28 -30 -31
leaf_value=0.027356098306163219 -0.0032322597679003578 -0.01271769816940924 0.075915252918490161 -0.022659583008645491 0.02815488953968855 0.020293443653553657 0.062415429391457063 -0.0035331769952324519 -0.020643811464732691 -0.005770537435333606 -0.0075774166572238387 0.01892862014531985 0.066030498162439138 0.017158192341872689 0.025412391029791006 -0.0066999117961785374 -0.010574351459686191 0.008317685771657958 -0.010379988269559914 0.053744011501052721 0.0017702328788544578 -0.0059231861251794523 0.015764844922578573 -0.024333731426042178 0.038191256464047633 0.010414617246616324 -0.01028044655096619 0.016017586390614191 -0.0084553269682327743 -0.023333145132015558
leaf_weight=52.356056902557611 61.599564703181386 822.42009906750172 21.332759208977222 29.029423641972244 194.19196170568466 35.733265537768602 41.41626738384366 100.67957240156829 80.293760768137872 327.88184708729386 65.297692568972707 72.588816087692976 41.313432082533836 31.121556628495455 56.54397701844573 980.91121921408921 286.83010334987193 64.121841613203287 44.174929164350033 47.99378278106451 1878.2447401126847 595.72123488038778 79.339461478404701 41.057691350579262 75.423359535634518 437.56844802480191 214.66295799426734 133.76502853445709 273.41019365005195 153.66400011163205
leaf_count=307 271 13889 232 296 1947 265 291 582 427 2543 396 352 289 217 179 6184 1689 360 207 235 10312 2375 504 119 332 1800 1187 1340 2615 1957
internal_value=-0.000361967 -0.00112205 -0.00957831 0.0197605 0.0206131 -0.0113211 0.000123175 0.0159905 -0.000253058 2.53464e-05 -0.000267603 0.000814933 0.0204909 0.0455522 0.000254962 -4.54571e-05 -0.000339584 0.00032097 0.017203 0.0280667 -0.000296072 0.00124485 -0.00500558 0.00285971 0.00329733 0.00224261 0.000529913 -0.00637081 -0.000395951 -0.0114116
internal_weight=7340.69 7084.9 908.516 50.3622 255.792 858.153 6176.38 142.096 6034.29 5953.99 5901.64 5012.92 137.733 72.435 4875.18 4818.64 4746.05 4459.22 156.291 112.116 4302.93 3242.68 1060.25 2646.96 2605.9 2530.48 2092.91 888.721 407.175 481.546
internal_count=53699 51481 14682 528 2218 14154 36799 873 35926 35499 35192 26737 902 506 25835 25656 25304 23615 802 595 22813 16125 6688 13750 13631 13299 11499 8455 3955 4500
cat_boundaries=0 1 2 3
cat_threshold=2 32 2
is_linear=0
shrinkage=0.03


Tree=83
num_leaves=31
num_cat=1
split_feature=40 5 15 9 3 49 19 29 47 3 18 28 6 29 29 9 42 42 47 47 4 15 28 19 3 30 3 3 15 30
split_gain=168.845 71.1561 58.9183 63.8451 32.9206 34.2606 32.8851 30.0651 28.5921 96.7913 28.1206 38.9242 36.2261 27.0328 45.3216 25.5072 24.049 25.5721 24.0143 40.0082 38.7455 38.1885 32.2222 27.9328 91.5286 84.2638 81.2777 72.805 51.514 30.7537
threshold=25.500000000000004 17.500000000000004 1.5000000000000002 1.5000000000000002 63.500000000000007 0 0.78333333134651195 45.500000000000007 2.5000000000000004 72.500000000000014 19.214285850524906 331.00000000000006 1.5000000000000002 1265.0000000000002 697.50000000000011 63.500000000000007 2.8500000238418584 2.6499999761581425 53.500000000000007 49.500000000000007 5.5000000000000009 11.500000000000002 4.5000000000000009 1.6166666746139529 17.500000000000004 892.50000000000011 42.500000000000007 25.500000000000004 6.5000000000000009 149.50000000000003
decision_type=2 2 2 2 2 1 2 2 2 2 2 2 2 2 2 2 2 2 2 2 2 2 2 2 2 2 2 2 2 2
left_child=1 2 3 13 5 10 -6 -5 15 -10 18 12 -12 14 16 -8 17 -1 19 20 23 -22 -20 24 25 28 27 29 -4 -26
right_child=-2 -3 4 7 6 -7 8 -9 9 -11 11 -13 -14 -15 -16 -17 -18 -19 22 -21 21 -23 -24 -25 26 -27 -28 -29 -30 -31
leaf_value=-0.0013912389649556002 0.025733228794233513 0.03256929870968768 -0.0032388402264538541 -0.016591979782608752 0.016002091833797045 -0.021322433882328153 -0.019063117611424232 0.0019597857764163673 -0.021615516117028995 0.026947010831909299 -0.010887250000632067 0.033429429604380098 0.016211296832969346 -0.025015195425099709 0.026274248448855442 -0.00036936179693188031 -0.0082142794950484394 0.025482893594801981 0.013105748211959329 0.021829629769249695 0.0017816675831493238 0.03433114495608431 -0.012425945924592041 -0.0020221210001197146 0.037146824178889065 0.034965070352891404 -0.0022558367705097456 0.06625523321355388 0.020497695295023002 0.0033380286995685726
leaf_weight=1996.827677257359 218.92301078885794 55.520143805071712 967.85025329515338 462.97123152203858 54.750171810388565 53.05183560308069 219.82831904478371 94.42227100674063 73.264835242182016 72.503119288012385 71.91828054189682 59.489429218694568 112.80267973616719 45.267122484743595 49.473161906003952 93.566258672624826 515.56721823383123 31.38475058786571 56.233405416831374 94.82429045625031 64.974818594753742 64.018131997436285 200.1953669693321 1208.7018850445747 47.496144972741604 60.261072568595409 80.697226200252771 45.60632137581706 88.928218642249703 48.79709754139185
leaf_count=18934 2214 368 4605 8210 298 647 1015 1554 294 354 180 202 582 272 353 498 4779 345 280 375 233 237 826 4461 219 212 363 226 310 204
internal_value=-0.000154845 -0.000957591 -0.00122675 -0.00423529 0.00127777 0.00237002 -0.0057817 -0.0134514 -0.00840831 0.00255789 0.00276047 0.0125327 0.00565908 -0.002284 -0.00187772 -0.0135009 -0.00243535 -0.000963033 0.00196861 0.00278168 0.00209915 0.0180755 -0.00679783 0.00128368 0.00426565 0.000757905 0.0217862 0.0353788 -0.00122391 0.0202244
internal_weight=7310.12 7091.19 7035.67 3195.91 3839.76 3325.85 513.913 557.394 459.163 145.768 3272.79 244.21 184.721 2638.52 2593.25 313.395 2543.78 2028.21 3028.58 2772.16 2677.33 128.993 256.429 2548.34 1339.64 1117.04 222.597 141.9 1056.78 96.2932
internal_count=53650 51436 51068 34447 16621 14162 2459 9764 2161 648 13515 964 762 24683 24411 1513 24058 19279 12551 11445 11070 470 1106 10600 6139 5127 1012 649 4915 423
cat_boundaries=0 1
cat_threshold=2
is_linear=0
shrinkage=0.03


Tree=84
num_leaves=31
num_cat=0
split_feature=15 17 41 5 47 6 15 11 29 30 30 3 3 29 28 15 44 45 45 9 11 21 3 3 11 5 28 3 29 14
split_gain=120.366 95.5533 75.0199 86.1822 57.2284 43.4759 37.0255 33.6121 51.9892 50.771 61.7887 100.092 45.7974 39.2068 75.8238 38.1529 35.8642 32.6006 28.7091 38.4789 27.6954 68.2821 32.9705 51.5399 35.746 102.527 23.2382 43.5256 82.3446 80.0529
threshold=72.500000000000014 6.5000000000000009 544.50000000000011 17.500000000000004 1.5000000000000002 544.50000000000011 70.500000000000014 1.0000000180025095e-35 577.50000000000011 643.50000000000011 8006.5000000000009 14.500000000000002 85.500000000000014 203.50000000000003 8.5000000000000018 1.5000000000000002 12.750000000000002 34.750000000000007 55.750000000000007 90.500000000000014 9.5000000000000018 1.0000000180025095e-35 72.500000000000014 52.500000000000007 5.5000000000000009 4.5000000000000009 41.500000000000007 12.500000000000002 27.500000000000004 5.5000000000000009
decision_type=2 2 2 2 2 2 2 2 2 2 2 2 2 2 2 2 2 2 2 2 2 2 2 2 2 2 2 2 2 2
left_child=2 4 3 6 18 -4 7 9 12 26 11 -11 13 16 -15 -13 20 -7 -2 -20 22 -22 23 24 -9 -26 27 29 -29 -1
right_child=1 -3 5 -5 -6 17 -8 8 -10 10 -12 15 -14 14 -16 -17 -18 -19 19 -21 21 -23 -24 -25 25 -27 -28 28 -30 -31
leaf_value=-0.0064946561072895355 -0.021355056938442286 0.026205106377681659 -0.015455305305553387 0.041329730390891377 0.029041487113397744 -0.0067884598804838015 -0.024683952717629923 0.0015180090752276076 -0.016714221949983291 0.05037812846044467 -0.016570714161772453 -0.015840124512619215 0.035849179244645771 -0.0016933814600043472 0.045616525754075175 0.015974591620359514 0.026359644883681921 0.013541463253610239 0.023054893202608492 -0.018249783885746121 0.029516104267069646 -0.0085304045842797653 -0.018553605622938573 0.037140006650401194 0.00025687223956134781 0.051187073187121748 -0.0095599594792266859 -0.0019254846745467488 0.020920455898201303 0.028665469425349501
leaf_weight=1536.4237902164459 83.636152466759086 264.10908457450569 491.87415469624102 43.708040953613818 43.86856971308589 309.08320577815175 55.337878234684467 1621.4240945335478 123.97116710990667 59.626785650849342 59.234719347208738 52.379755273461342 36.86808786354959 69.277851603925228 53.358015447854996 92.224257178604603 51.265281663276255 91.086382834240794 42.25258376263082 37.277349911630154 45.812082381919026 457.03741750586778 61.344468254595995 39.414124176837504 114.0494908420369 50.706759041175246 478.13798448070884 603.10036589205265 184.65833503287286 59.59948655217886
leaf_count=11545 242 2448 10524 234 271 3379 276 8958 467 254 202 290 232 331 237 287 335 743 203 237 249 2482 288 325 646 273 2789 3745 1014 260
internal_value=-0.000371903 0.0142785 -0.00138282 -0.000165672 -0.00098892 -0.0094906 -0.000479748 -0.000246607 0.00218853 -0.00236944 0.0102085 0.0180185 0.00309573 0.00261091 0.0190933 0.00442074 0.00177537 -0.00213875 -0.00919057 0.00370831 0.00123719 -0.00501248 0.00290443 0.00363524 0.00287555 0.0161458 -0.00353052 -0.00231764 0.00344956 -0.00516456
internal_weight=7312.15 471.144 6841 5948.96 207.035 892.044 5905.25 5849.91 2724.53 3125.39 263.466 204.231 2600.56 2563.69 122.636 144.604 2441.05 400.17 163.166 79.5299 2389.79 502.849 1886.94 1825.59 1786.18 164.756 2861.92 2383.78 787.759 1596.02
internal_count=53766 3401 50365 35719 953 14646 35485 35209 14823 20386 1033 831 14356 14124 568 577 13556 4122 682 440 13221 2731 10490 10202 9877 919 19353 16564 4759 11805
is_linear=0
shrinkage=0.03


Tree=85
num_leaves=31
num_cat=2
split_feature=14 21 5 41 49 49 41 29 43 45 45 45 5 8 43 27 27 3 45 29 3 18 30 30 11 19 30 29 42 30
split_gain=117.425 72.8229 62.7635 49.4256 77.176 46.5685 96.8876 40.7386 38.1282 50.7089 36.1014 50.5984 56.9667 32.7989 31.5508 30.7201 52.3397 30.9191 103.009 36.1669 100.96 128.055 90.1076 71.1303 74.8434 33.0931 30.3954 30.048 29.8855 29.246
threshold=11.500000000000002 1.5000000000000002 17.500000000000004 63.500000000000007 0 1 46.500000000000007 18.500000000000004 1.0000000180025095e-35 12.050000190734865 0.45000000298023229 -1.1546319456101626e-14 2.5000000000000004 27.500000000000004 6.9500000476837167 74.500000000000014 17.500000000000004 85.500000000000014 30.349999427795414 50.500000000000007 20.500000000000004 1.214285731315613 4756.0000000000009 251.50000000000003 1.0000000180025095e-35 0.58333334326744091 139.50000000000003 58.500000000000007 5.1499998569488534 114.50000000000001
decision_type=2 2 2 2 1 1 2 2 2 2 2 2 2 2 2 2 2 2 2 2 2 2 2 2 2 2 2 2 2 2
left_child=2 13 3 5 7 10 -7 -5 -3 -10 11 12 -1 -2 -11 16 17 19 -19 28 22 -22 23 27 -25 -26 -14 -21 -12 -30
right_child=1 8 -4 4 -6 6 -8 -9 9 14 15 -13 26 -15 -16 -17 -18 18 -20 20 21 -23 -24 24 25 -27 -28 -29 29 -31
leaf_value=0.030985775303743177 0.023107846736862087 -0.016309739045732474 0.033668717931014398 -0.014256365063907431 0.017772691672102339 -0.022161904229668506 0.015208186339919808 -0.002824842568398205 0.028189838533153523 -0.0074294199655949812 8.6252529003692698e-05 -0.014130034428747849 -0.01007131000797442 -0.001390148652168295 0.016465843243365919 0.019835691945521438 -0.012766901733323162 0.033772106075276864 -0.022300673568341069 0.0091586114403490442 0.07366586153970868 0.0059650802860340378 -0.020433795323622703 0.054404931995308103 0.0010749395297411329 0.032212984768209919 0.01977264730253607 -0.016102403039645982 0.01857360305083176 0.0010744317616492734
leaf_weight=52.996305372565985 347.8767469599843 83.699346467852592 44.494365870952606 646.19866540189832 102.43633460626006 221.6343598170206 85.96635583974421 496.34413168113679 72.38646000623703 166.90666247159243 2889.804778710939 340.02783975284547 149.14577469415963 57.130635373294353 69.6599450558424 77.707952810451388 236.34898890182376 36.405323496088386 139.05712987110019 83.831466595642269 44.671245463192463 56.379016669467092 108.64316353015602 50.064672909677029 90.350736999884248 45.598960564471781 37.640731832012534 83.762672122567892 163.58037130534649 180.19856400229037
leaf_count=345 2929 221 287 10225 874 2877 909 7317 250 451 16303 2123 976 184 242 271 1019 228 872 437 276 184 508 253 428 202 254 286 1098 918
internal_value=-0.00010394 0.0107484 -0.00144473 -0.00169334 -0.00705732 -0.000401484 -0.0117025 -0.00929709 0.00153271 0.00640348 0.000315128 -0.006704 0.00384156 0.0196572 -0.000353474 0.00126593 0.000918432 0.0017357 -0.0105411 0.00230566 0.00931376 0.0363221 0.00334394 0.0106865 0.0234071 0.0116779 -0.00398397 -0.00348734 0.00108233 0.00943078
internal_weight=7260.95 797.66 6463.29 6418.8 1244.98 5173.82 307.601 1142.54 392.652 308.953 4866.22 579.811 239.783 405.007 236.567 4286.41 4208.7 3972.35 175.462 3796.89 563.302 101.05 462.252 353.609 186.014 135.95 186.787 167.594 3233.58 343.779
internal_count=53747 4277 49470 49183 18416 30767 3786 17542 1164 943 26981 3698 1575 3113 693 23283 23012 21993 1100 20893 2574 460 2114 1606 883 630 1230 723 18319 2016
cat_boundaries=0 1 2
cat_threshold=2 2
is_linear=0
shrinkage=0.03


Tree=86
num_leaves=31
num_cat=0
split_feature=17 15 41 27 5 29 29 3 11 29 47 3 11 3 3 4 5 44 41 5 6 41 30 11 45 28 9 6 45 10
split_gain=107.207 95.7153 69.6849 47.7227 43.5227 41.2038 39.8952 65.0678 83.6448 34.6571 121.177 34.534 33.8277 33.2774 58.2954 66.5649 67.6066 55.3646 44.6537 57.6576 55.3135 51.7028 43.7479 40.6673 131.518 44.38 37.5803 36.6097 34.1148 36.6971
threshold=6.5000000000000009 72.500000000000014 544.50000000000011 143.50000000000003 17.500000000000004 861.50000000000011 203.50000000000003 14.500000000000002 1.5000000000000002 167.50000000000003 44.500000000000007 23.500000000000004 1.0000000180025095e-35 4.5000000000000009 23.500000000000004 1.5000000000000002 5.5000000000000009 1.9499999880790713 33.500000000000007 1.5000000000000002 55.500000000000007 49.500000000000007 95.500000000000014 2.5000000000000004 37.95000076293946 7.5000000000000009 25.500000000000004 4.5000000000000009 4.7500000000000009 1.0000000180025095e-35
decision_type=2 2 2 2 2 2 2 2 2 2 2 2 2 2 2 2 2 2 2 2 2 2 2 2 2 2 2 2 2 2
left_child=2 -2 3 4 5 6 12 8 -8 -4 -11 -9 -1 18 15 16 17 -15 28 20 -20 -22 26 27 -25 -26 -16 -17 29 -14
right_child=1 -3 9 -5 -6 -7 7 11 -10 10 -12 -13 13 14 22 23 -18 -19 19 -21 21 -23 -24 24 25 -27 -28 -29 -30 -31
leaf_value=-0.0033188109990019378 0.0035939692797549118 0.024271713459144834 -0.011262472524522291 0.031145249058979758 0.032928080492510739 -0.021873615743418322 0.057533673972856754 -0.020204060871783877 0.0055874275163021996 0.06544691472368605 -0.028421323572129693 0.013212167460954004 0.019101583534656973 0.0062406071993806123 -0.016807467458944222 -0.011330981542095818 0.059103406439119301 0.043822302619558683 0.062051124406670502 -0.0077416555267065265 -0.016569495200836254 0.029229884589667732 0.0035884229056272164 -0.0051090459740017365 0.017783624049653859 0.056618307766161988 0.016581951980263472 0.0078196000449471548 -0.011887259267245093 -0.012608381094682699
leaf_weight=2678.3320348113775 836.0971210245043 264.63271381705999 771.10743053350598 42.008520226925611 33.652142053470016 81.230542315170169 47.713749896734953 58.329476714134216 65.855562187731266 21.852478981018066 26.118082083761692 51.497259028255939 75.34771435521543 139.86942396871746 217.17517874762416 185.79346195422113 38.640351615846157 46.379669545218349 24.147794497199357 108.38334298320115 35.283933060243726 56.51114784553647 421.81109012570232 145.15661306120455 51.460484942421317 56.604670500382781 34.417088101617992 172.13760878704488 433.91342384554446 56.738196689635515
leaf_count=18559 4252 2488 12941 167 159 386 217 298 309 206 265 291 492 761 1337 668 246 282 238 1001 372 581 2033 663 219 271 282 881 2636 332
internal_value=-3.84015e-05 0.00858274 -0.0015757 -0.000329226 -0.000583738 -0.000803407 -0.000470218 0.0119037 0.0277232 -0.00971974 0.0148026 -0.00455751 -0.00102778 0.00164065 0.00425095 0.00953749 0.0234552 0.0157832 -0.00334385 0.00795948 0.0225776 0.0116368 -0.00231681 0.00438617 0.0135618 0.0384579 -0.0121923 -0.00212488 -0.00782991 0.00548801
internal_weight=7278.2 1100.73 6177.47 5358.39 5316.38 5282.73 5201.5 223.396 113.569 819.078 47.9706 109.827 4978.1 2299.77 1509.45 836.042 224.889 186.249 790.326 224.326 115.943 91.7951 673.403 611.153 253.222 108.065 251.592 357.931 565.999 132.086
internal_count=53833 6740 47093 33681 33514 33355 32969 1115 526 13412 471 589 31854 13295 7643 3991 1289 1043 5652 2192 1191 953 3652 2702 1153 490 1619 1549 3460 824
is_linear=0
shrinkage=0.03


Tree=87
num_leaves=31
num_cat=1
split_feature=40 41 49 3 5 6 3 29 41 30 28 5 3 3 45 9 18 6 3 3 30 43 9 9 43 29 29 28 45 44
split_gain=144.504 68.6862 93.2245 64.3872 62.5657 58.153 53.3236 41.0101 35.642 67.4228 59.6936 30.6059 54.6051 48.086 95.8911 47.4889 40.3066 51.6102 37.3703 47.5021 46.2334 36.9631 35.7417 52.4429 55.3868 34.2297 44.0669 34.3555 52.0433 44.6305
threshold=25.500000000000004 35.500000000000007 0 1.5000000000000002 17.500000000000004 43.500000000000007 73.500000000000014 697.50000000000011 46.500000000000007 32.500000000000007 3.5000000000000004 7.5000000000000009 12.500000000000002 45.500000000000007 71.649997711181655 58.500000000000007 1.6428571343421938 17.500000000000004 90.500000000000014 72.500000000000014 993.50000000000011 0.25000000745058065 70.500000000000014 24.500000000000004 4.1499998569488534 794.50000000000011 431.50000000000006 47.500000000000007 -1.376676550535194e-14 0.65000000596046459
decision_type=2 2 1 2 2 2 2 2 2 2 2 2 2 2 2 2 2 2 2 2 2 2 2 2 2 2 2 2 2 2
left_child=1 2 4 5 11 -3 -5 8 -7 10 -10 18 -13 14 16 -15 17 -14 19 22 -20 -16 23 25 -25 26 27 28 -1 -29
right_child=-2 3 -4 6 -6 7 -8 -9 9 -11 -12 12 13 15 21 -17 -18 -19 20 -21 -22 -23 -24 24 -26 -27 -28 29 -30 -31
leaf_value=0.033000150517637716 0.024402736147317434 0.047439150507155831 -0.021565201558537406 -0.010801424808025912 0.034451458614776484 -0.021461519927305425 0.035161892964208658 0.040515570065568933 0.0061943374011009444 -0.006790659742228318 0.044801637120725837 -0.015097221878341938 0.018788484114854086 -0.010490900629942911 0.015246582104184107 0.017146749751225768 -0.0056356494375890053 -0.016356899982539877 0.01243840867201795 0.033625234884189496 -0.027449808181234738 0.056727836202894281 -0.024219850606352442 0.0084518804298168732 0.045178476158591788 -0.014943825314378368 0.025641525276910361 0.0024823476057112825 0.0032445407500143069 -0.015449757525094669
leaf_weight=53.09991224296391 209.32328210771084 22.784959453158081 158.58775438647717 1178.4042848194949 51.044534012675285 71.104709215462208 22.210910535417497 20.573365300893784 195.68462833948433 396.31614223308861 43.309807209298015 250.25153957307339 172.06655276566744 408.595608481206 38.620086055248976 63.886643229052424 306.07466173730791 47.20837115496397 38.920403137803078 45.17173732817173 75.853830751031637 39.833265673369169 41.926474206149578 129.91183030884713 51.010527409613132 97.866938238963485 74.422185942530632 317.34887912869453 2422.9213710855693 204.7550289100036
leaf_count=290 2259 327 2225 17617 261 758 273 200 1981 4151 391 1054 817 1859 207 286 1034 251 251 261 391 212 235 539 277 343 263 1288 12570 819
internal_value=-0.000100654 -0.00083261 0.00100199 -0.00561792 0.00173204 0.00127916 -0.00992257 -0.000230739 -0.00147301 0.000794336 0.0133482 0.00138279 -0.00250436 0.00043496 0.00604 -0.00672556 0.00139176 0.011182 0.0028343 0.00339787 -0.013933 0.0367568 0.00298569 0.00333317 0.0189983 0.00243352 0.0029917 0.00242111 0.00389573 -0.00456623
internal_weight=7249.09 7039.77 5089.38 1950.39 4930.79 749.774 1200.62 726.989 706.415 635.311 238.994 4879.75 1326.54 1076.29 603.803 472.482 525.35 219.275 3553.21 3438.43 114.774 78.4534 3393.26 3351.34 180.922 3170.41 3072.55 2998.13 2476.02 522.104
internal_count=53690 51431 25733 25698 23508 7808 17890 7481 7281 6523 2372 23247 5720 4666 2521 2145 2102 1068 17527 16885 642 419 16624 16389 816 15573 15230 14967 12860 2107
cat_boundaries=0 1
cat_threshold=2
is_linear=0
shrinkage=0.03


Tree=88
num_leaves=31
num_cat=1
split_feature=15 17 41 49 47 6 15 5 45 5 3 3 45 9 18 6 28 45 21 15 5 45 28 27 9 45 28 30 9 44
split_gain=107.918 77.6583 58.7726 45.7631 42.6943 40.5789 39.7814 31.8438 29.0892 27.7552 52.6133 72.7138 73.5106 43.9125 36.5995 30.5657 35.1875 28.6123 60.0522 54.6596 48.585 50.8382 109.54 40.0961 40.0615 39.5178 65.9248 77.8081 109.126 35.8036
threshold=72.500000000000014 6.5000000000000009 21.500000000000004 0 2.5000000000000004 22.500000000000004 70.500000000000014 16.500000000000004 62.149999618530281 7.5000000000000009 12.500000000000002 50.500000000000007 71.549999237060561 49.500000000000007 1.6428571343421938 9.5000000000000018 16.500000000000004 7.2000000476837167 3.5000000000000004 11.500000000000002 5.5000000000000009 58.899999618530281 9.5000000000000018 76.500000000000014 3.5000000000000004 2.7500000000000004 29.500000000000004 126.50000000000001 1.5000000000000002 0.35000000894069677
decision_type=2 2 2 1 2 2 2 2 2 2 2 2 2 2 2 2 2 2 2 2 2 2 2 2 2 2 2 2 2 2
left_child=2 4 3 6 8 -4 7 9 -2 13 -11 12 14 17 15 16 -12 18 19 -1 23 22 -22 29 -23 26 27 -20 -29 -19
right_child=1 -3 5 -5 -6 -7 -8 -9 -10 10 11 -13 -14 -15 -16 -17 -18 20 25 -21 21 24 -24 -25 -26 -27 -28 28 -30 -31
leaf_value=0.010907018924457916 -0.01842208412692569 0.025244450201768843 -0.011558103947875251 -0.019707564575108475 0.026423215769997496 -0.0025017610749700678 -0.024117088429562967 0.025248253844547451 0.0075730307986776532 -0.014913873587788527 0.038159099757189327 -0.0093301776564234593 0.036295889868069225 0.032688121556614179 -0.0034141010476053807 -0.00025413465209216194 0.0048206099329339515 -0.0067828914756684466 -0.0031475233689994275 0.051030145374325472 0.036880709598897422 0.012087051337443347 -0.0064048814323586353 0.023679070018047654 0.045402235045131092 0.014328200483659102 -0.017121371671704546 0.0042708738724888838 0.071377184954571946 0.0026933392098598252
leaf_weight=80.939766930416226 88.057647630572319 251.43007693439722 566.71197233488783 90.454142801463604 42.599128693342209 2069.034457382746 51.805155985057354 51.759198036044836 67.809928735718131 231.06745423749089 63.722438391298056 360.97500032745302 70.829552128911018 44.296835450455546 273.60208644345403 84.811450302600861 51.485999455675483 809.27855040505528 205.61864558979869 48.822135239839554 65.815971309319139 88.814739406108856 246.70125311426818 53.262256752699614 51.223901318386197 223.40135150589049 151.62802937626839 57.216569498181343 34.380852460861206 643.308065706864
leaf_count=375 294 2461 10725 1356 265 20578 251 232 385 932 289 1520 338 268 857 348 226 3311 1173 250 374 400 946 163 249 970 688 310 229 2801
internal_value=-6.34411e-06 0.0142049 -0.00095257 0.00127886 0.000162942 -0.00445261 0.00175294 0.00209453 -0.00713677 0.00178413 -0.00216947 0.0010958 0.00801273 0.00338637 0.00371546 0.0134363 0.02343 0.00290449 0.00767353 0.0262779 0.000948548 0.00955649 0.0027996 -0.00164304 0.0245087 0.00404867 -0.00108819 0.00712129 0.0299579 -0.00258718
internal_weight=7220.86 449.897 6770.97 4135.22 198.467 2635.75 4044.77 3992.96 155.868 3941.2 1136.49 905.427 544.452 2804.71 473.622 200.02 115.208 2760.41 802.007 129.762 1958.4 452.556 312.517 1505.85 140.039 672.245 448.844 297.216 91.5974 1452.59
internal_count=53564 3405 50159 18856 944 31303 17500 17249 679 17017 4510 3578 2058 12507 1720 863 515 12239 3995 625 8244 1969 1320 6275 649 3370 2400 1712 539 6112
cat_boundaries=0 1
cat_threshold=2
is_linear=0
shrinkage=0.03


Tree=89
num_leaves=31
num_cat=1
split_feature=40 5 20 40 49 9 45 3 30 44 30 3 3 45 44 29 10 29 29 0 39 14 29 29 29 29 11 19 3 44
split_gain=152.16 57.3398 47.4315 38.9018 69.0481 66.871 29.3012 39.4819 32.3802 27.405 26.5395 37.826 40.7976 26.2833 34.6809 54.634 46.6635 25.7178 39.5687 27.7865 43.8968 32.1892 24.8288 23.2435 22.4648 35.1833 34.0875 62.7236 52.594 40.1923
threshold=24.500000000000004 17.500000000000004 0.14796569943428042 1.0000000180025095e-35 0 1.0000000180025095e-35 3.2500000000000004 11.500000000000002 22.500000000000004 0.15000000223517421 166.50000000000003 14.500000000000002 26.500000000000004 69.350002288818374 1.9499999880790713 10.500000000000002 1.0000000180025095e-35 910.50000000000011 448.50000000000006 12.500000000000002 2.4236596822738652 7.5000000000000009 26.500000000000004 20.500000000000004 59.500000000000007 56.500000000000007 1.0000000180025095e-35 0.41666667163372045 4.5000000000000009 1.9499999880790713
decision_type=2 2 2 2 1 2 2 2 2 2 2 2 2 2 2 2 2 2 2 2 2 2 2 2 2 2 2 2 2 2
left_child=1 3 -2 5 17 6 7 8 9 -1 -8 13 -13 14 15 -12 -16 18 19 20 24 22 -22 -7 25 26 -5 28 -28 -29
right_child=2 -3 -4 4 -6 23 10 -9 -10 -11 11 12 -14 -15 16 -17 -18 -19 -20 -21 21 -23 -24 -25 -26 -27 27 29 -30 -31
leaf_value=0.027463688627584752 -0.011264504452959767 0.030151843805604778 0.030266853587362148 -0.0018554415988697717 -0.020992606259313967 -0.018435629701024581 -0.0017506756201506361 0.028398139806691872 -0.013497747772453361 -0.0074726950213695612 0.039757290428780026 -0.023651573373572748 0.016298294205905194 0.034557225677875211 0.055017264048126291 -0.0061396366377495506 0.002053337532453479 -0.012838206013363397 0.017869762053274733 -0.020649775388141122 -0.0066663700518407561 0.029841184125590767 0.017145848182608631 -0.0057648917368134265 -0.0056704536352140096 0.026123493497366299 0.0088715343299560889 -0.0002319052530603611 0.049730764362785548 0.010872337231554719
leaf_weight=34.094181437976658 27.990959599614143 52.47620920278132 186.25438561290503 1855.1935090385377 129.90151088871062 329.24172238213941 823.16505186446011 24.940201262012124 365.59296592976898 46.885102303698659 27.415839523077011 57.991543740034103 36.824915235862136 44.973381991498172 29.381365888752043 129.78884147200733 29.675120923668146 115.1245982684195 127.49676994234324 51.8152811601758 73.076780335977674 75.655087180435658 83.503577696159482 217.28207844914868 466.17877933755517 49.746351711452007 73.042156046256423 1220.5566186243668 45.925075687468052 385.16910708323121
leaf_count=386 112 355 2233 9580 1894 6823 8664 336 4202 498 252 360 263 355 243 929 208 389 449 96 223 374 273 4402 1788 233 429 5373 221 1802
internal_value=-3.08655e-05 -0.000794475 0.0248137 -0.00103245 0.000493877 -0.00433244 -0.00131814 -0.00763057 -0.00970166 0.00739193 0.00121023 0.00804137 -0.00812764 0.0139186 0.00948732 0.0020653 0.0288809 0.0011021 0.00146093 0.0009793 0.00124295 0.0139024 0.0060608 -0.0134178 0.000521933 0.00131861 0.000966717 0.00400173 0.0249275 0.0024368
internal_weight=7216.36 7002.11 214.245 6949.64 4752.39 2197.25 1650.73 471.512 446.572 80.9793 1179.22 356.051 94.8165 261.235 216.261 157.205 59.0565 4622.48 4507.36 4379.86 4328.05 232.235 156.58 546.524 4095.81 3629.63 3579.89 1724.69 118.967 1605.73
internal_count=53745 51400 2345 51045 23124 27921 16696 5422 5086 884 11274 2610 623 1987 1632 1181 451 21230 20841 20392 20296 870 496 11225 19426 17638 17405 7825 650 7175
cat_boundaries=0 1
cat_threshold=2
is_linear=0
shrinkage=0.03


Tree=90
num_leaves=31
num_cat=1
split_feature=40 41 5 30 48 45 20 11 3 30 30 45 3 30 3 5 46 30 29 3 4 5 44 30 29 21 3 11 9 28
split_gain=135.772 53.4157 59.4354 47.5881 41.0424 48.6357 34.3026 32.0178 54.6104 44.8202 40.6194 42.7999 90.0224 112.695 37.5135 53.3747 42.0395 57.6274 59.2879 39.9816 71.178 55.3639 54.605 37.8051 32.5707 31.1533 30.4467 46.8408 36.0526 48.7054
threshold=24.500000000000004 89.500000000000014 16.500000000000004 3516.5000000000005 0 49.95000076293946 0.066852554678916945 1.0000000180025095e-35 88.500000000000014 2772.0000000000005 643.50000000000011 11.400000095367433 72.500000000000014 6306.5000000000009 23.500000000000004 10.500000000000002 2.5000000000000004 892.50000000000011 279.50000000000006 4.5000000000000009 1.5000000000000002 5.5000000000000009 1.9499999880790713 85.500000000000014 1.0000000180025095e-35 1.5000000000000002 7.5000000000000009 1.5000000000000002 3.5000000000000004 38.500000000000007
decision_type=2 2 2 2 1 2 2 2 2 2 2 2 2 2 2 2 10 2 2 2 2 2 2 2 2 2 2 2 2 2
left_child=1 2 4 -3 7 -6 -2 10 9 14 -1 -12 13 -13 15 16 17 19 -19 25 21 22 -21 -16 -18 -9 27 -22 -28 -30
right_child=6 3 -4 -5 5 -7 -8 8 -10 -11 11 12 -14 -15 23 -17 24 18 -20 20 26 -23 -24 -25 -26 -27 28 -29 29 -31
leaf_value=-0.0034712773872765182 -0.014747040522710112 -0.0087663723552024383 0.028294787620806124 0.037117682085535737 0.042953947049400434 -0.0018027633403932134 0.027613104791980935 0.020989670272764719 0.031851900142195813 -0.016836401059224796 -0.0083558464907608505 0.049116089115736561 -0.019748445313750172 -0.0043453247973211677 -0.013251141837401932 0.035446906293193275 0.013140745257145307 0.050898182691070187 0.004869612713187658 0.0054537954437098033 -0.0063386571384901457 0.054298519774267535 0.042614501266152342 0.0011268475336406942 -0.015025117984874187 -0.002886912109877301 -0.010482245487389288 0.031848389555135651 0.017549767146327971 -0.010432549696174668
leaf_weight=2890.5070585105568 18.292641036212444 846.55122547503561 66.418369984254241 19.872699160128832 44.534770109690726 41.864101275801659 189.68797208368778 52.025312028825283 53.08822525665164 115.04011250287294 92.461706802248955 88.084861885756254 46.390907622873783 58.730025470256805 238.61006759572774 47.910826416686177 46.60432943329215 48.149947297759354 52.136828426271677 130.0073554366827 48.438121661543846 40.619808814488351 48.19620687700808 525.22768548224121 166.07764081470668 677.90633109025657 192.58102167211473 69.671769445762038 146.78689117264003 89.280746107921004
leaf_count=19589 51 14510 364 204 243 290 2272 306 306 543 237 403 220 228 1462 214 307 236 186 717 223 235 282 2250 681 4970 785 380 633 314
internal_value=7.52074e-06 -0.000705375 0.000282481 -0.00767238 -2.96216e-05 0.0192879 0.0238346 -0.000344386 0.00200054 0.00140973 -0.00240406 0.00836895 0.0163747 0.0278453 0.00221694 0.00451883 0.00368034 0.00535089 0.0272533 0.00386492 0.00864991 0.0230679 0.0156858 -0.00337605 -0.00882061 -0.00115874 0.002848 0.0162657 -0.000878384 0.00696749
internal_weight=7191.76 6983.77 6117.35 866.424 6050.93 86.3989 207.981 5964.53 2788.36 2735.27 3176.17 285.668 193.206 146.815 2620.23 1856.39 1808.48 1595.8 100.287 1495.51 765.582 218.823 178.204 763.838 212.682 729.932 546.759 118.11 428.649 236.068
internal_count=53641 51318 36604 14714 36240 533 2323 35707 15030 14724 20677 1088 851 631 14181 10469 10255 9267 422 8845 3569 1234 999 3712 988 5276 2335 603 1732 947
cat_boundaries=0 1
cat_threshold=9
is_linear=0
shrinkage=0.03


Tree=91
num_leaves=31
num_cat=0
split_feature=40 28 11 45 45 46 30 4 45 28 9 43 21 11 47 30 14 20 45 39 20 3 3 15 47 30 11 11 45 3
split_gain=118.803 55.2066 66.7032 44.6119 45.6126 73.0922 62.9799 49.5756 45.7974 54.5685 44.9604 45.4212 42.4946 52.1766 67.6812 101.524 41.976 41.074 40.2718 48.6809 39.4564 42.8633 47.1831 41.3773 37.686 32.375 44.6276 157.065 44.867 40.5062
threshold=26.500000000000004 1.5000000000000002 38.500000000000007 3.1499999761581425 16.849999427795414 3.5000000000000004 1281.0000000000002 7.5000000000000009 36.95000076293946 13.500000000000002 8.5000000000000018 5.1499998569488534 4.5000000000000009 3.5000000000000004 7.5000000000000009 171.50000000000003 11.500000000000002 0.14796569943428042 63.750000000000007 2.3123826980590825 12.975036144256594 42.500000000000007 31.500000000000004 1.5000000000000002 1.0000000180025095e-35 135.50000000000003 5.5000000000000009 9.5000000000000018 71.649997711181655 16.500000000000004
decision_type=2 2 2 2 2 10 2 2 2 2 2 2 2 2 2 2 2 2 2 2 2 2 2 2 2 2 2 2 2 2
left_child=1 18 3 16 5 6 10 8 9 -6 12 -12 -5 14 24 -16 -3 -2 19 -1 21 22 25 -24 -14 -10 28 -28 -27 -30
right_child=17 2 -4 4 7 -7 -8 -9 20 -11 11 -13 13 -15 15 -17 -18 -19 -20 -21 -22 -23 23 -25 -26 26 27 -29 29 -31
leaf_value=-0.0033974012410580715 -0.014243657413706583 -0.0063620448765678355 0.035374328575958798 0.034986422408322351 0.0050936711836062493 -0.008460114895869562 0.049146243600021629 0.034069673254193612 0.0081054749067863609 -0.011647471720840852 -0.011546898705094 0.021585529617118071 0.019289117858817741 -0.013698646339748977 0.015276990732082048 0.075636751333262545 0.020135113884668127 0.029033526881187526 -0.012615228737018425 0.03227911499716711 0.03480677892412095 -0.0067530117302362748 -0.0048021247408091472 0.04393275691296384 -0.013637023696680782 -0.0066109442555361952 0.062447924568712058 -0.012819497026842713 0.0021112679602279848 0.030208126657937741
leaf_weight=1487.2989197531715 21.887853689491749 982.53417745605111 49.171494596637785 86.236769329756498 259.71520423702896 175.76391065726057 40.568196389824152 37.989540900103748 643.24039191007614 534.70891692722216 124.57105683675036 51.943098056130111 57.463994464837015 60.157791297882795 85.747304670512676 34.875818734057248 55.960414990782738 159.90443391352892 469.97617974318564 34.242400011047721 31.880560497753322 434.73463301919401 23.205381579231471 46.199928637593985 66.309888525400311 685.18240778474137 41.728682718705386 59.325977705419064 273.78185349376872 54.593844881281257
leaf_count=13449 94 8162 330 568 1820 992 236 268 5182 3311 447 289 422 325 748 251 226 2069 3736 267 118 2661 426 200 441 3945 272 295 1687 406
internal_value=-0.000101911 -0.000726242 0.000957013 0.000607937 0.00207606 0.00854309 0.0134653 0.000452817 2.83973e-05 -0.00617489 0.0108318 -0.00173029 0.0164958 0.0111627 0.0173131 0.0332072 -0.00491622 0.0237735 -0.00494863 -0.00257383 0.0021785 0.00170346 0.00371799 0.0278017 0.00168154 0.00275182 -0.000342252 0.0185682 -0.00224412 0.00686002
internal_weight=7170.9 6989.11 4997.59 4948.42 3909.93 783.638 607.874 3126.29 3088.3 794.424 567.306 176.514 390.792 304.555 244.397 120.623 1038.49 181.792 1991.52 1521.54 2293.87 2261.99 1827.26 69.4053 123.774 1757.85 1114.61 101.055 1013.56 328.376
internal_count=53643 51480 34028 33698 25310 4719 3727 20591 20323 5131 3491 736 2755 2187 1862 999 8388 2163 17452 13716 15192 15074 12413 626 863 11787 6605 567 6038 2093
is_linear=0
shrinkage=0.03


Tree=92
num_leaves=31
num_cat=0
split_feature=40 41 5 29 39 3 39 30 45 3 27 27 9 28 30 45 29 30 30 43 19 3 29 30 45 45 28 15 30 45
split_gain=123.068 55.5173 50.8024 38.8225 43.5314 36.2483 30.2132 26.3199 26.4032 57.0784 52.4399 47.1566 59.093 35.8571 122.859 43.1281 35.6403 34.9429 39.0365 34.2142 30.4659 52.0026 86.9416 49.3379 39.004 70.9279 35.8799 49.486 49.471 36.0252
threshold=25.500000000000004 89.500000000000014 17.500000000000004 13.500000000000002 2.5013720989227299 1.5000000000000002 0.091954078525304808 8006.5000000000009 33.95000076293946 85.500000000000014 89.500000000000014 12.500000000000002 29.500000000000004 40.500000000000007 959.50000000000011 16.150000572204593 754.00000000000011 259.50000000000006 229.50000000000003 13.34999990463257 0.91666665673255932 20.500000000000004 46.500000000000007 139.50000000000003 69.149997711181655 56.750000000000007 11.500000000000002 3.5000000000000004 99.500000000000014 58.149999618530281
decision_type=2 2 2 2 2 2 2 2 2 2 2 2 2 2 2 2 2 2 2 2 2 2 2 2 2 2 2 2 2 2
left_child=1 2 3 4 -1 -3 -2 8 13 10 11 12 16 14 17 -15 20 18 19 -5 21 23 -23 24 25 -10 28 -28 -22 -29
right_child=6 5 -4 7 -6 -7 -8 -9 9 -11 -12 -13 -14 15 -16 -17 -18 -19 -20 -21 26 22 -24 -25 -26 -27 27 29 -30 -31
leaf_value=-0.0027731491123368199 -0.011007273407013194 -0.0014704422061791974 0.02930475354662216 -0.00024462786553620383 0.021534506030008879 -0.013766943152997591 0.028382940660625775 -0.014360336999081348 0.010594331910537682 -0.015215138767863779 0.036015804548020579 -0.0066314444870484799 0.0406712690595874 -0.0010535022332286053 0.057045907809858465 -0.021206126985387607 -0.018174805022716019 -0.018966852034306314 0.031757506267031624 0.024080991984248349 0.02016581355587525 0.012742536865130584 0.070786661095503925 0.0026977607047997546 0.0044452429685395362 0.069851850933711254 -0.0070675644366470797 0.0042251832355193813 -0.01059240992371302 0.029697171221539156
leaf_weight=2870.5181979313493 19.060874298214912 433.0263609783724 53.700555989518762 733.76606734562665 66.882861744612455 429.54731476679444 165.43586616963148 79.353792713955045 38.919404748827219 109.42443997971714 53.570503344759345 223.11248576082289 47.867716800421476 341.66604558564723 35.946758646517992 131.75338021758944 47.675339128822088 70.063939306885004 39.289772005751729 55.008706701919436 58.18658457044512 71.152827651239932 33.906617627479136 338.96396529302001 50.703877748921514 33.828970611095428 97.429758489131927 87.593221392482519 229.20397020317614 116.53476559743285
leaf_count=20731 57 4759 280 4046 347 10012 2157 293 265 649 204 1004 225 1417 173 501 257 372 286 351 325 436 193 1757 335 265 562 281 843 442
internal_value=0.000158673 -0.000482317 0.000522992 0.00026325 -0.00221254 -0.00760275 0.024276 0.00259043 0.00303666 0.00562469 0.00712542 0.00605252 0.00831641 2.28054e-05 0.00343107 -0.00669489 0.0069975 0.00122412 0.00295333 0.00148017 0.00805007 0.0130051 0.0319663 0.00863752 0.0247936 0.0387234 0.00326172 0.0104744 -0.00431661 0.0188408
internal_weight=7163.09 6978.6 6116.02 6062.32 2937.4 862.574 184.497 3124.92 3045.57 1638.07 1528.65 1475.08 1251.97 1407.49 934.075 473.419 1204.1 898.128 828.065 788.775 1156.42 567.476 105.059 462.416 123.452 72.7484 588.948 301.558 287.391 204.128
internal_count=53825 51611 36840 36560 21078 14771 2214 15482 15189 8043 7394 7190 6186 7146 5228 1918 5961 5055 4683 4397 5704 3251 629 2622 865 530 2453 1285 1168 723
is_linear=0
shrinkage=0.03


Tree=93
num_leaves=31
num_cat=0
split_feature=40 41 5 47 3 28 44 38 29 20 11 29 3 47 5 11 44 47 3 2 11 30 5 30 47 4 29 28 19 5
split_gain=105.123 62.7922 66.1798 34.0628 30.9831 33.5967 43.4443 28.063 24.3262 23.9688 22.878 55.9796 41.4115 39.7035 52.9614 30.3698 29.2038 28.6982 28.3644 44.0398 42.0611 35.8811 50.1464 54.2729 81.9766 44.5248 45.5346 54.2104 33.9554 48.6155
threshold=24.500000000000004 544.50000000000011 17.500000000000004 61.500000000000007 1.5000000000000002 1.5000000000000002 4.3500001430511483 0.78571429848670971 1452.5000000000002 0.14796569943428042 1.0000000180025095e-35 550.00000000000011 98.500000000000014 47.500000000000007 2.5000000000000004 3.5000000000000004 12.750000000000002 52.500000000000007 64.500000000000014 39.500000000000007 50.500000000000007 199.50000000000003 10.500000000000002 142.50000000000003 6.5000000000000009 2.5000000000000004 33.500000000000007 17.500000000000004 0.28333334624767309 3.5000000000000004
decision_type=2 2 2 2 2 2 2 2 2 2 2 2 2 2 2 2 2 2 2 2 2 2 2 2 2 2 2 2 2 2
left_child=1 2 3 8 5 -3 -7 -5 10 -2 11 -1 13 16 15 -15 18 -16 19 20 21 22 23 -12 25 26 27 -25 -23 -30
right_child=9 4 -4 7 -6 6 -8 -9 -10 -11 12 -13 -14 14 17 -17 -18 -19 -20 -21 -22 28 -24 24 -26 -27 -28 -29 29 -31
leaf_value=-0.0016418118799907868 -0.0052740469434673452 -0.010108591775828858 0.035403017811887261 -0.016521856150500305 -0.013918678977072564 0.0015279036944569481 0.045209382159165333 0.014276847087123196 -0.019368451512144693 0.025698457212462784 0.00030830448187569686 0.02453748149474717 0.031889570809594259 0.050186509050487868 0.018345388970151467 0.013405452704749389 0.02269985492250479 -0.0085969247797806226 -0.0094887451389630648 0.033310572861400538 -0.025115926503220618 0.016203008525806552 0.034100974078137433 0.054919787905422741 0.053115755344378748 -0.0061751019092078701 0.00081971987399706093 0.006908049055850656 -0.014091768218679017 0.0017972612903835714
leaf_weight=2918.1796426670626 25.525833450257778 232.10905971936882 47.526939010247588 172.32234005164355 424.50833627441898 169.38337815832347 22.324642702937126 30.664108920842409 53.1284050475806 170.56533908471465 1019.4166309572756 74.412252724170685 42.352757265791297 43.909892981871963 62.422371240332723 38.505253817886114 54.863451410084963 80.132076259702444 220.07256874628365 38.160285286605358 52.289498412981629 71.737263770774007 49.537218441255391 46.26044125854969 41.994603822007775 109.95507880207151 70.687961542978883 38.923407930880785 313.45672166161239 385.66974574327469
leaf_count=19193 107 2820 269 1318 10055 1674 189 168 215 2201 6599 339 250 241 281 213 344 364 1138 181 258 460 298 267 297 401 318 196 1344 1558
internal_value=5.58804e-05 -0.000558928 0.000508921 0.000228026 -0.00819956 -0.00245184 0.00682287 -0.0118221 0.000649821 0.0216604 0.000837372 -0.000982872 0.00279622 0.00233471 0.0143802 0.0333687 0.00125109 0.00324631 0.000763343 0.00177522 0.00121332 0.00186576 0.00476608 0.00364635 0.0146642 0.00841344 0.0186782 0.0333163 -0.00331372 -0.00533661
internal_weight=7121 6924.91 6076.58 6029.05 848.325 423.817 191.708 202.986 5826.07 196.091 5772.94 2992.59 2780.35 2737.99 224.97 82.4151 2513.02 142.554 2458.16 2238.09 2199.93 2147.64 1376.78 1327.24 307.821 265.827 155.872 85.1838 770.864 699.126
internal_count=53556 51248 36510 36241 14738 4683 1863 1486 34755 2308 34540 19532 15008 14758 1099 454 13659 645 13315 12177 11996 11738 8376 8078 1479 1182 781 463 3362 2902
is_linear=0
shrinkage=0.03


Tree=94
num_leaves=31
num_cat=1
split_feature=40 17 15 2 20 4 3 2 29 3 19 15 3 15 3 29 42 28 43 29 19 3 47 43 38 45 45 22 49 28
split_gain=99.6913 56.6356 40.263 49.867 33.8594 30.7548 65.3373 35.7333 49.5713 30.7884 76.2101 52.7469 33.0992 27.808 86.582 27.2975 28.7988 28.0797 45.4042 37.3538 27.2751 64.2223 47.0449 35.0337 30.3465 25.6181 30.7971 23.99 46.7614 23.0881
threshold=25.500000000000004 170.50000000000003 1.5000000000000002 1.5000000000000002 0.14796569943428042 7.5000000000000009 27.500000000000004 8.5000000000000018 232.50000000000003 12.500000000000002 0.58333334326744091 7.5000000000000009 73.500000000000014 49.500000000000007 6.5000000000000009 1452.5000000000002 2.8500000238418584 1.5000000000000002 18.050000190734867 697.50000000000011 1.6166666746139529 38.500000000000007 1.5000000000000002 5.1499998569488534 0.5000000149011613 74.450000762939467 71.549999237060561 60.500000000000007 0 79.500000000000014
decision_type=2 2 2 2 2 2 2 2 2 2 2 2 2 2 2 2 2 2 2 2 2 2 2 2 2 2 2 2 1 2
left_child=1 2 3 15 -2 7 -7 8 9 11 12 25 -11 14 -13 16 17 18 27 -19 21 23 -22 24 -12 26 -4 -1 -29 -5
right_child=4 -3 5 29 -6 6 -8 -9 -10 10 20 13 -14 -15 -16 -17 -18 19 -20 -21 22 -23 -24 -25 -26 -27 -28 28 -30 -31
leaf_value=-0.0066615722569625139 -0.01069985973985732 0.038927315353818 -0.0024856799150655604 -0.014856663670574 0.026352136866069107 -0.0080321172640434937 0.039273002791157467 -0.0036261430532446839 0.029681784166362721 0.043196793513229997 0.038851362932127799 0.038832624012332465 0.0084832939296350628 -0.002374491297153072 -0.0018784364994007719 -0.027940089772122832 -0.0079489025472919937 0.0021920940024801028 0.040677875896276014 0.033776502406505628 -0.0097793783370156203 -0.0063980057310240538 0.015877366611445905 0.0044317203604686212 0.0088420594169550965 -0.013592528066491853 0.021374625731450249 -0.007047439515821592 0.038920282184054029 0.00085878986938115853
leaf_weight=775.2261034399271 25.189762808382511 30.888012605719268 1068.113958937116 444.22887360816821 159.98986151069403 49.348552986979485 54.523086674511433 1267.351531650871 58.257467474788427 65.754665108397603 86.847318464890122 90.265200596302748 40.18922620639205 90.126259101554751 96.790460593998432 34.786874769255519 505.34449650440365 1106.7936141537502 19.036634240299463 33.768128920346498 248.6540937051177 153.85811546817422 85.671451013535261 93.131521226838231 47.423863902688026 179.14576677978039 50.012141905725002 52.624062105081975 30.808636693283916 103.60834660334513
leaf_count=8209 102 168 5472 8154 2165 138 295 4932 196 307 426 355 222 353 305 223 4779 9923 204 219 848 711 401 368 167 855 276 651 279 1853
internal_value=-0.000383257 -0.000962438 -0.00114578 -0.00368257 0.0212816 0.000914484 0.0169364 0.000462873 0.00257503 0.00190383 0.0066079 -0.000553333 0.0302309 0.0113019 0.017869 -0.00192147 -0.00155189 5.29817e-05 -0.00397834 0.00315597 0.00307317 0.00854792 -0.00317705 0.0186439 0.028396 -0.00309315 -0.0014003 -0.00501454 0.0101867 -0.0118884
internal_weight=7147.76 6962.58 6931.69 3106.23 185.18 3825.46 103.872 3721.59 2454.24 2395.98 821.53 1574.45 105.944 277.182 187.056 2558.39 2523.6 2018.26 877.695 1140.56 715.586 381.261 334.326 227.403 134.271 1297.27 1118.13 858.659 83.4327 547.837
internal_count=53556 51289 51121 34494 2267 16627 433 16194 11262 11066 3450 7616 529 1013 660 24487 24264 19485 9343 10142 2921 1672 1249 961 593 6603 5748 9139 930 10007
cat_boundaries=0 1
cat_threshold=2
is_linear=0
shrinkage=0.03


Tree=95
num_leaves=31
num_cat=0
split_feature=40 41 6 37 27 0 45 29 22 47 47 45 30 45 47 47 30 3 41 19 10 41 6 30 19 30 41 3 3 3
split_gain=111.949 49.5798 32.9146 29.6012 47.8942 32.8424 29.592 63.3448 31.1434 27.3521 28.4971 33.2131 27.5512 36.2822 26.5926 32.0592 59.0784 32.5406 41.0384 48.1063 75.1248 38.0979 44.38 34.4741 192.016 31.4724 39.7611 31.1324 125.346 41.0361
threshold=26.500000000000004 84.500000000000014 88.500000000000014 6.5000000000000009 192.00000000000003 8.5000000000000018 5.3500001430511483 160.50000000000003 61.500000000000007 61.500000000000007 60.500000000000007 -1.376676550535194e-14 107.50000000000001 0.45000000298023229 56.500000000000007 49.500000000000007 217.50000000000003 5.5000000000000009 59.500000000000007 1.3500000238418581 1.5000000000000002 58.500000000000007 83.500000000000014 643.50000000000011 0.18333333730697635 1.0000000180025095e-35 45.500000000000007 17.500000000000004 42.500000000000007 47.500000000000007
decision_type=2 2 2 2 2 2 2 2 2 2 2 2 2 2 2 2 2 2 2 2 2 2 2 2 2 2 2 2 2 2
left_child=1 3 -3 4 9 -5 -4 8 -8 10 11 -1 13 -11 15 17 -17 21 19 20 23 25 -23 27 -25 26 -13 -19 -29 -30
right_child=-2 2 6 5 -6 -7 7 -9 -10 12 -12 14 -14 -15 -16 16 -18 18 -20 -21 -22 22 -24 24 -26 -27 -28 28 29 -31
leaf_value=0.021703699040200301 0.024459302044057777 -0.012338172990405056 -0.0087012357772236603 0.011952448350110617 0.029319768894844583 -0.0045784702888150789 -0.0039962479878237634 0.054456478477605784 0.029496555719042087 -0.015132362396288084 0.025841891750238783 -0.021750416626750851 -0.020463350759069909 0.027326175690400745 -0.014474212416841862 0.0037669712266757407 0.046336014731734772 -0.00026505028912226743 -0.015364445790276512 -0.0016044801857746415 0.040492794453021702 -0.0031247707295143264 0.025698021923330483 -0.010056006324781827 0.07474860273203153 -0.0035210399554887937 0.0060901124416351347 0.030388286126300422 -0.02088771055255486 0.0044476309494236909
leaf_weight=60.825611114501953 165.56062246859074 481.48346089478582 210.11268590576947 382.36615476105362 48.342986788600683 150.05380198359489 154.18658320605755 21.785598997026682 28.784100981429219 41.440157276578248 37.221956020221114 191.49533033650368 117.16916431300342 30.61656310223043 117.3283480303362 150.29936604667455 35.524750959128141 817.71050473861396 127.08729413803667 1598.8072243798524 53.569120090454817 118.46107081323862 79.707980509847403 64.537892684340477 37.096096344292164 1308.1824641358107 60.24287841655314 164.4058788465336 77.174616327509284 217.07617755047977
leaf_count=291 2145 10961 2486 2038 174 363 1452 155 277 299 253 2645 881 239 727 952 151 4800 1596 7196 366 1166 758 384 174 7408 639 924 386 1464
internal_value=0.000152505 -0.000427199 -0.00701031 0.000543242 -0.000105025 0.00729363 -0.000812163 0.00728623 0.00140438 -0.000368655 3.1258e-05 -0.000155572 -0.0115463 0.00303517 -0.000414458 -8.83196e-05 0.0121095 -0.000551808 0.00126955 0.00197198 0.00596457 -0.00382176 0.00853921 0.00459392 0.0213241 -0.00539653 -0.0150902 0.00324608 0.00949281 -0.00224543
internal_weight=7148.66 6983.1 896.352 6086.74 5554.32 532.42 414.869 204.756 182.971 5505.98 5316.75 5279.53 189.226 72.0567 5218.71 5101.38 185.824 4915.55 3157.46 3030.38 1431.57 1758.09 198.169 1378 101.634 1559.92 251.738 1276.37 458.657 294.251
internal_count=53750 51605 15331 36274 33873 2401 4370 1884 1729 33699 32280 32027 1419 538 31736 31009 1103 29906 17290 15694 8498 12616 1924 8132 558 10692 3284 7574 2774 1850
is_linear=0
shrinkage=0.03


Tree=96
num_leaves=31
num_cat=1
split_feature=40 41 5 19 29 47 47 45 48 6 19 40 19 3 47 47 47 27 43 8 30 29 29 11 27 3 29 11 5 3
split_gain=127.26 47.6599 49.4519 31.6534 75.1417 29.3556 26.1472 28.4817 25.1797 39.1354 32.2634 35.6304 33.862 78.267 36.6995 29.7361 36.0885 39.5004 33.7789 46.8959 34.5087 30.4883 41.549 75.025 30.379 30.2425 53.8836 47.9451 37.3703 56.9942
threshold=26.500000000000004 89.500000000000014 17.500000000000004 0.25000000745058065 137.50000000000003 61.500000000000007 60.500000000000007 -1.376676550535194e-14 0 22.500000000000004 0.15000000596046451 1.0000000180025095e-35 0.18333333730697635 23.500000000000004 10.500000000000002 55.500000000000007 49.500000000000007 140.50000000000003 5.7500000000000009 2.5000000000000004 110.50000000000001 910.50000000000011 276.50000000000006 1.5000000000000002 13.500000000000002 4.5000000000000009 35.500000000000007 3.5000000000000004 7.5000000000000009 12.500000000000002
decision_type=2 2 2 2 2 2 2 2 1 2 2 2 2 2 2 2 2 2 2 2 2 2 2 2 2 2 2 2 2 2
left_child=1 2 5 4 -3 6 7 -1 9 -9 11 -10 13 14 -12 16 17 21 19 20 -18 22 24 -24 25 -14 28 -28 -27 -30
right_child=-2 3 -4 -5 -6 -7 -8 8 10 -11 12 -13 15 -15 -16 -17 18 -19 -20 -21 -22 -23 23 -25 -26 26 27 -29 29 -31
leaf_value=0.019961736638096157 0.026291221972747865 -0.0038226601552867052 0.029275472226794341 -0.012726237115922528 0.06346329929021749 -0.011719162668916469 0.024336990011930935 -0.00028242237784950662 -0.0034933512746687669 0.04225065989419384 0.047329218338366369 -0.021705763020225304 -0.0047669574177186865 -0.013667148705197684 0.0071281893595258709 -0.014170796090462222 0.017530257547946796 0.017163088730509625 -0.0076798020723472023 0.0010217224142691969 0.059984301786013501 -0.023454927082216311 0.044570086821365193 -0.0038042857681852868 -0.008904684038699661 0.0025687320263732701 0.0071509794934519876 0.036447615148521573 -0.020007856995773426 -0.001307255056671997
leaf_weight=62.541607374325395 157.45703788101673 349.52161802630872 50.568682495504618 472.29405370727181 14.602502539753912 192.65384289156646 38.960033516399562 46.701222024857998 708.98589801881462 32.373661228455603 53.950157602317631 111.06228279415518 902.61774423159659 52.99025415442884 33.185913167893887 128.37585351243615 37.402496481314301 114.97904859855771 47.107842773199081 54.612638752907515 32.955044438131154 50.804158173501492 50.192396052181721 65.800325993448496 377.08914119563997 1477.3888924000785 436.10741371568292 55.974265366792679 184.51887153368443 701.34509882424027
leaf_count=306 2113 4863 283 9722 127 1448 262 254 6689 237 373 1314 5996 343 169 700 252 362 234 156 206 210 197 326 1575 8109 1907 254 813 3769
internal_value=-0.000292084 -0.000899121 2.20076e-05 -0.00761029 -0.000957863 -0.000227276 0.000152595 -1.34789e-05 -0.000233929 0.0155047 -0.000482282 -0.00598336 0.000446483 0.0149266 0.0322732 1.32787e-05 0.000413084 -0.000113478 0.0138512 0.0219639 0.0379774 -0.000579126 -0.000300285 0.0173303 -0.000798915 1.66059e-05 0.00152991 0.0105506 -0.000352075 -0.00522062
internal_weight=7095.12 6937.66 6101.24 836.418 364.124 6050.68 5858.02 5819.06 5756.52 79.0749 5677.45 820.048 4857.4 140.126 87.1361 4717.27 4588.9 4416.82 172.078 124.97 70.3575 4301.84 4251.03 115.993 4135.04 3757.95 2855.33 492.082 2363.25 885.864
internal_count=53569 51456 36744 14712 4990 36461 35013 34751 34445 491 33954 8003 25951 885 542 25066 24366 23518 848 614 458 23156 22946 523 22423 20848 14852 2161 12691 4582
cat_boundaries=0 1
cat_threshold=32
is_linear=0
shrinkage=0.03


Tree=97
num_leaves=31
num_cat=0
split_feature=40 41 5 29 11 20 47 4 29 29 47 5 45 47 30 29 19 38 5 15 22 37 19 30 11 28 45 45 6 30
split_gain=87.985 50.0054 50.3329 41.4694 118.437 32.1858 26.6239 30.2683 26.1786 31.3642 30.5332 40.0349 37.8383 33.2745 34.8684 34.3924 38.2722 40.1787 32.9009 71.2299 31.8841 31.2865 31.962 33.9328 29.9027 30.9029 55.7306 39.0443 29.6075 29.0044
threshold=25.500000000000004 544.50000000000011 17.500000000000004 167.50000000000003 3.5000000000000004 0.14796569943428042 61.500000000000007 7.5000000000000009 779.50000000000011 13.500000000000002 4.5000000000000009 11.500000000000002 3.8500000238418584 53.500000000000007 4.5000000000000009 9.5000000000000018 0.65000000596046459 0.35714286565780645 5.5000000000000009 12.500000000000002 58.500000000000007 5.5000000000000009 6.4833333492279062 259.50000000000006 21.500000000000004 41.500000000000007 71.649997711181655 76.450000762939467 3.5000000000000004 100.50000000000001
decision_type=2 2 2 2 2 2 2 2 2 2 2 2 2 2 2 2 2 2 2 2 2 2 2 2 2 2 2 2 2 2
left_child=1 2 6 -3 -5 -2 7 8 9 10 11 20 18 14 -14 16 29 -18 19 -12 21 22 23 -1 25 -11 -27 -28 -19 -16
right_child=5 3 -4 4 -6 -7 -8 -9 -10 24 12 -13 13 -15 15 -17 17 28 -20 -21 -22 -23 -24 -25 -26 26 27 -29 -30 -31
leaf_value=-0.0054150637861713957 -0.01127797582383621 -0.0092822234709087955 0.029601122551919903 0.073228191453636335 -0.01644410498003002 0.02645730824522351 -0.010759650810980809 0.020494331933239955 -0.011253590290627519 0.0043669512599563091 -0.00027511173578670931 0.020742859048765164 -0.0078130223500717973 -0.01329958061610286 0.067946457124467272 -0.0067642126611833185 -0.0047177802003046812 0.0086065717757782666 -0.012305168834388173 0.052523114338378162 0.019370692066438336 0.01111667523415587 -0.016478161513174321 0.017794955918020692 0.026343824158763501 -0.0061131666715916883 0.041018208667851996 0.0040615892386701531 0.041844794955788044 0.022247798587167598
leaf_weight=1416.3953887745738 23.025347515940666 765.11685699783266 51.710805285722017 20.29261464998126 34.386949248611927 146.46318571642041 193.56793924234807 66.494199011474848 170.65667182952166 2046.3447199352086 335.28321537561715 57.25362476427108 51.296063179150224 43.730060687288642 26.279847045429051 38.006895707920194 52.854300104081631 43.137930052354932 181.05077216029167 23.689428724348545 47.992608038708568 99.436301022768021 230.88303120434284 58.093017430976033 46.938005704432726 649.23691935837269 37.804084237664938 77.11457743216306 55.604999843984842 25.734079293906689
leaf_count=10936 103 14092 291 233 314 2128 1482 259 671 10644 2934 344 416 218 272 198 343 175 1137 144 433 567 1105 317 197 2694 232 397 352 185
internal_value=2.9526e-06 -0.000519549 0.00041198 -0.00747317 0.0175525 0.0212948 0.000158684 0.000519801 0.000287901 0.000638801 -0.00162546 -0.0037523 0.00300743 0.0108855 0.0145292 0.0192851 0.0241569 0.0163465 -0.00191473 0.00334539 -0.00452001 -0.00516568 -0.00612102 -0.00448918 0.00284682 0.00244517 -0.00270019 0.016468 0.0275558 0.046183
internal_weight=7115.87 6946.39 6126.59 819.796 54.6796 169.489 6074.88 5881.31 5814.82 5644.16 2786.72 1910.05 876.668 336.644 292.914 241.618 203.611 151.597 540.023 358.973 1852.8 1804.81 1705.37 1474.49 2857.44 2810.5 764.156 114.919 98.7429 52.0139
internal_count=53813 51582 36943 14639 547 2231 36652 35170 34911 34240 20076 13702 6374 2159 1941 1525 1327 870 4215 3078 13358 12925 12358 11253 14164 13967 3323 629 527 457
is_linear=0
shrinkage=0.03


Tree=98
num_leaves=31
num_cat=0
split_feature=40 41 27 5 2 5 47 45 45 15 29 3 3 29 29 29 15 22 41 11 30 19 45 27 41 30 30 11 30 45
split_gain=85.9405 45.6437 53.0873 36.8657 33.2569 47.1293 47.7779 31.0694 58.3867 25.6381 26.3374 35.7506 53.1768 60.859 31.7388 26.0898 25.5743 25.1954 26.9264 26.671 53.2226 46.0496 85.803 27.9169 24.7494 27.5459 24.5864 22.702 23.7235 34.2595
threshold=25.500000000000004 10.500000000000002 99.500000000000014 15.500000000000002 6.5000000000000009 11.500000000000002 1.0000000180025095e-35 73.850002288818374 71.649997711181655 5.5000000000000009 32.500000000000007 20.500000000000004 90.500000000000014 56.500000000000007 820.00000000000011 609.50000000000011 931.00000000000011 80.500000000000014 544.50000000000011 1.0000000180025095e-35 111.50000000000001 0.31666667759418493 8.1500000953674334 1.0000000180025095e-35 17.500000000000004 205.50000000000003 2.5000000000000004 36.500000000000007 114.50000000000001 38.250000000000007
decision_type=2 2 2 2 2 2 2 2 2 2 2 2 2 2 2 2 2 2 2 2 2 2 2 2 2 2 2 2 2 2
left_child=1 3 4 7 5 9 -7 8 27 10 17 14 13 -13 15 -12 -2 18 19 -3 -21 22 -22 24 -23 -26 -19 28 29 -1
right_child=16 2 -4 -5 -6 6 -8 -9 -10 -11 11 12 -14 -15 -16 -17 -18 26 -20 20 21 23 -24 -25 25 -27 -28 -29 -30 -31
leaf_value=0.0019155949784664134 0.025329540149539927 -0.0065908258206803655 0.04265236585580278 0.026016617571693816 -0.011175404910218957 0.052245994363194596 -0.0057981176102996686 -0.0062524527810709747 0.027444267275856787 0.017072514464684031 -0.0001476259302670185 0.010836254210783235 -0.016259897685941386 0.065966741115979957 -0.022748165824435174 0.031610778273596173 -0.011416266689956711 0.038814476069875842 -0.011525440623585839 -0.0050058323548587344 -0.0043633950827357219 0.032591725773449938 0.065464460582373499 -0.018182518286718925 0.016234994788421702 -0.015472084278573344 0.0012400940101457061 0.021442736644307139 -0.00041577447953995369 0.014676797385817286
leaf_weight=692.48965892009437 148.78121942281723 982.28854171186686 21.908009884878993 55.530101899057627 411.38608092442155 27.569648235570639 22.740347385406494 399.75275240279734 82.083333991467953 57.595665069296956 615.9860598272644 51.581654449924827 29.582812606357038 27.120480805169791 53.739466676488519 23.194733344018459 18.657509211450815 21.33489709161222 477.65401778416708 438.31498758122325 28.348223961889744 34.094077710062265 34.551728446036577 37.082178754732013 59.18097117729485 40.809115633368492 52.780390419997275 51.681822489947081 1851.9595695026219 259.78737356420606
leaf_count=3173 2015 9810 181 285 4774 274 270 1532 375 313 5516 466 208 218 408 152 216 188 8754 4279 232 173 263 219 377 266 653 227 6692 1351
internal_value=1.79593e-05 -0.000495709 -0.00287398 0.0019917 -0.00316878 -0.00210831 0.0264081 0.00158432 0.00265238 -0.00258482 -0.0029668 0.00169039 0.0176377 0.0304233 -0.000823569 0.00105241 0.0211915 -0.00465792 -0.00525738 -0.00344211 0.00116084 0.0126808 0.0344181 0.00453927 0.0109113 0.00326927 0.012429 0.00193047 0.00156335 0.00540868
internal_weight=7109.57 6942.13 3548.84 3393.28 3526.94 3115.55 50.31 3337.75 2938 3065.24 3007.64 801.205 108.285 78.7021 692.92 639.181 167.439 2206.44 2132.32 1654.67 672.381 234.066 62.9 171.166 134.084 99.9901 74.1153 2855.92 2804.24 952.277
internal_count=53860 51629 37994 13635 37813 33039 544 13350 11818 32495 32182 6968 892 684 6076 5668 2231 25214 24373 15619 5809 1530 495 1035 816 643 841 11443 11216 4524
is_linear=0
shrinkage=0.03


Tree=99
num_leaves=31
num_cat=0
split_feature=14 14 42 27 8 3 30 30 11 46 38 5 19 30 3 30 14 37 29 8 28 22 17 3 47 11 28 17 46 5
split_gain=73.8962 54.7979 38.5445 37.2749 32.9497 29.7656 25.4485 30.2219 29.6056 31.0377 33.2933 46.3333 22.5444 24.6384 23.3981 24.189 25.3998 27.3407 22.2025 30.6498 42.1201 35.216 28.5507 21.4482 21.0932 20.9137 20.7139 45.956 30.7274 30.5886
threshold=1.0000000180025095e-35 72.500000000000014 9.0500001907348651 99.500000000000014 1.0000000180025095e-35 71.500000000000014 16.500000000000004 101.50000000000001 17.500000000000004 1.5000000000000002 0.21428572386503222 8.5000000000000018 15.216666698455812 89.500000000000014 30.500000000000004 30.500000000000004 6.5000000000000009 1.0000000180025095e-35 35.500000000000007 1.0000000180025095e-35 18.500000000000004 2.5000000000000004 8.5000000000000018 3.5000000000000004 3.5000000000000004 3.5000000000000004 4.5000000000000009 4.5000000000000009 7.5000000000000009 4.5000000000000009
decision_type=2 2 2 2 2 2 2 2 2 10 2 2 2 2 2 2 2 2 2 2 2 2 2 2 2 2 2 2 10 2
left_child=2 6 3 4 26 -6 -2 12 9 10 11 -9 13 14 15 -8 17 -17 22 -20 -21 -22 -12 -14 -11 -4 28 29 -1 -28
right_child=1 -3 25 -5 5 -7 7 8 -10 24 18 -13 23 -15 -16 16 -18 -19 19 20 21 -23 -24 -25 -26 -27 27 -29 -30 -31
leaf_value=-0.0040677216565036534 -0.0080475473539499444 0.024157017902480257 -0.020960737564715986 0.034378905317219176 -0.013508215316221114 0.032351727031279559 0.026760548227407983 0.0064527559005953675 0.020378672083314463 -0.021126060258441486 -0.0043461515355896988 0.037089291253043791 0.0012131102717768975 0.020956903379775037 -0.0092227345247076296 0.0088333159363731331 0.02104565426634758 -0.011758948910991041 -0.011712975188348651 0.02960203146427751 0.0006132594165448984 0.024402374839552082 0.012277152596969911 0.038507937045094982 -0.0031275628529835865 0.010055715364164273 0.0039257135154403934 0.02808947385817416 0.023707470020817974 -0.0043741941513573196
leaf_weight=1875.0469946400262 181.47389141935855 111.34757270291448 142.51626203302294 24.202885382808745 298.16152841504663 12.373512914869933 51.121181391179562 265.19260448217392 73.898610211908817 72.567196361720562 726.92649350687861 52.535347323864698 20.632688757032156 98.308323211967945 89.505047973245382 133.81443938985467 64.915306389331818 100.8829991556704 78.419086553156376 70.814071357250214 332.32494149729609 66.369482701644301 105.62926899269223 41.816915608942509 290.52624952048063 22.044252784922719 870.69133688649163 53.671821320895106 35.5622762683779 736.93672293657437
leaf_count=18606 917 1188 1430 181 5111 135 241 1094 380 218 2671 226 213 422 336 599 357 262 246 272 969 275 596 420 967 178 7899 569 315 6420
internal_value=4.81375e-05 0.00359567 -0.0025915 -0.00199011 -0.00222562 -0.0115829 0.00280298 0.0035253 0.00185051 0.00117671 0.00287939 0.0116189 0.00946245 0.00745316 0.00439703 0.00788904 0.0045908 -3.04562e-05 0.000860976 0.00554536 0.00844668 0.00462451 -0.0022249 0.0263994 -0.00677285 -0.0167702 -0.0014091 0.00104063 -0.00353861 0.000120682
internal_weight=7100.23 3029.02 4071.21 3906.65 3882.44 310.535 2917.67 2736.2 2135.2 2061.3 1698.21 317.728 600.997 538.547 440.239 350.734 299.613 234.697 1380.48 547.928 469.508 398.694 832.556 62.4496 363.093 164.561 3571.91 1661.3 1910.61 1607.63
internal_count=53713 12869 40844 39236 39055 5246 11681 10764 7914 7534 6349 1320 2850 2217 1795 1459 1218 861 5029 1762 1516 1244 3267 633 1185 1608 33809 14888 18921 14319
is_linear=0
shrinkage=0.03


Tree=100
num_leaves=31
num_cat=0
split_feature=40 14 28 15 30 29 22 41 28 47 45 30 44 3 15 30 6 41 3 4 44 43 43 47 15 6 22 45 28 18
split_gain=115.155 39.7441 37.6347 28.666 24.1802 28.369 36.269 41.898 31.8321 27.5858 36.6514 26.4876 30.9947 25.5145 33.1032 49.9365 28.8115 48.0316 34.3642 30.3526 29.4865 59.4604 38.9564 28.2033 26.9331 28.9035 24.5847 32.3683 23.557 23.4881
threshold=24.500000000000004 1.0000000180025095e-35 376.50000000000006 931.00000000000011 6306.5000000000009 18.500000000000004 54.500000000000007 78.500000000000014 51.500000000000007 37.500000000000007 6.0499999523162851 34.500000000000007 2.2500000000000004 29.500000000000004 5.5000000000000009 62.500000000000007 56.500000000000007 45.500000000000007 1.5000000000000002 2.5000000000000004 1.0000000180025095e-35 1.5500000119209292 2.7500000000000004 39.500000000000007 2.5000000000000004 15.500000000000002 23.500000000000004 48.350000381469734 9.5000000000000018 3.0714285373687749
decision_type=2 2 2 2 2 2 2 2 2 2 2 2 2 2 2 2 2 2 2 2 2 2 2 2 2 2 2 2 2 2
left_child=1 2 4 -2 5 6 7 13 9 -7 -11 12 -8 14 16 -16 19 -18 26 20 21 -1 -23 28 25 -22 27 -19 -24 -15
right_child=3 -3 -4 -5 -6 8 11 -9 -10 10 -12 -13 -14 29 15 -17 17 18 -20 -21 24 22 23 -25 -26 -27 -28 -29 -30 -31
leaf_value=-0.0031541930567105013 0.028337219859655802 0.0020676820433638277 0.036920567418116619 -0.009908126408213978 -0.021817618495670942 0.004311094832752071 0.028211285758975083 -0.013835582716174815 -0.0093608398866952634 -0.010893383201633428 0.024817757688152395 -0.0051139018155668186 -0.009560896914229516 -0.012503361575520034 0.042454804421294789 0.00019371631255658291 -0.020709826826805975 0.055082763874845821 -0.01657495061568311 -0.012478655889475937 -0.01686889268082432 0.054596536664543088 -0.0071674763626534939 0.041381445232885193 0.016608684539533115 0.00026047301571117888 -5.5914374309467008e-05 0.0017971735273625714 0.026706899099263944 0.016558089619839154
leaf_weight=147.47166803572327 154.14436132460833 2855.7359196310863 20.629473347216845 19.401704154908657 58.068636395037174 1135.998920771759 74.621120439842343 445.35280654765666 245.85230015125126 219.28449794417247 28.352296056225896 73.214393604546785 25.803806766867638 348.82947382237762 36.062154908664525 78.413353769108653 185.52979468926787 21.039909100160003 56.520687522366643 150.48972825054079 127.16394549049437 29.125353740528226 46.943411763757467 26.834545765072107 58.208536827936769 287.50854048226029 57.848927123472095 19.326167346909642 29.143375185318291 26.107902173884213
leaf_count=1186 2111 10555 243 229 403 9114 695 8390 2814 2345 270 878 217 2958 238 398 2553 244 579 1229 985 279 392 277 379 2551 612 193 259 260
internal_value=-3.62458e-05 -0.000643564 -0.00255077 0.0240293 -0.00276145 -0.00247809 -0.00458549 -0.00563821 0.000564113 0.00233312 -0.00672139 0.00857525 0.0185073 -0.00352433 -0.00160785 0.0137592 -0.00303284 -0.0104586 0.00188689 -0.00022589 0.00223813 0.00994469 0.0244875 0.0155236 -0.00232856 -0.00502038 0.0125713 0.0302313 0.0059855 -0.0104411
internal_weight=7089.03 6915.48 4059.75 173.546 4039.12 3981.05 2351.56 2177.92 1629.49 1383.64 247.637 173.639 100.425 1732.57 1357.63 114.476 1243.15 340.265 154.736 902.889 752.399 279.518 132.047 102.921 472.881 414.672 98.215 40.3661 76.0868 374.937
internal_count=53836 51496 40941 2340 40698 40295 25752 23962 14543 11729 2615 1790 912 15572 12354 636 11718 4181 1628 7537 6308 2393 1207 928 3915 3536 1049 437 651 3218
is_linear=0
shrinkage=0.03


Tree=101
num_leaves=31
num_cat=0
split_feature=40 20 15 2 11 28 45 44 15 3 4 37 2 9 2 29 18 28 6 29 9 39 41 28 45 3 46 9 44 28
split_gain=103.001 34.4613 31.7575 42.2469 27.7474 61.8125 103.336 38.3637 31.9272 27.3088 26.3946 47.5393 41.2688 64.3314 48.2681 45.0767 35.8179 64.2367 32.3232 30.7913 46.6386 26.2872 25.8262 34.2185 39.9456 37.1208 28.5055 31.4138 25.5583 24.4939
threshold=25.500000000000004 0.14796569943428042 2.5000000000000004 2.5000000000000004 3.5000000000000004 7.5000000000000009 37.549999237060554 1.9499999880790713 12.500000000000002 101.50000000000001 3.5000000000000004 27.500000000000004 13.500000000000002 5.5000000000000009 24.500000000000004 24.500000000000004 25.785714149475101 80.500000000000014 4.5000000000000009 33.500000000000007 2.5000000000000004 2.5013720989227299 5.5000000000000009 18.500000000000004 3.2500000000000004 16.500000000000004 1.0000000180025095e-35 6.5000000000000009 1.0000000180025095e-35 1.5000000000000002
decision_type=2 2 2 2 2 2 2 2 2 2 2 2 2 2 2 2 2 2 2 2 2 2 2 2 2 2 10 2 2 2
left_child=2 -2 3 9 10 7 8 -6 -7 29 11 12 13 18 -14 -15 17 -16 -4 28 -21 -5 23 24 -12 -26 27 -25 -20 -1
right_child=1 -3 4 21 5 6 -8 -9 -10 -11 22 -13 14 15 16 -17 -18 -19 19 20 -22 -23 -24 26 25 -27 -28 -29 -30 -31
leaf_value=-0.0048264032718869053 -0.0097728562042308179 0.02912303079683521 -0.00521949896685298 -0.012664138705809798 -0.008025118439386119 -0.0070005080657861299 0.044653064425882232 0.018853095038343412 0.017075744437466966 0.029752587303853481 -0.010966338977165991 0.030911435556109885 -0.016093064594418283 0.040305266454683193 -0.0012977947940902199 0.0073781876941342427 -0.013689196113112645 0.049033611211648558 -0.0047966083875535404 -0.0018663781652561828 0.035058609134104794 0.013136979619452963 -0.010835345567460658 -0.014186591658231398 0.00076425548866604072 0.033487599101376532 -0.015687508577629468 0.0069042752877646694 0.0078780798315990549 0.00054370111446936157
leaf_weight=1239.8648705095984 23.523370735347271 138.73727768287063 392.14603891223669 457.26271081296727 224.07473061606288 95.680905787274241 86.206166356801987 59.689012108370662 100.94066889211535 24.332917368039489 53.235309593379498 50.384489096701145 220.51442327536643 68.570452608168125 64.522272732108831 82.175194650888443 54.003358632326126 34.269433252513409 244.10413854848593 54.309968173503876 69.783172991126776 37.728047754615545 310.95908259414136 90.085883907973766 53.719944201409817 73.579363714903593 143.57683916017413 209.3178788125515 343.59488916955888 1990.4615318174474
leaf_count=13193 105 2184 1339 7747 942 341 386 279 389 172 149 238 742 354 457 260 132 141 1161 183 333 372 1580 287 194 335 398 687 1695 16978
internal_value=-9.40688e-05 0.0234589 -0.00064892 -0.00251881 0.00155641 0.00756855 0.0174681 -0.002325 0.00538351 -0.00127545 0.000250299 0.00249976 0.00160202 0.00420736 -0.00714234 0.0225228 0.00579603 0.0164779 0.00168822 0.00549586 0.0190125 -0.0106751 -0.00378824 -0.000261987 0.0107117 0.019792 -0.00474831 0.000532265 0.00261437 -0.00151831
internal_weight=7091.35 162.261 6929.09 3749.65 3179.44 566.591 282.828 283.764 196.622 3254.66 2612.85 1678.38 1627.99 1254.68 373.309 150.746 152.795 98.7917 1103.94 711.792 124.093 494.991 934.474 623.515 180.535 127.299 442.981 299.404 587.699 3230.33
internal_count=53753 2289 51464 38462 13002 2337 1116 1221 730 30343 10665 7035 6797 5325 1472 614 730 598 4711 3372 516 8119 3630 2050 678 529 1372 974 2856 30171
is_linear=0
shrinkage=0.03


Tree=102
num_leaves=31
num_cat=1
split_feature=40 5 41 49 29 11 30 43 28 28 30 11 29 40 9 2 43 39 22 21 4 14 11 45 44 46 5 28 11 45
split_gain=108.123 41.162 31.1493 37.3013 35.9863 24.6293 38.8378 46.2551 36.5919 42.0522 33.3722 24.0217 135.425 23.1715 32.1453 29.9651 59.4276 25.6906 21.7604 20.7939 63.887 39.7071 34.68 26.0168 42.2516 22.9261 42.1049 25.9195 26.2773 121.065
threshold=25.500000000000004 17.500000000000004 544.50000000000011 0 33.500000000000007 1.0000000180025095e-35 643.50000000000011 4.1499998569488534 614.50000000000011 7.5000000000000009 4148.5000000000009 2.5000000000000004 256.50000000000006 12.500000000000002 3.5000000000000004 23.500000000000004 6.8500001430511483 3.532766699790955 68.500000000000014 1.0000000180025095e-35 2.5000000000000004 2.5000000000000004 13.500000000000002 19.800000190734867 1.3499999642372134 2.5000000000000004 5.5000000000000009 648.50000000000011 3.5000000000000004 14.050000190734865
decision_type=2 2 2 1 2 2 2 2 2 2 2 2 2 2 2 2 2 2 2 2 2 2 2 2 2 10 2 2 2 2
left_child=1 2 5 4 -4 6 13 8 9 -8 19 12 -6 15 -15 17 -17 18 -1 20 21 -7 25 24 -24 27 -27 28 -21 -30
right_child=-2 -3 3 -5 11 10 7 -9 -10 -11 -12 -13 -14 14 -16 16 -18 -19 -20 22 -22 -23 23 -25 -26 26 -28 -29 29 -31
leaf_value=-0.0035189180261100974 0.024887932087083963 0.025252945297969672 -0.012042553561350495 0.022068898170633525 0.00083556850830160845 0.050464614754318023 -0.009678442018717516 0.027493647516606615 -0.018747664764962899 0.022385407614874203 -0.016322124174883271 -0.011373148096574619 0.10647414369246296 0.024611150955040073 -0.0056886143227612828 -0.020898789498171391 0.018337168526946643 0.015593602879378674 0.015868992344646005 0.0016017796381798705 -0.002680321385388288 0.012333676699945839 -0.007008183171917373 -0.012733594363599176 0.02903306276152556 -0.014866355501610775 0.01102498328100739 0.027443865494943945 -0.0095939637348818867 0.021050532174862982
leaf_weight=2422.7307367250323 151.54651184007525 53.793732593767345 540.24794361041859 38.398910501971841 133.99533514818177 42.894804611802101 62.85995795018971 81.716482855379581 59.398282110691071 86.345842994749546 86.753033060580492 74.745893846731633 10.892718602903185 62.627514079213142 61.828430019319057 191.03145684394985 41.601296337321401 66.978638309985399 52.272404484450817 1397.0722918407992 132.62352959159762 57.879428535699844 99.131890844553709 237.30998120363802 40.388069743290544 155.49359351396561 87.605209113098681 41.366377076134086 184.16741802357137 310.43834480643272
leaf_count=17481 2243 372 10772 282 2565 299 332 350 144 302 442 831 112 316 220 973 240 266 459 7952 495 271 569 1237 238 729 406 156 996 1796
internal_value=-9.48689e-05 -0.000645935 -0.000852652 -0.00641942 -0.00788613 -0.00011871 -0.00193329 0.00850973 0.000977465 0.0089025 0.00189558 0.00234595 0.0094529 -0.00298165 0.00963318 -0.00355076 -0.0138338 -0.00260462 -0.0031032 0.00246844 0.0110205 0.0289006 0.00168258 -0.00670848 0.00355736 0.00313803 -0.00552898 0.00423028 0.00370843 0.00964366
internal_weight=7066.14 6914.59 6860.8 798.281 759.882 6062.52 3189.39 290.321 208.604 149.206 2873.12 219.634 144.888 2899.07 124.456 2774.61 232.633 2541.98 2475 2786.37 233.398 100.774 2552.97 376.83 139.52 2176.14 243.099 1933.04 1891.68 494.606
internal_count=53846 51603 51231 14562 14280 36669 21083 1128 778 634 15586 3508 2677 19955 536 19419 1213 18206 17940 15144 1065 570 14079 2044 807 12035 1135 10900 10744 2792
cat_boundaries=0 1
cat_threshold=2
is_linear=0
shrinkage=0.03


Tree=103
num_leaves=31
num_cat=1
split_feature=40 15 5 45 28 29 4 46 29 28 19 4 47 8 6 22 3 9 41 49 45 45 41 19 38 19 45 17 3 6
split_gain=99.3933 40.0215 40.6609 65.3302 50.3165 30.0004 26.7405 26.1245 25.6496 29.189 33.878 43.7371 39.6521 55.1607 27.49 29.7765 43.3051 26.6249 25.0427 32.9002 26.9776 48.7745 33.0107 66.7768 32.3092 33.0688 25.8286 31.3373 24.6864 30.8777
threshold=26.500000000000004 5.5000000000000009 2.5000000000000004 19.050000190734867 3.5000000000000004 33.500000000000007 2.5000000000000004 1.5000000000000002 884.50000000000011 648.50000000000011 5.2833335399627694 7.5000000000000009 33.500000000000007 6.5000000000000009 21.500000000000004 4.5000000000000009 16.500000000000004 7.5000000000000009 544.50000000000011 0 63.750000000000007 59.95000076293946 20.500000000000004 0.25000000745058065 0.78571429848670971 12.616666793823244 21.44999980926514 2.5000000000000004 42.500000000000007 18.500000000000004
decision_type=2 2 2 2 2 2 2 8 2 2 2 2 2 2 2 2 2 2 2 1 2 2 2 2 2 2 2 2 2 2
left_child=1 5 3 -3 -5 6 18 -7 9 10 12 -12 13 14 15 -4 -17 -14 20 -20 21 24 -23 -24 -1 26 27 -26 29 -22
right_child=-2 2 8 4 -6 7 -8 -9 -10 -11 11 -13 17 -15 -16 16 -18 -19 19 -21 28 22 23 -25 25 -27 -28 -29 -30 -31
leaf_value=-0.0016274948759187205 0.025420124730156923 0.03579281403543904 0.0051465383928042075 -0.012223503703246586 0.021143753280793418 0.0035382541676552714 -0.008897774431484113 -0.0091696421677862992 -0.015464015566800247 0.020573955153530273 -0.0053815577267742757 0.021822180683717184 0.0067145845693162426 0.034813842744231598 -0.0069407510974247551 0.0051771151661226785 0.040466135536302981 -0.012698649615391111 -0.010184206292151209 0.018444288244559161 0.0065351146595237974 0.006635268014749212 0.0083284551465778126 0.082375738042195071 0.013886190305817591 -0.0060133476849477466 0.0078179001553848916 0.05910254788261092 -0.022599005447715512 -0.0095758519840081161
leaf_weight=1476.2776833223179 137.87864879518747 84.999416299164295 397.53157183527946 86.022335447371006 75.403052113950253 1214.6204934758134 612.30063837673515 164.43671075161546 74.035357519984245 75.485350597649813 674.3128564953804 56.755038980394602 107.6125545669347 66.470083989202976 115.3656295593828 66.571405116468668 58.638786157593131 152.69604944810271 470.72959957644343 38.215837540104985 163.67012807633728 64.757215881720185 25.898481852374971 18.334383506327868 29.973400573246181 62.676398706622422 66.332593027502298 25.916062735021114 73.127657604403794 305.5413180468604
leaf_count=12545 2146 407 1311 262 272 8707 5604 1172 190 285 2842 306 437 234 375 319 316 445 8850 270 1000 360 276 211 229 414 424 226 491 2876
internal_value=0.000292119 -0.000213265 0.00325017 0.0146707 0.00339682 -0.00171902 -0.0032198 0.00201744 0.00171808 0.0024445 0.00162593 -0.00324272 0.00531431 0.00900746 0.00626901 0.009192 0.0218934 -0.00467816 -0.00198487 -0.00800259 -0.000657575 0.00113663 0.0204839 0.0401634 -0.000144305 0.0116429 0.0206725 0.0355235 -0.00650509 -0.00395409
internal_weight=7042.59 6904.71 2091.9 246.425 161.425 4812.81 3433.75 1379.06 1845.47 1771.44 1695.95 731.068 964.886 704.577 638.107 522.742 125.21 260.309 2821.45 508.945 2312.51 1770.17 108.99 44.2329 1661.18 184.898 122.222 55.8895 542.339 469.211
internal_count=53802 51656 8001 941 534 43655 33776 9879 7060 6870 6585 3148 3437 2555 2321 1946 635 882 28172 9120 19052 14685 847 487 13838 1293 879 455 4367 3876
cat_boundaries=0 1
cat_threshold=2
is_linear=0
shrinkage=0.03


Tree=104
num_leaves=31
num_cat=1
split_feature=40 4 17 41 49 3 29 3 4 40 47 47 45 28 19 40 9 28 3 28 29 3 3 3 5 38 37 38 44 19
split_gain=86.2666 37.0783 36.0207 29.9358 91.4354 74.6551 33.9263 33.2389 33.1438 56.9955 38.0909 89.4729 32.3439 30.8655 28.685 55.4872 49.312 45.1252 44.2702 30.5095 57.8677 36.0357 51.831 61.4531 41.3749 30.0632 35.5695 30.2128 28.3173 28.1821
threshold=29.500000000000004 8.5000000000000018 170.50000000000003 41.500000000000007 0 1.5000000000000002 794.50000000000011 74.500000000000014 1.5000000000000002 1.5000000000000002 53.500000000000007 49.500000000000007 69.549999237060561 407.00000000000006 5.2833335399627694 4.5000000000000009 9.5000000000000018 260.50000000000006 63.500000000000007 141.50000000000003 109.50000000000001 10.500000000000002 40.500000000000007 26.500000000000004 10.500000000000002 8.2142858505249041 8.5000000000000018 1.6428571343421938 2.2500000000000004 37.266666412353523
decision_type=2 2 2 2 1 2 2 2 2 2 2 2 2 2 2 2 2 2 2 2 2 2 2 2 2 2 2 2 2 2
left_child=1 2 3 4 6 12 8 -7 13 -10 11 14 -5 29 15 19 -17 25 -19 20 21 -11 23 24 -23 27 -27 -16 -24 -1
right_child=-2 -3 -4 5 -6 7 -8 -9 9 10 -12 -13 -14 -15 17 16 -18 18 -20 -21 -22 22 28 -25 -26 26 -28 -29 -30 -31
leaf_value=0.0045197513947083162 0.028460717072899228 0.023193604611547559 0.028572080207053076 0.00092737409025962835 -0.021254652098651208 -0.010336301917266963 -0.014293794428810524 0.0365938965540911 -0.013324730726684091 -0.004638653872412097 -0.01177327342005287 0.036868695287189668 0.021380107428360263 0.031728857409104597 -0.0036473198298249401 0.0081546261830501461 0.038765796254676611 0.031272582080443243 -0.0027620538364345401 -0.0115580498837509 0.032890012901020921 0.0036375091863228835 -0.013040781702956122 0.041239836165338009 0.032722010810346314 -0.014643612402909329 0.01538148702328669 -0.01961579752956168 0.013300787848873489 -0.019317274461070864
leaf_weight=1869.0252120774239 93.212963923811913 58.22990832105279 36.769268565811217 600.03468787390739 170.06813967786729 954.37215185025707 125.44060507044196 12.822249236050991 283.64374265819788 555.89063866250217 199.45350844599307 62.876168480142951 77.732637624256313 35.722076956182718 207.30708829686046 182.06781583279371 63.400449529290199 56.684586178511381 84.837673041969538 159.37874772027135 52.4164008051157 355.27551259845495 155.66634168848395 53.436067376285791 49.307366192340851 56.969529153779149 90.759196065366268 219.81738436035812 47.093044737353921 44.759163219481707
leaf_count=10671 1644 347 191 6671 2581 16174 475 190 2432 2657 817 268 669 137 1217 560 233 199 309 431 221 1486 721 266 181 178 460 755 257 202
internal_value=-5.28727e-05 -0.000440939 -0.000644818 -0.000806355 0.000313242 -0.00433091 0.00104929 -0.00967699 0.00144607 -0.000567407 0.000801227 0.00182796 0.00330113 0.00447743 0.000891198 0.00304074 0.0161862 -0.00412881 0.0109938 0.000772072 0.00232844 0.000985858 0.00571743 0.0113003 0.00725404 -0.00786444 0.00378212 -0.011892 -0.00688742 0.00395246
internal_weight=7014.47 6921.26 6863.03 6826.26 5181.3 1644.96 5011.23 967.194 4885.79 2936.28 2652.64 2453.18 677.767 1949.51 2390.31 1673.93 245.468 716.375 141.522 1428.46 1269.09 1216.67 660.778 458.019 404.583 574.853 147.729 427.124 202.759 1913.78
internal_count=53600 51956 51609 51418 27714 23704 25133 16364 24658 13648 11216 10399 7340 11010 10131 7013 793 3118 508 6220 5789 5568 2911 1933 1667 2610 638 1972 978 10873
cat_boundaries=0 1
cat_threshold=2
is_linear=0
shrinkage=0.03


Tree=105
num_leaves=31
num_cat=2
split_feature=40 5 41 15 6 48 45 45 44 47 22 49 19 41 6 22 19 30 45 5 30 41 3 45 19 41 3 3 47 47
split_gain=65.7555 43.6698 36.7229 36.0114 35.3571 28.364 54.6582 26.52 29.1857 37.4626 24.3344 25.9233 23.2242 28.5503 43.7375 42.6398 23.042 46.2832 43.2314 23.2092 20.0548 22.091 19.264 43.7187 42.0079 35.9752 40.2231 51.8172 30.4176 32.7279
threshold=26.500000000000004 17.500000000000004 78.500000000000014 931.00000000000011 82.500000000000014 0 49.95000076293946 51.750000000000007 4.0499999523162851 7.5000000000000009 20.500000000000004 1 0.15000000596046451 60.500000000000007 60.500000000000007 23.500000000000004 0.18333333730697635 1473.5000000000002 4.1499998569488534 4.5000000000000009 4.5000000000000009 46.500000000000007 4.5000000000000009 -1.1546319456101626e-14 0.61666667461395275 23.500000000000004 15.500000000000002 39.500000000000007 53.500000000000007 49.500000000000007
decision_type=2 2 2 2 2 1 2 2 2 2 2 1 2 2 2 2 2 2 2 2 2 2 2 2 2 2 2 2 2 2
left_child=1 2 5 -2 -4 6 -1 8 10 -10 -6 -12 13 20 -15 -16 17 18 -14 -20 21 -7 23 -18 25 26 -24 -28 29 -26
right_child=3 -3 4 -5 7 12 -8 -9 9 -11 11 -13 16 14 15 -17 22 -19 19 -21 -22 -23 24 -25 28 -27 27 -29 -30 -31
leaf_value=0.045852483135896217 0.025613197741129124 0.02574551768358618 -0.012358976632283735 -0.022655839534747362 -0.013556783036154161 -0.023642646537209322 -0.0050927436627974587 0.013743728600477899 0.046417255521524765 -0.010242059613375524 -0.0026614008676266558 0.035180990648222853 0.00065105684475228614 -0.021950892802072342 0.046231450022144155 0.0048405322839253102 0.01982814429433034 -0.01502355477156452 0.051770684975851182 0.01617550679657153 -0.0045101987136128554 -0.0020062054286318527 0.0069460481846977751 -0.0047464378106119084 -6.9964203696474438e-05 -0.0025319781321646658 0.053809634677168559 0.013393499961096924 -0.011020372022018853 0.018825056868899685
leaf_weight=35.266713396646082 121.33727949112654 54.458914700895548 465.44586233329028 14.916999269276856 202.9969332581386 122.84518915787339 39.32842368632555 91.592579985037446 20.923258239403367 19.58868046849966 97.867821322754025 18.519326813519001 54.624239968135953 37.122800068929791 28.597792716696858 93.307276990264654 68.198892129585147 43.598480733111501 37.994129844941199 30.785664245486259 441.30360335297883 64.938326988369226 284.87681219168007 1118.8351344130933 2787.7299522710964 188.4641383998096 42.660442735999823 85.353423798456788 221.67596212681383 84.018048035912216
leaf_count=190 1962 379 11141 185 2397 1892 270 700 195 217 1207 163 400 422 313 869 445 212 266 189 3766 660 1390 7010 12983 1884 220 404 1074 345
internal_value=-0.000358562 -0.000768458 -0.000983653 0.0202022 -0.00656631 -0.000116766 0.0170283 -0.000580447 -0.00425389 0.0194341 -0.00730985 0.00360842 -0.000367296 -0.0051541 0.00617403 0.0148476 0.000380064 0.0113039 0.0206514 0.0362985 -0.008023 -0.0162107 4.13005e-06 -0.00331905 0.00107239 0.00832055 0.0132683 0.0271748 -0.000338872 0.000489203
internal_weight=7019.17 6882.92 6828.46 136.254 916.934 5911.53 74.5951 451.489 359.896 40.5119 319.384 116.387 5836.93 788.115 159.028 121.905 5048.82 167.003 123.404 68.7798 629.087 187.784 4881.81 1187.03 3694.78 601.355 412.891 128.014 3093.42 2871.75
internal_count=53750 51603 51224 2147 16020 35204 460 4879 4179 412 3767 1370 34744 7922 1604 1182 26822 1067 855 455 6318 2552 25755 7455 18300 3898 2014 624 14402 13328
cat_boundaries=0 1 2
cat_threshold=32 2
is_linear=0
shrinkage=0.03


end of trees

feature_importances:
faults_90=267
node_power_7=259
wx_thaw_3=240
days_since_alarm=225
node_power_1=190
node_faults_7=166
fault_days_90=164
alarm_days_30=160
unknown_30=146
wx_snow_depth=137
alarms_30=106
days_since_fault=105
readings_mean_30=99
power_30=80
node_faults_1=78
faults_30=73
alarms_7=73
fault_days_30=72
sensor_type=62
wx_precip_3=60
wx_precip_next=54
events_mean_7=43
wx_precip_1=42
days_since_msg=40
events_1=38
events_ratio=32
silent_days_7=28
power_7=26
wx_melt_3=21
readings_mean_7=19
readings_ratio=19
faults_7=17
readings_1=16
unknown_7=15
faults_1=4
last_state=4

parameters:
[boosting: gbdt]
[objective: binary]
[metric: average_precision]
[tree_learner: serial]
[device_type: cpu]
[data_sample_strategy: bagging]
[data: ]
[valid: ]
[num_iterations: 2000]
[learning_rate: 0.03]
[num_leaves: 31]
[num_threads: 4]
[seed: 42]
[deterministic: 0]
[force_col_wise: 0]
[force_row_wise: 0]
[histogram_pool_size: -1]
[max_depth: -1]
[min_data_in_leaf: 200]
[min_sum_hessian_in_leaf: 0.001]
[bagging_fraction: 0.8]
[pos_bagging_fraction: 1]
[neg_bagging_fraction: 1]
[bagging_freq: 1]
[bagging_seed: 400]
[bagging_by_query: 0]
[feature_fraction: 0.8]
[feature_fraction_bynode: 1]
[feature_fraction_seed: 30056]
[extra_trees: 0]
[extra_seed: 12879]
[early_stopping_round: 0]
[early_stopping_min_delta: 0]
[first_metric_only: 0]
[max_delta_step: 0]
[lambda_l1: 0]
[lambda_l2: 1]
[linear_lambda: 0]
[min_gain_to_split: 0]
[drop_rate: 0.1]
[max_drop: 50]
[skip_drop: 0.5]
[xgboost_dart_mode: 0]
[uniform_drop: 0]
[drop_seed: 17869]
[top_rate: 0.2]
[other_rate: 0.1]
[min_data_per_group: 100]
[max_cat_threshold: 32]
[cat_l2: 10]
[cat_smooth: 10]
[max_cat_to_onehot: 4]
[top_k: 20]
[monotone_constraints: ]
[monotone_constraints_method: basic]
[monotone_penalty: 0]
[feature_contri: ]
[forcedsplits_filename: ]
[refit_decay_rate: 0.9]
[cegb_tradeoff: 1]
[cegb_penalty_split: 0]
[cegb_penalty_feature_lazy: ]
[cegb_penalty_feature_coupled: ]
[path_smooth: 0]
[interaction_constraints: ]
[verbosity: -1]
[saved_feature_importance_type: 0]
[use_quantized_grad: 0]
[num_grad_quant_bins: 4]
[quant_train_renew_leaf: 0]
[stochastic_rounding: 1]
[linear_tree: 0]
[max_bin: 255]
[max_bin_by_feature: ]
[min_data_in_bin: 3]
[bin_construct_sample_cnt: 200000]
[data_random_seed: 175]
[is_enable_sparse: 1]
[enable_bundle: 1]
[use_missing: 1]
[zero_as_missing: 0]
[feature_pre_filter: 1]
[pre_partition: 0]
[two_round: 0]
[header: 0]
[label_column: ]
[weight_column: ]
[group_column: ]
[ignore_column: ]
[categorical_feature: 48,49]
[forcedbins_filename: ]
[precise_float_parser: 0]
[parser_config_file: ]
[objective_seed: 16083]
[num_class: 1]
[is_unbalance: 0]
[scale_pos_weight: 1]
[sigmoid: 1]
[boost_from_average: 1]
[reg_sqrt: 0]
[alpha: 0.9]
[fair_c: 1]
[poisson_max_delta_step: 0.7]
[tweedie_variance_power: 1.5]
[lambdarank_truncation_level: 30]
[lambdarank_norm: 1]
[label_gain: ]
[lambdarank_position_bias_regularization: 0]
[eval_at: ]
[multi_error_top_k: 1]
[auc_mu_weights: ]
[num_machines: 1]
[local_listen_port: 12400]
[time_out: 120]
[machine_list_filename: ]
[machines: ]
[gpu_platform_id: -1]
[gpu_device_id: -1]
[gpu_device_id_list: ]
[gpu_use_dp: 0]
[num_gpu: 1]

end of parameters

pandas_categorical:null
