tree
version=v4
num_class=1
num_tree_per_iteration=1
label_index=0
max_feature_idx=32
objective=binary sigmoid:1
feature_names=faults_1 faults_7 faults_30 faults_90 fault_days_30 fault_days_90 days_since_fault power_1 power_7 power_30 unknown_7 unknown_30 invalid_7 invalid_30 alarms_7 alarms_30 warnings_7 readings_1 readings_mean_7 readings_mean_30 readings_ratio silent_days_7 days_since_msg num_avg_1 num_delta_7 num_std_7 num_range_1 node_faults_1 node_faults_7 node_power_1 node_power_7 last_state sensor_type
feature_infos=[0:3994] [0:6549] [0:23577] [0:23836] [0:30] [0:90] [0:999] [0:100] [0:159] [0:599] [0:9459] [0:12878] [0:6549] [0:23577] [0:44310] [0:44373] none [0:27093] [0:12678.857421875] [0:5125.7333984375] [0:28.807338714599609] [0:7] [0:999] [-4:53] [-8.9333333969116211:11.844444274902344] [0:12.162236213684082] [0:80] [0:12983] [0:26195] [0:7864] [0:27600] -1:0:7:5:2:6 -1:3:16:8:2:10:5:12:1:13:18:7:14:6:9:15:11:17
tree_sizes=3373 3416 3427 3426 3441 3451 3471 3494 3484 3485 3494 3473 3490 3494 3545 3503 3503 3480 3501 3510 3513 3482 3506 3505 3519 3502 3493 3517 3480 3499 3501 3518 3514 3502 3516 3485 3505 3498 3498 3523 3516 3527 3508 3531 3572 3500 3526 3506 3518 3509 3539 3520 3516 3533 3496 3522 3533 3512 3497 3520 3520 3517 3516 3532 3507 3519 3535 3539 3541 3526 3561 3557 3544 3522 3549 3553 3518

Tree=0
num_leaves=31
num_cat=5
split_feature=5 6 5 1 19 32 32 27 5 6 32 28 17 2 27 1 5 18 28 28 27 27 6 19 28 32 6 5 27 32
split_gain=310339 101139 39517.3 33057.2 32070 26562.4 23611.5 17692 13343.2 12224.9 10079.1 9435.3 7129.88 4725.99 4266.27 3996.93 3569.43 3364.78 2774.03 2295.57 2044.6 2034.77 1971.96 1751.95 1744.16 1684.14 1589.91 1556.75 1334.64 958.932
threshold=2.5000000000000004 1.5000000000000002 8.5000000000000018 1.5000000000000002 4.9500000476837167 0 1 2.5000000000000004 13.500000000000002 544.50000000000011 2 43.500000000000007 4.5000000000000009 6.5000000000000009 9.5000000000000018 4.5000000000000009 4.5000000000000009 0.6428571641445161 92.500000000000014 1.0000000180025095e-35 2.5000000000000004 151.50000000000003 27.500000000000004 0.28333334624767309 31.500000000000004 3 13.500000000000002 6.5000000000000009 14.500000000000002 4
decision_type=2 2 2 2 2 9 9 2 2 2 9 2 2 2 2 2 2 2 2 2 2 2 2 2 2 9 2 2 2 9
left_child=3 4 5 6 12 -3 19 -5 17 10 20 16 18 28 29 -14 -7 -4 27 -1 -8 -11 -22 -21 -19 -23 -18 -2 -13 -12
right_child=1 2 8 7 -6 11 9 -9 -10 21 14 13 15 -15 -16 -17 26 24 -20 23 22 25 -24 -25 -26 -27 -28 -29 -30 -31
leaf_value=-5.3999370596705472 -5.1580631636728995 -5.5927462771855181 -5.1717343357681802 -5.3568181864194404 -3.5264821546161733 -5.3747496062031068 -5.4760525046956641 -4.5414537274125442 -4.3434755247776033 -5.6253412445830389 -5.5417625842811571 -5.2217113981385896 -4.6851145924458963 -4.8205156944526051 -5.3584424107732529 -4.1463128404426222 -5.1852039261127478 -5.0204709355261654 -4.6329984669088597 -5.0477378283719503 -5.1805515220027782 -5.4069415759566279 -5.4302323485893051 -5.3079193713513808 -4.6574239653970002 -5.6221591063470573 -5.3112100903038089 -4.8483360006933447 -5.0262914479265994 -5.6027767880803045
leaf_weight=116.32418167311698 40.585967374965549 317.30213580932468 63.531604696065187 80.750005164183676 22.839237407781184 504.41144356224686 424.74744899570942 33.596610178239644 35.966754301451147 37958.816761079244 251.12154617998749 155.50493961200118 48.309115062467754 42.589216079562902 69.332220801152289 24.002295861020684 178.98257520329207 35.387059752829373 27.388740320689976 40.692367008887231 45.26388352829963 59.565465672872961 80.907770216464996 65.292702596634626 28.008793519809842 63.949865618720651 212.79565396811813 31.138411174528301 46.063715419732034 2004.5659566586837
leaf_count=2443 1178 4707 1807 1810 1893 10982 7878 1651 1990 523596 4149 4159 2138 1701 1550 1504 4987 1187 1266 1324 1277 1301 1624 1568 1277 881 5072 1224 1531 29083
internal_value=-5.60043 -5.21658 -5.29453 -5.61731 -4.57124 -5.34441 -5.61873 -5.11015 -4.85246 -5.62044 -5.56081 -5.27827 -4.72166 -5.10977 -5.58859 -4.48887 -5.32108 -5.00538 -4.90091 -5.31773 -5.44682 -5.62494 -5.33806 -5.20379 -4.84792 -5.50385 -5.25273 -5.0151 -5.17444 -5.59571
internal_weight=43109.7 1814.81 1620.54 41294.9 194.264 1457.65 41180.6 114.347 162.894 40958.3 2875.94 1140.35 171.425 244.158 2325.02 72.3114 896.19 126.927 99.1131 222.309 550.919 38082.3 126.172 105.985 63.3959 123.515 391.778 71.7244 201.569 2255.69
internal_count=628738 48603 39400 580135 9203 33139 576674 3461 6261 571339 45561 28432 7310 7391 34782 3642 21041 4271 3668 5335 10779 525778 2901 2892 2464 2182 10059 2402 5690 33232
cat_boundaries=0 1 2 3 4 5
cat_threshold=140 49152 73728 139434 96
is_linear=0
shrinkage=1


Tree=1
num_leaves=31
num_cat=5
split_feature=5 32 3 6 27 27 5 11 32 29 32 28 3 6 4 27 32 19 20 6 28 3 22 28 6 3 3 32 27 22
split_gain=201946 27919.9 16289.6 10258.5 8122.29 7999.13 7246.13 6548.52 6262.69 3709.99 3453.83 2785.73 3164.67 2488.43 2271.86 1955.09 1737.23 1726.65 1623.72 1443.14 1415.83 1072.24 1009 1721.03 872.923 867.106 1322.24 816.483 1380.99 1389.43
threshold=1.5000000000000002 0 73.500000000000014 544.50000000000011 8.5000000000000018 38.500000000000007 6.5000000000000009 1.0000000180025095e-35 1 55.500000000000007 2 32.500000000000007 50.500000000000007 15.500000000000002 4.5000000000000009 151.50000000000003 3 1.9499999880790713 2.188970804214478 14.500000000000002 145.50000000000003 16.500000000000004 57.500000000000007 1.5000000000000002 5.5000000000000009 47.500000000000007 16.500000000000004 4 1.0000000180025095e-35 59.500000000000007
decision_type=2 9 2 2 2 2 2 2 9 2 9 2 2 2 2 2 9 2 2 2 2 2 2 2 2 2 2 9 2 2
left_child=3 2 6 5 24 8 9 -4 19 13 -5 14 17 18 25 27 -17 21 -2 -1 -19 -13 -10 -24 -3 26 -8 28 -12 -30
right_child=1 4 7 10 -6 -7 11 -9 22 -11 15 12 -14 -15 -16 16 -18 20 -20 -21 -22 -23 23 -25 -26 -27 -28 -29 29 -31
leaf_value=0.23330057278552976 0.21958048760799626 0.098712535444635027 0.39929418967806135 0.15631993471274486 0.34914202539177647 0.35546557638884824 0.2024966713041782 0.96292711647051332 -0.00047614511826314356 0.32394307537425526 -0.023076196348721066 0.46454846430429264 0.22613832381120702 0.16260355795820275 0.39826280310544893 0.18953004592871295 -0.020973790834458172 0.63875776799708128 0.3619354459504025 0.10138375577510779 0.39330445248573637 0.29257724334478585 -0.015500451162732224 0.19419950745729883 -0.0076594599224593506 0.12609876071615861 0.3376682131132912 -0.028261377788974036 -0.0018366556222831349 0.12924241830646804
leaf_weight=92.144332887139171 857.60879394062795 78.374633975792676 40.614558215485886 84.89435035828501 67.704579127253965 68.619335781782866 184.2420877837576 37.442285071592778 1854.4073282347526 237.48368388321251 12034.061386261601 63.575410297140479 89.149070847313851 939.87751666246913 96.28568055620417 61.79953249823302 71.210679279640317 58.002446722704917 80.9026504594367 399.09897321136668 45.092234357725829 86.630388609133661 74.981786316493526 65.203040237072855 553.51909272652119 61.365076353773475 108.0303015736863 22780.642624014989 2169.0334315570071 74.306336674140766
leaf_count=1710 14663 1172 796 1416 1286 1437 2875 1373 26569 4361 170778 1477 1124 15908 1827 1191 982 1553 1473 6233 822 1459 1058 1350 7904 758 2139 319538 32240 1417
internal_value=-0.000202018 0.212213 0.251837 -0.0198637 0.0388062 0.0382855 0.241024 0.678418 0.0293906 0.211832 -0.0238495 0.31861 0.383869 0.197494 0.268197 -0.0243004 0.0900934 0.438275 0.232224 0.124032 0.536209 0.367956 0.00538265 0.0827203 0.00566913 0.231761 0.25344 -0.02472 -0.0190348 0.00256074
internal_weight=43516.3 3685.9 2986.3 39830.4 699.598 2554.45 2908.25 78.0568 2485.84 2115.87 37275.9 792.373 342.45 1878.39 449.923 37191.1 133.01 253.3 938.511 491.243 103.095 150.206 1994.59 140.185 631.894 353.637 292.272 37058 14277.4 2243.34
internal_count=628889 62970 52608 565919 10362 38357 50439 2169 36920 36405 527562 14034 6435 32044 7599 526146 2173 5311 16136 7943 2375 2936 28977 2408 9076 5772 5014 523973 204435 33657
cat_boundaries=0 1 2 3 4 5
cat_threshold=122978 122880 49152 8202 8296
is_linear=0
shrinkage=0.03


Tree=2
num_leaves=31
num_cat=4
split_feature=5 32 6 4 21 32 32 29 20 2 6 6 22 11 30 20 32 3 22 30 5 20 22 21 3 4 9 9 5 30
split_gain=155006 14995.8 9336.46 7004.26 5967.68 4793.03 2759.65 2724.69 2383.4 2280.54 2041.9 1660.08 1113.9 1090.47 2237.43 1059.89 977.002 910.061 907.923 832.319 742.403 659.782 672.962 638.081 598.399 1201.57 1359.72 566.317 1608.44 418.564
threshold=1.5000000000000002 0 544.50000000000011 7.5000000000000009 3.5000000000000004 1 2 35.500000000000007 1.7654324173927309 25.500000000000004 13.500000000000002 7.5000000000000009 54.500000000000007 1.0000000180025095e-35 342.50000000000006 2.5019537210464482 3 7.5000000000000009 2.5000000000000004 111.50000000000001 4.5000000000000009 1.6984578371047976 75.500000000000014 2.5000000000000004 24.500000000000004 2.5000000000000004 22.500000000000004 20.500000000000004 5.5000000000000009 266.50000000000006
decision_type=2 9 2 2 2 9 9 2 2 2 2 2 2 2 2 2 9 2 2 2 2 2 2 2 2 2 2 2 2 2
left_child=2 3 5 7 -3 11 -4 10 12 -5 15 -1 -7 14 17 20 21 -9 -6 -12 -2 22 -8 -23 -22 -26 -27 28 29 -15
right_child=1 4 6 9 18 8 16 13 -10 -11 19 -13 -14 27 -16 -17 -18 -19 -20 -21 24 23 -24 -25 25 26 -28 -29 -30 -31
leaf_value=0.23477960189391833 0.15426018341477341 0.28809935824016908 0.12615141990767009 0.27834406596857986 0.077683670362469939 -0.0014656102766967475 -0.020347125623513887 0.16933920656331747 0.15556402948786868 0.53720214673696887 0.11820465032419614 0.090274369324101808 0.077228198297764034 0.12575891676560261 0.38024972736978968 0.28612361506041484 -0.028130283327620256 0.26326508462159365 -0.009601574714543256 0.17059627911037051 0.18246989407650382 0.10267671163467521 0.018594188170378955 0.0027270181551577494 0.13576786130807428 0.35012729408799476 0.188342723032207 0.1167714618743254 0.29705223641135509 0.2130840517251075
leaf_weight=83.219715378712863 552.93608675012365 75.865513024153188 99.740673498250544 68.427113378420472 134.39268964668736 1814.7190355095081 13220.528221352957 173.94172826269642 99.120348576689139 62.098634016234428 787.72580263810232 501.96206939266995 176.73802940105088 142.63014930998906 105.11239345418289 97.23507690243423 22228.49170853477 224.17227577837184 515.26554115116596 432.45022851554677 631.40229253983125 66.326368778478354 411.10237342910841 393.67955327662639 79.150898893363774 106.66142534604296 91.205970852635801 82.936706525739282 117.25520222168416 82.191241657827049
leaf_count=1308 7476 1308 1409 871 1789 25823 192213 2324 1521 1230 10814 7000 2834 1743 1834 1353 320608 3291 7249 6427 7929 1197 6422 5868 831 1714 957 644 1763 1106
internal_value=-0.000462947 0.164978 -0.0197762 0.188452 0.0376169 0.0343019 -0.0237502 0.181241 0.0126764 0.404646 0.166227 0.109325 0.00555357 0.225962 0.256341 0.189085 -0.0241933 0.222755 0.00854648 0.136898 0.182437 -0.017966 -0.0191715 0.0173298 0.199399 0.237191 0.276876 0.189475 0.20671 0.158486
internal_weight=43658.7 4563.06 39095.6 3837.53 725.524 2675.76 36419.9 3707.01 2090.58 130.526 2778.77 585.182 1991.46 928.24 503.226 1558.59 36320.1 398.114 649.658 1220.18 1461.36 14091.6 13631.6 460.006 908.421 277.018 197.867 425.013 342.077 224.821
internal_count=628856 62653 566203 52307 10346 38486 527717 50206 30178 2101 37501 8308 28657 12705 7449 20260 526308 5615 9038 17241 18907 205700 198635 7065 11431 3502 2671 5256 4612 2849
cat_boundaries=0 1 2 3 4
cat_threshold=122978 122880 49152 8296
is_linear=0
shrinkage=0.03


Tree=3
num_leaves=31
num_cat=6
split_feature=5 32 6 27 27 32 4 32 28 30 27 30 5 32 5 22 28 32 27 22 2 6 10 2 32 6 10 9 3 21
split_gain=125920 9854.39 9184.22 5472.37 5321.88 4156.59 3224.09 2726.26 1880.33 2220.67 1703.02 1448.74 1273.69 1273.27 1063.16 879.124 1560.35 839.285 1341.6 1132.16 724.139 697.462 683.256 586.127 608.573 570.085 707.114 620.858 542.143 809.162
threshold=1.5000000000000002 0 544.50000000000011 28.500000000000004 57.500000000000007 1 7.5000000000000009 2 96.500000000000014 326.50000000000006 151.50000000000003 534.50000000000011 4.5000000000000009 3 3.5000000000000004 54.500000000000007 7.5000000000000009 4 1.0000000180025095e-35 57.500000000000007 26.500000000000004 3.5000000000000004 3.5000000000000004 12.500000000000002 5 35.500000000000007 1.0000000180025095e-35 1.5000000000000002 10.500000000000002 1.5000000000000002
decision_type=2 9 2 2 2 9 2 9 2 2 2 2 2 9 2 2 2 9 2 2 2 2 2 2 9 2 2 2 2 2
left_child=2 6 4 21 5 -1 8 -4 9 12 17 14 23 -12 -10 -7 -17 18 -9 -20 -8 -3 28 24 25 26 27 -2 -14 -30
right_child=1 3 7 -5 -6 15 20 10 11 -11 13 -13 22 -15 -16 16 -18 -19 19 -21 -22 -23 -24 -25 -26 -27 -28 -29 29 -31
leaf_value=0.092437314743798377 0.17642557415277435 0.086411798587003708 0.12081860111338909 0.25705764445418294 0.28073870276419233 -0.0011913904954348399 0.21152298279542028 -0.022760321883937566 0.15978917212199129 0.28342691799849934 0.15481237794926708 0.14414195325427989 0.13317695549985761 -0.020089470301899556 0.26741945932793271 0.00059906499442252095 0.17677003866148827 -0.028225174051011943 -0.0018742392442301938 0.10190019498599362 0.33797820866312062 -0.006560020650921883 0.071987059443523641 0.038625569653254359 0.090663323520539268 0.10107786854352054 0.22847123210207973 0.11659603319436147 0.23527001549144363 0.15884309675112449
leaf_weight=635.62421082751825 262.20991072570905 81.773743904661387 106.81179645005614 86.49944846238941 74.992430028971285 1861.7897315542214 89.484637392684817 11568.489439988509 131.16589155467227 92.496557107195258 72.859346227254719 321.64809178188443 613.86699303798378 69.969498038524762 255.3820062414743 122.04229276115075 70.914413397200406 21501.999299468938 2101.9400326439645 98.07590321241878 90.585523270070553 591.2282062259037 93.103081376757473 84.072172575164586 649.73291250970215 292.88693236000836 94.88124106451869 417.342170804739 148.12395041435957 986.73783625429496
leaf_count=8068 3689 909 1367 1110 1140 26442 884 171067 1467 1396 1166 2772 6816 1005 3328 1628 1219 318921 31787 1642 1155 8324 697 647 7647 3522 1410 4749 1820 10529
internal_value=-0.00041036 0.135432 -0.0195138 0.0334328 0.0331384 0.026135 0.151775 -0.0236138 0.146995 0.138408 -0.0240801 0.192031 0.134649 0.0789538 0.231404 0.0051152 0.0659221 -0.0245064 -0.0186633 0.00279618 0.276652 0.00484806 0.152287 0.116538 0.120328 0.136161 0.151038 0.139907 0.156519 0.169017
internal_weight=43668.7 5383.22 38285.5 759.501 2765.36 2690.37 4623.72 35520.1 4443.65 3735.45 35413.3 708.196 3642.96 142.829 386.548 2054.75 192.957 35270.5 13768.5 2200.02 180.07 673.002 1841.83 1801.13 1717.05 1067.32 774.433 679.552 1748.73 1134.86
internal_count=628323 62871 565452 10343 38497 37357 52528 526955 50489 42922 525588 7567 41526 2171 4795 29289 2847 523417 204496 33429 2039 9233 19862 21664 21017 13370 9848 8438 19165 12349
cat_boundaries=0 1 2 3 4 5 6
cat_threshold=122978 122880 49152 10 8296 57344
is_linear=0
shrinkage=0.03


Tree=4
num_leaves=31
num_cat=5
split_feature=3 32 27 6 32 32 19 22 4 27 22 29 21 3 32 27 22 9 3 15 19 27 15 32 3 19 6 6 6 3
split_gain=102761 11708.1 7255.07 5170.32 2593.7 2434.36 2155.48 1762.8 1534.91 1492.95 1237.57 1148.89 969.93 957.485 842.15 1337.21 1005.46 839.165 1060.47 820.555 798.603 755.326 647.003 640.79 581.457 700.202 578.031 526.435 452.906 436.897
threshold=1.5000000000000002 0 267.50000000000006 544.50000000000011 1 2 17.016666412353519 2.5000000000000004 3.5000000000000004 151.50000000000003 54.500000000000007 38.500000000000007 3.5000000000000004 35.500000000000007 3 1.0000000180025095e-35 57.500000000000007 18.500000000000004 27.500000000000004 1.0000000180025095e-35 4.3500001430511483 11.500000000000002 1.0000000180025095e-35 4 3.5000000000000004 4.2833335399627694 3.5000000000000004 36.500000000000007 47.500000000000007 14.500000000000002
decision_type=2 9 2 2 9 9 2 2 2 2 2 2 2 2 9 2 2 2 2 2 2 2 2 9 2 2 2 2 2 2
left_child=3 2 7 4 27 -5 8 19 11 14 21 24 13 20 15 -7 -17 18 29 26 -10 -6 -11 -9 28 -26 -2 -1 -3 -14
right_child=1 6 -4 5 10 9 -8 23 12 22 -12 -13 17 -15 -16 16 -18 -19 -20 -21 -22 -23 -24 -25 25 -27 -28 -29 -30 -31
leaf_value=0.11530961011352042 0.16831132022551828 0.09723062056320815 0.29455338263252079 0.10475737518209047 -0.011049761755871843 -0.022604041509610335 0.26092396853278332 0.049160364870271936 0.20384361209680105 0.12767232656721433 0.093811529335500451 0.14294848543771776 0.17458169986454819 0.25760484907158815 -0.028100949462633754 -0.0016526128889788249 0.092589464192759943 0.093125188759398972 0.23689075773965204 0.031093860081967812 0.099796211711512317 0.087670049022278387 0.0052968099929586046 -0.0078527503609340816 0.11881465530171453 0.067236769888645326 0.071908321103802672 0.056517583668113228 0.045005697668947561 0.10180419297522528
leaf_weight=242.9116198499687 92.234469017479569 516.51955531095155 91.737754575908184 122.58811214566231 1140.0570457633585 11306.927604294615 104.50863863527775 204.87114927172661 154.20972083276138 79.796778985066339 124.85300179081969 994.7127809911035 126.02318685594946 134.85239691287279 20930.928590179421 2103.4992227614857 106.07105695130304 291.7497620661743 117.38243624242023 241.39949307590723 122.25481706624851 73.298556321766227 75.12827152851969 986.23412024462596 2099.9376705479808 272.09224333195016 147.42337583377957 322.22905556997284 214.03323257854208 197.44623121246696
leaf_count=3198 982 5676 1152 1395 16208 171021 1288 2214 1641 1395 1858 9790 1349 1409 319322 31883 1616 1784 1262 2472 800 803 781 13851 21944 2083 1989 3888 2238 1412
internal_value=-0.000511519 0.103854 0.0360583 -0.0207713 0.0273612 -0.0234103 0.12591 0.0219248 0.123409 -0.0238907 0.00423345 0.114759 0.154264 0.191443 -0.0243163 -0.0184195 0.00291134 0.133158 0.15938 0.0703286 0.158359 -0.00501884 0.068743 0.00233308 0.105678 0.112929 0.109555 0.0805246 0.0820125 0.130609
internal_weight=43737.9 7109.62 1763.9 36628.3 1903.35 34724.9 5345.72 1672.16 5241.21 34602.4 1338.21 4097.3 1143.92 411.317 34447.4 13516.5 2209.57 732.602 440.852 481.057 276.465 1213.36 154.925 1191.11 3102.58 2372.03 239.658 565.141 730.553 323.469
internal_count=628704 75336 22660 553368 25955 527413 52676 21508 51388 526018 18869 41731 9657 3850 523842 204520 33499 5807 4023 5443 2441 17011 2176 16065 31941 24027 2971 7086 7914 2761
cat_boundaries=0 1 2 3 4 5
cat_threshold=2988 122912 49152 8296 32
is_linear=0
shrinkage=0.03


Tree=5
num_leaves=31
num_cat=5
split_feature=5 6 32 27 27 32 32 27 5 32 27 2 9 32 28 22 27 22 3 22 30 11 9 30 30 9 27 6 3 19
split_gain=89375.5 8063.73 4859.15 3594.12 3574.43 2975.4 2123.96 1393.69 1272.7 1051.01 1029.42 897.637 1223.19 833.839 1306.82 1396.32 730.232 901.031 716.718 563.547 517.465 985.281 605.044 581.247 820.744 431.296 425.83 415.814 380.336 364.561
threshold=1.5000000000000002 544.50000000000011 0 267.50000000000006 95.000000000000014 1 2 151.50000000000003 5.5000000000000009 3 70.500000000000014 32.500000000000007 23.500000000000004 4 4.5000000000000009 59.500000000000007 1.0000000180025095e-35 42.500000000000007 10.500000000000002 2.5000000000000004 303.50000000000006 1.0000000180025095e-35 13.500000000000002 83.500000000000014 201.50000000000003 44.500000000000007 1.0000000180025095e-35 20.500000000000004 15.500000000000002 0.21666666865348819
decision_type=2 2 9 2 2 9 9 2 2 9 2 2 2 9 2 2 2 2 2 2 2 2 2 2 2 2 2 2 2 2
left_child=1 4 8 19 5 27 -3 13 10 -9 -2 12 18 14 -8 26 -7 -18 -10 -4 21 22 28 -23 -25 -13 -16 -1 -20 -28
right_child=2 6 3 -5 -6 16 7 9 11 -11 -12 25 -14 -15 15 -17 17 -19 20 -21 -22 23 -24 24 -26 -27 29 -29 -30 -31
leaf_value=0.1069153335861581 0.092658420894496149 0.090337372603599947 0.046582802486731606 0.21761351550031796 0.22335573445551365 -0.0078736319208614902 -0.023617904892582541 0.12568279539111149 0.093738270012488162 -0.021992189812855441 0.18114479509302572 0.21736192082878006 0.049867642057562361 -0.028055738257948874 -0.016621143444231865 0.096770297724394841 0.013312806690561056 0.10260718823838286 0.15533187050442934 -0.0094988167336751157 0.18027642898153173 0.12301888904150063 0.051221649220868234 0.23446257888835823 0.13390294084173043 0.13594298197398985 0.018155097934460428 0.058828142373233007 0.10593150348917374 -0.011713535840634644
leaf_weight=235.98283409327269 3348.4265094562434 137.29283257760108 235.01238469034433 80.957587270997465 81.220841271802783 1443.5933458677027 10093.34477014211 87.743265561759472 520.63173773465678 77.776265481952578 122.92111035110429 127.49649037513882 218.12516133580357 20333.580598599976 1552.662165986374 123.8231277577579 544.37285838765092 124.18729709857143 198.20618366170675 508.37349968380295 201.65142908599228 226.71878294274211 142.21871058922261 161.93490745685995 143.29631022922695 123.81020860467106 883.56973344320431 533.4734642538242 546.83556472323835 628.60966799780726
leaf_count=2373 30888 1399 2369 768 931 20150 154975 1154 4228 1028 1089 1135 1026 318984 24334 1994 7392 1820 1938 7291 1765 1773 708 1898 1065 903 13974 5754 4143 9324
internal_value=-0.000608028 -0.0191561 0.0984269 0.0287196 0.0282995 0.0227261 -0.0233022 -0.0237864 0.107644 0.0628031 0.095843 0.123703 0.117853 -0.0242217 -0.0183154 -0.00158637 0.00411245 0.030028 0.124752 0.00826946 0.134649 0.128044 0.108428 0.160498 0.187844 0.177947 -0.00559036 0.0727513 0.119264 0.00573924
internal_weight=43787.8 36881.2 6906.62 824.343 2962.83 2881.61 33918.4 33781.1 6082.27 165.52 3471.35 2610.93 2359.62 33615.6 13282 3188.66 2112.15 668.56 2141.49 743.386 1620.86 1419.21 887.26 531.95 305.231 251.307 3064.84 769.456 745.042 1512.18
internal_count=628573 565586 62987 10428 38420 37489 527166 525767 52559 2182 31977 20582 18544 523585 204601 49626 29362 9212 17518 9660 13290 11525 6789 4736 2963 2038 47632 8127 6081 23298
cat_boundaries=0 1 2 3 4 5
cat_threshold=122978 122880 49152 10 8296
is_linear=0
shrinkage=0.03


Tree=6
num_leaves=31
num_cat=5
split_feature=5 3 32 27 27 32 32 27 19 10 32 28 22 5 27 15 22 30 29 28 30 3 20 19 32 8 19 5 22 28
split_gain=79452.6 7558.51 3763.68 2796.16 2477.57 2108.84 1963.92 1450.78 985.756 894.285 868.965 1306.95 1303.87 843.032 658.134 630.933 571.276 458.14 453.357 651.811 545.894 533.45 398.732 555.366 395.143 370.148 424.275 583.94 357.441 710.937
threshold=1.5000000000000002 1.0000000180025095e-35 0 5.5000000000000009 277.50000000000006 1 2 151.50000000000003 17.016666412353519 1.0000000180025095e-35 3 4.5000000000000009 59.500000000000007 5.5000000000000009 2.5000000000000004 1.0000000180025095e-35 2.5000000000000004 331.50000000000006 38.500000000000007 145.50000000000003 3.5000000000000004 17.500000000000004 1.6984578371047976 0.21666666865348819 4 3.5000000000000004 0.65000000596046459 7.5000000000000009 46.500000000000007 1.5000000000000002
decision_type=2 2 9 2 2 9 9 2 2 2 9 2 2 2 2 2 2 2 2 2 2 2 2 2 9 2 2 2 2 2
left_child=1 6 8 5 16 28 -1 10 13 -5 11 -8 22 14 -2 -9 -4 -16 20 -20 21 -15 -13 -24 -7 26 27 -22 -3 -30
right_child=2 3 4 9 -6 24 7 15 -10 -11 -12 12 -14 18 17 -17 -18 -19 19 -21 25 -23 23 -25 -26 -27 -28 -29 29 -31
leaf_value=0.080920755326844784 0.076358388729085055 -0.010107026281022103 0.046894045141232694 0.072229676399398854 0.16407861569461896 0.075877972027799598 -0.023343460455673183 0.11690660473536882 0.1745129961035416 0.17309063173610478 -0.027985324041327485 -0.0078337043762286528 0.089088496956366822 0.096434499394325732 0.093757509444149706 0.0025297460577315954 -0.0095918178010819585 0.14106979499555405 0.14608308115204402 0.082725020058455279 0.16805978867297891 0.18459542174771271 0.1039290608498868 -0.009713833394455423 0.032873760662006202 0.12153988428595383 0.078812594474084993 0.082959555385943295 -0.02179383299049055 0.069764942006463368
leaf_weight=152.78859324101359 2598.1719609224238 1444.7138379188254 235.20014214981347 280.47530393023044 104.00315209664404 394.72636675601825 9873.1531601869501 90.79506812710315 140.87294355081394 111.00310796475969 19807.833546961658 2888.8030318340752 136.63230604818091 128.28982746507972 873.07842515408993 82.427625476382673 506.31518044089898 240.20118240080774 503.9035551212728 212.75351812783629 126.75138322915882 126.96883892826736 69.279395728372037 85.793648413848132 488.64748183195479 353.42300549615175 1195.381646852009 177.79344837553799 146.75909743737429 157.21556279645301
leaf_count=1425 22580 20671 2313 2519 775 4058 155197 1397 1185 1278 319489 45041 2019 986 6863 772 7323 1848 3974 1075 1362 1022 1260 1255 5580 2371 7866 1301 1914 2043
internal_value=-0.000477284 -0.0189086 0.0882289 0.0264947 0.0273655 0.0153497 -0.0230457 -0.0235464 0.0957459 0.101197 -0.0240106 -0.0179425 -0.00123069 0.0941684 0.0847004 0.0628075 0.00836388 0.104083 0.106572 0.127415 0.0994305 0.140836 -0.00531282 0.0413971 0.0527866 0.0936549 0.0870079 0.118812 -0.00386103 0.0256338
internal_weight=43734.2 36211 7523.11 3023.54 845.518 2632.06 33187.5 33034.7 6677.59 391.478 32861.5 13053.7 3180.51 6536.72 3711.45 173.223 741.515 1113.28 2825.27 716.657 2108.61 255.259 3043.88 155.073 883.374 1853.35 1499.93 304.545 1748.69 303.975
internal_count=628762 565918 62844 38063 10411 34266 527855 526430 52433 3797 524261 204772 49575 51248 31291 2169 9636 8711 19957 5049 14908 2008 47556 2515 9638 12900 10529 2663 24628 3957
cat_boundaries=0 1 2 3 4 5
cat_threshold=122978 7566 49152 8296 57344
is_linear=0
shrinkage=0.03


Tree=7
num_leaves=31
num_cat=4
split_feature=6 32 27 32 32 27 5 32 27 22 6 22 27 27 3 19 29 6 27 11 18 27 22 20 10 27 11 21 5 30
split_gain=69350.7 9725.02 5262.71 1647.69 1482.85 1208.33 974.443 879.479 1237.72 741.183 803.622 692.659 568.738 556.167 561.856 527.203 570.879 526.266 388.354 366.658 510.602 353.669 335.888 311.857 509.004 374.695 307.516 308.755 302.206 313.386
threshold=544.50000000000011 0 146.50000000000003 1 2 151.50000000000003 2.5000000000000004 3 1.0000000180025095e-35 57.500000000000007 3.5000000000000004 57.500000000000007 294.50000000000006 1.5000000000000002 71.500000000000014 0.61666667461395275 21.500000000000004 12.500000000000002 13.500000000000002 1.5000000000000002 0.78571429848670971 6.5000000000000009 61.500000000000007 1.6984578371047976 1.5000000000000002 9.5000000000000018 1.0000000180025095e-35 4.5000000000000009 4.5000000000000009 49.500000000000007
decision_type=2 9 2 9 9 2 2 9 2 2 2 2 2 2 2 2 2 2 2 2 2 2 2 2 2 2 2 2 2 2
left_child=1 4 9 -2 13 7 -6 8 22 10 -3 23 -7 14 28 17 -17 -15 -12 26 -21 -18 -5 25 -25 -10 27 -8 29 -1
right_child=3 2 -4 5 6 12 19 -9 11 -11 18 -13 -14 15 -16 16 21 -19 -20 20 -22 -23 -24 24 -26 -27 -28 -29 -30 -31
leaf_value=0.095777275834493275 0.068815051934252844 0.04986336953185435 0.15242414130306942 -0.023478913892191956 0.03913271481743915 0.10829198875855071 0.11836601381489595 -0.027958145668653317 -0.0094741649910710327 0.05731750217299901 -0.0092865163581898526 0.069364453678392862 0.0037149057159800696 0.16389828026878719 0.13311436937892204 0.064795459888221732 0.13525178967801976 0.099835030600957372 0.057517895798468513 0.063777037684443191 0.14564394291435512 0.094663700653711394 -0.0024692881476124596 -0.0060584663819605658 0.087596698292362024 0.039905329092528842 0.043784683496037965 0.06793762075534826 0.086417248764577334 0.062825566642403977
leaf_weight=323.05552804423496 165.49272200278938 249.70091861486435 231.64410496735945 9852.4433711264282 1179.4495095009916 86.52588118147105 149.84041146375239 19256.121853089193 1719.3389847052749 211.9640656823758 2120.786574422149 130.71900870185345 100.75657019112259 207.21730351354927 176.25956315733492 510.08813788974658 246.78057713387534 278.66845686966553 80.330570326652378 130.62216695956886 149.87514887843281 1025.6213861797005 736.28252150653861 126.21312677790411 87.952673635911196 149.40679557621479 308.18682450894266 431.76763446442783 1902.9501569764689 1427.4246751507744
leaf_count=3054 1402 2298 1695 158838 10844 1185 1269 319366 26136 2738 30207 1623 995 1895 1162 3255 2071 2363 735 1019 1302 6090 12041 1788 1570 2472 1745 3082 12832 11518
internal_value=-0.000610508 0.063233 0.0155371 -0.0229536 0.0794585 -0.0234408 0.0581834 -0.0238925 -0.0177399 0.00363443 -0.00102995 0.00264654 0.0523488 0.0875369 0.0806405 0.0995251 0.0918495 0.127437 -0.00682345 0.0778301 0.107882 0.102636 -0.0220184 -0.0015718 0.0326318 -0.00550703 0.068246 0.0811104 0.0780731 0.0689581
internal_weight=43753.5 11342.2 2894.43 32411.3 8447.81 32245.8 2349.74 32058.5 12802.4 2662.78 2450.82 2213.63 187.282 6098.07 3829.69 2268.38 1782.49 485.886 2201.12 1170.29 280.497 1272.4 10588.7 2082.91 214.166 1868.75 889.795 581.608 3653.43 1750.48
internal_count=628590 101174 37673 527416 63501 526014 19261 523834 204468 35978 33240 33589 2180 44240 28566 15674 11416 4258 30942 8417 2321 8161 170879 31966 3358 28608 6096 4351 27404 14572
cat_boundaries=0 1 2 3 4
cat_threshold=122976 49152 57344 8296
is_linear=0
shrinkage=0.03


Tree=8
num_leaves=31
num_cat=6
split_feature=5 32 27 2 32 27 32 28 28 15 4 19 11 32 15 28 27 32 28 32 28 19 27 14 5 28 11 27 11 30
split_gain=62654.8 7602.7 3575.66 1566.41 1556.71 1187.06 891.322 1288.52 785.403 905.938 762.122 963.2 603.625 566.514 544.549 834.365 646.235 531.62 605.766 474.615 836.188 423.516 401.69 398.791 541.776 382.692 375.397 360.447 778.5 360.2
threshold=1.0000000180025095e-35 0 146.50000000000003 1.0000000180025095e-35 1 151.50000000000003 2 4.5000000000000009 1.0000000180025095e-35 1.0000000180025095e-35 7.5000000000000009 4.2166664600372323 17.500000000000004 3 1.0000000180025095e-35 91.500000000000014 11.500000000000002 4 83.500000000000014 5 27.500000000000004 3.5499999523162846 294.50000000000006 1.0000000180025095e-35 7.5000000000000009 6.5000000000000009 1.0000000180025095e-35 1.0000000180025095e-35 1.0000000180025095e-35 52.500000000000007
decision_type=2 9 2 2 9 2 9 2 2 2 2 2 2 9 2 2 2 9 2 9 2 2 2 2 2 2 2 2 2 2
left_child=4 3 8 13 -1 6 7 -6 -3 19 12 -12 17 29 15 16 25 -5 21 20 -10 23 -7 -19 -25 27 -23 -9 -29 -2
right_child=1 2 -4 10 5 22 -8 14 9 -11 11 -13 -14 -15 -16 -17 -18 18 -20 -21 -22 26 -24 24 -26 -27 -28 28 -30 -31
leaf_value=0.063270853364184865 0.11123051026288966 -0.019234916254060944 0.12708284769294026 0.059609805923956698 -0.02304296899811838 0.092779014850571093 -0.027881787807436192 0.0040985436145474863 0.036034792141902972 -0.0061437807822762522 0.070852458955640227 0.16959399236774675 0.032468386527585165 0.03084094495478815 -0.019895391403471942 0.11133208952885085 0.081262603780791864 0.078590306499832771 0.10420562691784373 -0.02208354957386607 0.14194560220742181 0.040041713994182326 0.0076301161290090631 0.14803045337269266 0.071645953802536216 -0.0057016701623002859 0.080941361508780937 -0.0030048090409195562 0.13383483517989286 0.057466532069282469
leaf_weight=178.79261069186032 126.60767740244046 884.4429204906337 229.06429549166933 1514.0042893039063 9449.5459985246416 97.548505014274269 18692.866979698185 230.61818436486647 635.10597492358647 833.80924835149199 180.65225291438401 178.92608876153827 284.91558946622536 1006.2380251442082 948.61802847008221 66.238146530697122 92.193928003776819 2810.9917319135275 946.76249182829633 100.83179104584269 74.25089238374494 463.40399203030393 101.32669279864058 184.9308495959267 158.17320331837982 1668.4088232114445 362.7725988405291 76.460510957287624 72.197552559431642 1029.116284054704
leaf_count=1417 1237 12521 1457 10623 155129 1181 318725 3886 9178 10304 793 1246 1441 9260 14766 1260 1528 19647 5838 1265 1026 2283 1012 1658 843 25724 2296 1096 1406 7943
internal_value=-0.000615844 0.0577438 0.0138019 0.0707525 -0.0227357 -0.0232387 -0.0237108 -0.0174874 0.00354763 0.0158085 0.0776541 0.12032 0.0753555 0.0484353 -0.000899813 0.00727349 0.00400195 0.0772473 0.0823657 0.0383805 0.0466484 0.0773528 0.049651 0.0823819 0.113127 0.000485437 0.0580768 0.0276455 0.0639032 0.0629035
internal_weight=43679.8 12005 2757.51 9247.5 31674.8 31496 31297.1 12604.3 2528.44 1644 7085.53 359.578 6725.95 2161.96 3154.74 2206.12 2139.88 6441.04 4927.03 810.189 709.357 3980.27 198.875 3154.1 343.104 2047.69 826.177 379.276 148.658 1155.72
internal_count=627989 100859 35751 65108 527130 525713 523520 204795 34294 21773 46668 2039 44629 18440 49666 34900 33640 43188 32565 11469 10204 26727 2193 22148 2501 32112 4579 6388 2502 9180
cat_boundaries=0 1 2 3 4 5 6
cat_threshold=122978 49152 8296 24576 65568 652
is_linear=0
shrinkage=0.03


Tree=9
num_leaves=31
num_cat=5
split_feature=6 32 27 14 32 6 27 32 28 22 32 6 22 28 27 3 32 27 19 27 3 29 22 27 20 3 30 28 28 22
split_gain=57478.9 6503.04 3016.39 2752.76 1482.91 1371.6 1122.55 905.098 1225.76 944.503 706.253 690.928 557.756 910.754 555.773 491.574 441.934 346.884 324.581 711.256 275.797 531.209 258.168 257.068 279.161 249.398 274.577 283 327.033 261.711
threshold=544.50000000000011 0 11.500000000000002 1.0000000180025095e-35 1 16.500000000000004 151.50000000000003 2 4.5000000000000009 57.500000000000007 3 1.5000000000000002 57.500000000000007 1.5000000000000002 289.50000000000006 70.500000000000014 4 1.0000000180025095e-35 0.21666666865348819 1.5000000000000002 3.5000000000000004 50.500000000000007 82.500000000000014 1.0000000180025095e-35 1.2669674754142763 27.500000000000004 125.50000000000001 7.5000000000000009 59.500000000000007 1.5000000000000002
decision_type=2 9 2 2 9 2 2 9 2 2 9 2 2 2 2 2 9 2 2 2 2 2 2 2 2 2 2 2 2 2
left_child=1 5 11 -4 -2 15 7 8 22 17 20 -3 -13 -14 -8 23 -11 -10 19 -19 -7 25 -6 24 -1 26 -22 -28 29 -29
right_child=4 2 3 -5 6 10 14 -9 9 16 -12 12 13 -15 -16 -17 -18 18 -20 -21 21 -23 -24 -25 -26 -27 27 28 -30 -31
leaf_value=0.063149391500249896 0.059418434843733756 0.086924473622441656 0.16323388088440177 0.010518869611669038 -0.023545423808422436 0.045127611713575613 0.099277230322123253 -0.027832360136877447 -0.015490532525355847 0.10394745594781496 0.016732041758730436 -0.0079410079156094979 -0.020658409880000273 0.10103752419627575 0.00090705214211669926 0.10486163700820957 0.0047087136514173738 0.09372028088105859 -0.011771435568829907 0.0072571059068135442 0.052022626704158921 0.11001194594259679 0.0099113880751204413 0.078169925201666018 0.10376645505990623 0.031086592520091071 0.04637770240115361 0.083049881803115941 0.058091809115675942 0.14828968123305913
leaf_weight=2979.4657632259186 187.90148988831788 78.244534383993596 210.57527738437057 213.64786601206288 9014.205403524451 1310.0426236698404 95.141780693084002 18223.332325302763 1463.7473779895809 97.514293156331405 521.40406387485564 2094.8137030662037 106.77354666590691 113.28194179944694 111.84058465366252 421.51198790594935 77.639091737801209 94.939797167200595 614.25327967689373 798.67812616168521 854.8515018876642 195.50138888414949 211.95272381813265 2599.7273646974936 162.36429233150557 270.16864181403071 165.90223464090377 116.43849463528022 146.3774575991556 115.52517243754119
leaf_count=18299 1412 758 1822 845 151474 10426 1128 319489 24244 1497 5225 29976 1344 1280 1055 2257 801 1704 9190 12153 6086 1444 3563 14786 1099 1453 1111 920 939 1136
internal_value=-0.000561665 0.053252 0.0128556 0.0865289 -0.0225746 0.0647143 -0.0230885 -0.0235675 -0.0172479 -0.00109287 0.0503022 -0.000181382 -0.0031619 0.0421629 0.0463839 0.0734531 0.0664033 -0.00509224 0.00500536 0.0165376 0.0555808 0.0631942 -0.0227758 0.0711295 0.0652808 0.0576484 0.0627517 0.0794777 0.0938315 0.116038
internal_weight=43667.8 12676.6 2817.34 424.223 30991.1 9859.28 30803.2 30596.3 12372.9 3146.77 3696.21 2393.11 2314.87 220.055 206.982 6163.07 175.153 2971.62 1507.87 893.618 3174.81 1864.76 9226.16 5741.56 3141.83 1669.26 1399.09 544.243 378.341 231.964
internal_count=628916 101206 36025 2667 527710 65181 526298 524115 204626 49589 28740 33358 32600 2624 2183 36441 2298 47291 23047 13857 23515 13089 155037 34184 19398 11645 10192 4106 2995 2056
cat_boundaries=0 1 2 3 4 5
cat_threshold=122978 49152 8296 122880 8
is_linear=0
shrinkage=0.03


Tree=10
num_leaves=31
num_cat=5
split_feature=6 32 27 14 32 6 27 32 28 22 4 19 6 22 28 3 27 27 11 27 28 27 17 19 32 32 28 27 21 19
split_gain=52706.1 5473.87 2547.45 1968.14 1325.27 1142.25 1093.33 881.521 1230.22 821.082 730.457 667.539 579.454 532.961 942.824 448.802 425.845 422.452 367.318 341.327 336.038 1354.14 324.592 420.887 356.434 316.263 250.166 243.557 240.342 401.724
threshold=544.50000000000011 0 11.500000000000002 1.0000000180025095e-35 1 34.500000000000007 151.50000000000003 2 4.5000000000000009 59.500000000000007 7.5000000000000009 4.2166664600372323 1.5000000000000002 47.500000000000007 1.5000000000000002 9.5000000000000018 2.5000000000000004 289.50000000000006 18.500000000000004 1.0000000180025095e-35 6.5000000000000009 1.5000000000000002 3.5000000000000004 3.5499999523162846 3 4 98.500000000000014 9.5000000000000018 3.5000000000000004 3.5499999523162846
decision_type=2 9 2 2 9 2 2 9 2 2 2 2 2 2 2 2 2 2 2 2 2 2 2 2 9 9 2 2 2 2
left_child=1 5 12 -4 -2 10 7 8 -6 19 16 -12 -3 -14 -15 25 18 -8 22 -10 21 -21 24 -24 -1 -7 27 -22 -26 -30
right_child=4 2 3 -5 6 15 17 -9 9 -11 11 -13 13 14 -16 -17 -18 -19 -20 20 26 -23 23 -25 28 -27 -28 -29 29 -31
leaf_value=0.067111605135700275 0.054169816109047135 0.076057198557147418 0.13518592959731648 0.010638861886085683 -0.022867461976525977 0.039767330469331875 0.088853473222994306 -0.027780780714240581 -0.01516039093640028 0.063473148890233838 0.063337057889420331 0.14031423558648107 -0.0093495404635058552 -0.019578351620248562 0.077146706389982916 0.079354926685709981 0.071543080945712975 0.0040856684751234117 0.018245315000201951 0.15251292795093849 -0.0089653405733980725 -0.012560280562739239 0.11444008660581906 0.061046549377350295 0.061467870715918568 0.0073869190451882165 0.054249495681869257 0.028024853560307213 0.046803144904627329 -0.00093003088148069051
leaf_weight=1757.4615427451208 192.3953512981534 85.194470969028771 242.77244371268898 215.16610927227885 9025.9713957619388 1404.1256848424673 101.01768006477505 17716.532238297164 1447.5668554930016 166.86246200464666 201.05856673046947 209.8164993468672 1955.3813407146372 175.52614388405345 185.95302200433798 214.84271051641554 2716.3757151388563 110.13745033089072 213.51368365203962 65.19856270798482 1071.8737676672172 137.4652248157654 203.76220139209181 395.90064222086221 887.40939668659121 359.47587044816464 70.477832692908123 187.33552629197948 1777.066469585523 174.1898393817246
leaf_count=10697 1361 764 1810 857 155072 10345 1089 319311 24331 2012 809 1267 28216 2374 2131 1581 14430 1062 1009 1204 16189 1968 1532 2156 5597 3690 1134 2785 11507 653
internal_value=-0.000605576 0.0489937 0.0120117 0.0768172 -0.0225057 0.0589829 -0.0230079 -0.0234966 -0.0172226 -0.00108396 0.063802 0.102891 -0.000319942 -0.00316005 0.0302548 0.0384657 0.061813 0.0448667 0.0569146 -0.00471896 0.00514821 0.0410332 0.0584999 0.0793497 0.0557629 0.0334424 -0.000347916 -0.00344435 0.0483091 0.0425437
internal_weight=43667.8 13375 2859.99 457.939 30292.8 10515 30100.4 29889.3 12172.8 3146.78 8536.55 410.875 2402.05 2316.86 361.479 1978.44 8125.68 211.155 5409.3 2979.92 1532.35 202.664 5195.79 599.663 4596.13 1763.6 1329.69 1259.21 2838.67 1951.26
internal_count=628943 101425 36152 2667 527518 65273 526157 524006 204695 49623 49657 2076 33485 32721 4505 15616 47581 2151 33151 47611 23280 3172 32142 3688 28454 14035 20108 18974 17757 12160
cat_boundaries=0 1 2 3 4 5
cat_threshold=122978 49152 8296 49152 122880
is_linear=0
shrinkage=0.03


Tree=11
num_leaves=31
num_cat=0
split_feature=6 5 27 27 3 9 28 15 2 28 9 3 6 27 22 6 27 28 29 15 3 18 6 3 2 22 19 29 3 3
split_gain=48443.9 3382.56 1184.89 1014.26 824.917 675.685 647.654 633.092 567.799 1261.18 512.72 496.368 475.477 411.046 603.749 390.626 322.952 581.102 598.767 297.665 456.992 337.589 282.706 273.613 266.437 238.35 237.896 304.692 302.695 258.615
threshold=544.50000000000011 1.5000000000000002 146.50000000000003 189.50000000000003 71.500000000000014 1.0000000180025095e-35 3.5000000000000004 1.0000000180025095e-35 23.500000000000004 683.50000000000011 28.500000000000004 10.500000000000002 6.5000000000000009 1.5000000000000002 41.500000000000007 83.500000000000014 9.5000000000000018 16.500000000000004 7.5000000000000009 2.5000000000000004 12.500000000000002 4.0714285373687753 41.500000000000007 88.500000000000014 12.500000000000002 4.5000000000000009 4.8166668415069589 11.500000000000002 3.5000000000000004 7.5000000000000009
decision_type=2 2 2 2 2 2 2 2 2 2 2 2 2 2 2 2 2 2 2 2 2 2 2 2 2 2 2 2 2 2
left_child=1 2 5 16 6 7 12 13 9 11 -10 26 -3 15 -15 -1 -2 18 -18 20 -13 -22 24 -6 -14 -9 27 28 -8 -30
right_child=3 4 -4 -5 23 -7 8 25 10 -11 -12 19 22 14 -16 -17 17 -19 -20 -21 21 -23 -24 -25 -26 -27 -28 -29 29 -31
leaf_value=0.0055108984279482491 -0.023419930380025739 0.070696812012307889 0.1063043363045206 0.047546913674455918 0.11722344158277735 0.044767854878184285 0.025434298633891697 0.0091122208975148739 0.010184652680977993 0.13539471472408263 0.05975887857976684 0.098779660888960036 0.04357740773643079 0.020575639272111781 0.088750411875174059 0.065513740527280956 0.10314900219833682 -0.015096815280818032 -0.021736103302752434 0.094466074599317496 0.051991864475443586 0.084292537692013322 0.012942919809610463 0.072208895056250416 0.0068515222917068979 -0.024669432416132026 0.020398483213706128 0.060346644736743289 0.062381678630716884 0.033772954514324292
leaf_weight=1249.3745305482298 28213.264858162031 359.38282634364441 135.62722873408347 184.9156094386708 211.82645360263996 606.42327990289778 588.16175976442173 294.2816175641492 431.5673117171973 189.31183870788664 332.06131576001644 286.62469179765321 1482.9753607681487 397.63253872701898 165.13902741391212 104.9529147753492 79.598310008179396 1089.0289341660682 59.96429671975784 321.15731040434912 1574.8289192549419 361.09719697665423 475.36230812687427 305.40289093693718 202.45074762986042 517.26902706339024 227.60072043142281 1953.808002684731 765.55719412327744 459.40225088200532
leaf_count=14861 504092 1910 805 1849 1215 4342 4690 3590 1573 1296 1362 1820 10117 4365 1800 1309 1543 18949 1059 1836 7586 1822 4438 1392 1668 7405 883 11243 5562 2548
internal_value=-0.00059295 0.0453945 0.0197026 -0.0223238 0.053861 0.0161499 0.0519419 0.00977574 0.0563728 0.0591578 0.0317918 0.0569301 0.0387539 0.0191748 0.0407027 0.0102057 -0.0227642 -0.00769968 0.0497181 0.0673149 0.0633509 0.0580571 0.0334109 0.0908348 0.0391726 -0.0124235 0.0503018 0.0521027 0.0431907 0.0516887
internal_weight=43626.1 13999.3 3470.7 29626.8 10528.6 3335.07 10011.3 2728.65 7491.18 6727.55 763.629 6538.24 2520.17 1917.1 562.772 1354.33 29441.9 1228.59 139.563 2543.71 2222.55 1935.93 2160.79 517.229 1685.43 811.551 3994.53 3766.93 1813.12 1224.96
internal_count=628930 101438 38477 527492 62961 37672 60354 33330 42221 39286 2935 37990 18133 22335 6165 16170 525643 21551 2602 13064 11228 9408 16223 2607 11785 10995 24926 24043 12800 8110
is_linear=0
shrinkage=0.03


Tree=12
num_leaves=31
num_cat=0
split_feature=6 5 6 27 15 6 30 2 2 28 9 27 19 1 14 15 27 5 27 28 29 15 6 30 30 27 20 9 30 6
split_gain=44930.6 2797.59 1162.9 971.467 790.05 667.404 778.854 579.739 965.507 864.899 531.972 500.844 429.611 660.587 415.457 379.996 320.931 296.364 293.371 473.054 454.247 239.428 224.192 219.62 243.309 217.754 207.864 205.854 198.014 304.43
threshold=544.50000000000011 1.5000000000000002 3.5000000000000004 151.50000000000003 1.0000000180025095e-35 16.500000000000004 5.5000000000000009 36.500000000000007 23.500000000000004 683.50000000000011 47.500000000000007 2.5000000000000004 5.0166666507720956 7.5000000000000009 1.0000000180025095e-35 1.0000000180025095e-35 289.50000000000006 3.5000000000000004 9.5000000000000018 16.500000000000004 7.5000000000000009 2.5000000000000004 55.500000000000007 142.50000000000003 52.500000000000007 1.5000000000000002 0.75002405047416698 1.0000000180025095e-35 1.0000000180025095e-35 81.500000000000014
decision_type=2 2 2 2 2 2 2 2 2 2 2 2 2 2 2 2 2 2 2 2 2 2 2 2 2 2 2 2 2 2
left_child=1 2 14 18 11 7 15 8 9 12 -9 28 13 17 -1 -7 -5 26 -2 20 -20 -19 -13 24 -8 -25 -3 -6 29 -4
right_child=3 5 4 16 27 6 23 10 -10 -11 -12 22 -14 -15 -16 -17 -18 21 19 -21 -22 -23 -24 25 -26 -27 -28 -29 -30 -31
leaf_value=0.096353740772443505 -0.023235145676374927 0.036094560027903996 0.0039996245249490775 0.073854299564430403 -0.017507178519075059 0.025978831150595429 0.063416955753197335 0.11961402434996847 0.019335713757236316 0.1163283942611011 0.054793355911675778 0.033993943995200962 0.029001098798051704 0.10583896142871109 0.031726886630194032 -0.019819056692094657 0.0037418202779999181 0.056482145176406678 0.083969567439760459 -0.015224673047423918 -0.021804422383948623 0.080852745072943322 0.079919090076624566 0.046104691627487968 0.033943518991473576 0.073288211602035525 0.061824041565903626 0.032157437641214752 0.027891863763415226 0.061988831185489708
leaf_weight=215.19968969654292 27578.513545456342 1054.2266053385101 1116.6752421448473 115.97292981157079 721.33373248577118 603.51573482388631 314.9305936540477 232.29374534869567 698.33080735476688 210.30616635084152 228.81764600239694 240.75889942212962 546.36536883143708 238.36167353112251 155.17830597655848 222.4433847151231 118.28819124959409 3472.4533256043214 89.984354197513312 1022.2358001207467 60.495573283638805 411.47315646125935 160.92145286127925 664.84617571439594 1292.1206840400118 452.12314239284024 390.19506273884326 82.905555521138012 748.06311736628413 86.907277309568599
leaf_count=1556 504246 6876 14445 1114 10146 6174 2192 1390 2458 1266 883 1888 1888 1333 1117 2741 1077 17043 1549 18453 1093 2307 1498 3923 7595 2720 2067 484 6197 1199
internal_value=-0.000515914 0.0424771 0.0192154 -0.022114 0.0133046 0.0499131 0.0391756 0.0550012 0.0528459 0.056543 0.0876362 0.0220748 0.0544676 0.0569614 0.0694352 0.0136357 0.038618 0.0547555 -0.0226102 -0.00790599 0.0415833 0.0590842 0.0525453 0.0469118 0.0397552 0.0571637 0.0430831 -0.0123539 0.0157798 0.00823485
internal_weight=43546.2 14560.7 3527.94 28985.5 3157.57 11032.8 3549.98 7482.82 7021.71 6323.38 461.111 2353.33 6113.08 5566.71 370.378 825.959 234.261 5328.35 28751.2 1172.72 150.48 3883.93 401.68 2724.02 1607.05 1116.97 1444.42 804.239 1951.65 1203.58
internal_count=628918 101386 38530 527532 35857 62856 25345 37511 35238 32780 2273 25227 31514 29626 2673 8915 2191 28293 525341 21095 2642 19350 3386 16430 9787 6643 8943 10630 21841 15644
is_linear=0
shrinkage=0.03


Tree=13
num_leaves=31
num_cat=6
split_feature=6 32 21 32 28 22 28 22 6 28 15 22 14 3 3 32 19 22 32 22 11 19 6 20 19 32 5 30 28 32
split_gain=41239.7 3553.97 1664.42 1344.22 1719.45 888.277 793.979 836.202 693.563 655.31 2700.92 625.589 1061.81 770.436 1783.71 613.484 579.509 299.183 294.756 258.789 284.695 1255.32 240.766 236.848 324.398 277.353 248.583 218.668 190.926 189.692
threshold=544.50000000000011 0 1.5000000000000002 1 4.5000000000000009 60.500000000000007 1.0000000180025095e-35 53.500000000000007 34.500000000000007 99.500000000000014 1.0000000180025095e-35 4.5000000000000009 1.0000000180025095e-35 1.5000000000000002 16.500000000000004 2 17.016666412353519 82.500000000000014 3 13.500000000000002 1.0000000180025095e-35 0.083333335816860213 46.500000000000007 0.75002405047416698 4.8833334445953378 4 2.5000000000000004 39.500000000000007 18.500000000000004 5
decision_type=2 9 2 9 2 2 2 2 2 2 2 2 2 2 2 9 2 2 9 2 2 2 2 2 2 9 2 2 2 9
left_child=1 8 -3 4 15 9 -4 11 16 19 -11 12 13 -8 -15 -2 23 -17 -10 27 -21 -22 -13 29 25 -25 -27 -6 -29 -1
right_child=3 2 6 -5 5 -7 7 -9 18 10 -12 22 -14 14 -16 17 -18 -19 -20 20 21 -23 -24 24 -26 26 -28 28 -30 -31
leaf_value=0.052531154886828614 0.03953685039449182 0.10328029362961383 -0.019302775503588439 -0.027489083042973986 -0.014462621352051159 0.071259588464839166 0.012490097773559122 0.072521840641082788 0.036314410820707632 0.16677549112897316 -0.021776210918604134 -0.019256016212349489 -0.0056930656028768411 0.1810216261393589 0.018431832065018479 -0.023114465037360119 0.097646038147581535 0.014407438747490415 0.0068026203354271857 -0.0018216540323793625 0.12523752894074616 -0.010015476009608679 0.013151463706623982 0.035121646917961553 0.033577677263025428 0.095156974575903761 0.062601026375957061 -0.00113828009099815 0.061078253823197697 0.041382020293067853
leaf_weight=2887.5105839157477 138.88126032147557 161.82939982484095 865.21385383419693 16609.901393638458 1551.3972226895858 169.60448151128367 170.77509390306659 203.88393908226863 1818.6931187096052 102.86001186002977 199.55834417138249 620.40554067841731 433.4026028427761 114.77979891374707 128.24561006482691 8208.8194816464093 223.97250465117395 195.18342600297183 388.66573530295864 667.23160478868522 90.73038045456633 188.62324927630834 308.03200200153515 385.95413891691715 453.57255387026817 251.48563572019339 1464.1047194097191 140.76040030899458 63.815519946394488 4280.5846324991435
leaf_count=14402 948 1083 12618 320442 25498 1971 2016 1971 11864 1639 2653 8676 3273 1451 661 151251 1280 3496 3747 10946 1779 3015 4289 1685 1407 1742 6729 2210 1177 22375
internal_value=-0.000622585 0.0393087 0.00996399 -0.0219948 -0.0141694 0.00466953 0.00465606 0.0151325 0.0465195 0.000888649 0.0426932 0.00850578 0.0271318 0.0614425 0.0956494 -0.0211863 0.049936 -0.022215 0.0313187 -0.00380337 0.0088347 0.0342029 -0.00850146 0.048827 0.0567063 0.0616798 0.0670355 -0.0106173 0.0184723 0.0460109
internal_weight=43488.5 15161.1 3006.57 28327.4 11717.5 3174.58 2844.74 1979.52 12154.5 3004.98 302.418 1775.64 847.203 413.801 243.025 8542.88 9947.18 8404 2207.36 2702.56 946.585 279.354 928.438 9723.21 2555.12 2101.54 1715.59 1755.97 204.576 7168.1
internal_count=628294 101269 36038 527025 206583 50888 34955 22337 65231 48917 4292 20366 7401 4128 2112 155695 49620 154747 15611 44625 15740 4794 12965 48340 11563 10156 8471 28885 3387 36777
cat_boundaries=0 1 2 3 4 5 6
cat_threshold=122978 57448 49152 122880 65536 49152
is_linear=0
shrinkage=0.03


Tree=14
num_leaves=31
num_cat=3
split_feature=6 32 27 32 14 32 27 22 28 6 19 15 22 20 28 6 15 6 3 15 22 20 27 19 14 29 19 11 22 28
split_gain=37514.1 2973.34 1652.61 1380.5 1135.55 1107.18 1835.51 1172.47 838.88 531.392 675.827 456.164 444.877 469.226 441.415 578.095 645.322 410.252 292.867 267.856 242.193 238.058 228.678 264.301 334.048 210.2 201.178 507.475 590.143 200.568
threshold=544.50000000000011 0 11.500000000000002 1 1.0000000180025095e-35 2 9.5000000000000018 17.500000000000004 4.5000000000000009 62.500000000000007 18.916666030883793 1.0000000180025095e-35 69.500000000000014 1.6669635176658633 1.0000000180025095e-35 54.500000000000007 1.0000000180025095e-35 3.5000000000000004 71.500000000000014 1.0000000180025095e-35 75.500000000000014 2.85906994342804 1.0000000180025095e-35 5.9500000476837167 1.0000000180025095e-35 28.500000000000004 0.083333335816860213 1.0000000180025095e-35 12.500000000000002 130.50000000000003
decision_type=2 9 2 9 2 9 2 2 2 2 2 2 2 2 2 2 2 2 2 2 2 2 2 2 2 2 2 2 2 2
left_child=1 9 14 -2 -4 6 8 11 20 10 18 -8 13 19 -3 17 -17 -16 22 26 21 -5 29 24 25 -24 27 -10 -29 -1
right_child=3 2 4 5 -6 -7 7 -9 12 -11 -12 -13 -14 -15 15 16 -18 -19 -20 -21 -22 -23 23 -25 -26 -27 -28 28 -30 -31
leaf_value=0.036994120669417763 0.053823649930312557 -0.018577830491755418 0.09120564363041235 -0.023554590889053515 0.0046983950148181009 -0.027382745973779019 0.064150891459316364 0.14762132563363412 -0.0018979206002505988 0.016991728133616334 0.095927717103448412 -0.013809860526715723 0.059521754234026114 0.055387347964417022 0.034854493665685576 0.055982606520232805 -0.019856984440919542 -0.012442081700484674 0.065599429278206056 -0.023260912403735255 0.0038574208607110726 0.039129590148896692 0.039076032174262698 0.022737284941845931 0.077105051897116222 0.052964225179254525 -0.010849757926273967 -0.011611877181352322 0.10877862680463722 0.057564178508708312
leaf_weight=6148.0871301633306 206.7357492800802 855.12838465091772 332.02906578313559 7868.66056845407 231.69117186404765 16145.712585479487 120.7380165879149 85.889712834963575 686.05872802156955 693.03376085544005 221.41045081336051 151.10851728543639 97.651164181530476 108.82633493724279 200.23500808374956 360.63300059107132 139.50265097804368 917.31885663489811 499.22759824292734 732.81659545167349 310.94481334788725 54.045138692017645 1811.9920454169624 371.49409240810201 355.74684821534902 2190.1402216157876 1007.5941084222868 62.317942559020594 87.342828115215525 461.45050081145018
leaf_count=32465 1424 12717 1841 148406 820 320223 1460 1321 10999 5219 1286 1597 1098 1797 1710 4197 2035 12840 1989 12742 5526 1053 9517 1056 1682 9823 16888 1075 1594 2147
internal_value=-0.000715452 0.0361949 0.00938651 -0.021735 0.0557221 -0.022316 -0.0151041 0.0516697 -0.0172907 0.0425364 0.0440381 0.0209239 -0.00304884 -0.00534583 -0.00115678 0.00805797 0.0348313 -0.00394425 0.0430596 -0.00793195 -0.0221029 -0.0231221 0.0420615 0.0471153 0.0491878 0.0466876 -0.00182855 0.00904794 0.0589043 0.0384387
internal_weight=43515.6 15789.1 3036.54 27726.4 563.72 27519.7 11374 357.736 11016.3 12752.6 12059.5 271.847 2782.61 2684.96 2472.82 1617.69 500.136 1117.55 11838.1 2576.13 8233.65 7922.71 11338.9 4729.37 4357.88 4002.13 1843.31 835.719 149.661 6609.54
internal_count=628547 101344 36160 527203 2661 525779 205556 4378 201178 65184 59965 3057 46193 45095 33499 20782 6232 14550 58679 43298 154985 149459 56690 22078 21022 19340 30556 13668 2669 34612
cat_boundaries=0 1 2 3
cat_threshold=122978 49152 8296
is_linear=0
shrinkage=0.03


Tree=15
num_leaves=31
num_cat=4
split_feature=6 32 32 27 27 32 15 28 14 4 19 27 15 28 6 32 15 28 3 19 1 6 28 22 11 28 11 28 6 27
split_gain=35592.1 2587.05 1407.3 1816.78 1329.69 1006.74 844.906 808.01 792.697 658.955 626.658 502.216 481.146 546.756 724.388 443.766 431.894 637.743 405.449 349.888 366.076 334.744 329.389 296.199 278.156 489.723 297.697 273.781 372.031 256.3
threshold=544.50000000000011 0 1 9.5000000000000018 11.500000000000002 2 1.0000000180025095e-35 4.5000000000000009 1.0000000180025095e-35 7.5000000000000009 4.0833332538604745 31.500000000000004 1.0000000180025095e-35 1.0000000180025095e-35 57.500000000000007 3 1.0000000180025095e-35 91.500000000000014 4.5000000000000009 3.6833333969116215 7.5000000000000009 4.5000000000000009 6.5000000000000009 57.500000000000007 1.5000000000000002 46.500000000000007 1.0000000180025095e-35 225.50000000000003 1.5000000000000002 1.0000000180025095e-35
decision_type=2 9 9 2 2 9 2 2 2 2 2 2 2 2 2 9 2 2 2 2 2 2 2 2 2 2 2 2 2 2
left_child=1 9 3 5 12 -2 11 -7 -6 15 -11 -5 13 -3 21 19 17 22 -17 20 -1 -15 29 -24 26 -26 -20 28 -21 -9
right_child=2 4 -4 6 8 7 -8 16 -10 10 -12 -13 -14 14 -16 18 -18 -19 24 27 -22 -23 23 -25 25 -27 -28 -29 -30 -31
leaf_value=0.044520685032136277 0.04766617996867871 -0.01395336428534941 -0.027344071113326138 0.050106373033243307 0.077374913922637831 -0.021794517560616723 0.0003165221335776237 0.00499486354615387 0.0067878429181944602 0.03966732965911992 0.10680547788207803 0.1433997342340726 -0.015487051955781865 0.061830244915671871 0.060785510970657569 0.020530990718929942 -0.022451628723281297 0.097114861302612723 0.044676634607726473 0.0067717368765175603 0.084707589181283585 -0.0040846925843232738 -0.0092180157449478564 0.034204315079815882 0.031190135154105562 0.098132745150964706 0.012946005992931274 0.057322130522239972 0.036726731954001744 0.054741049680948811
leaf_weight=6989.0823360057548 211.55868982896209 496.70844686916098 15731.171805662801 123.81255422020331 363.61788489762694 8059.2571218223311 168.23343883617781 219.59541524574161 236.11606678692624 246.76934675313532 256.77323281392455 90.689317739102989 1051.665797205409 79.452800025232136 327.30664532491937 1953.4142454192042 749.42790644895285 63.364706519292668 764.97436137404293 565.20168340206146 210.51242783479393 501.332051823847 1421.6771083588246 156.00026707048528 210.43365017324686 185.98636192269623 409.41720181889832 309.32857084367424 1100.1990894759074 161.24680308112875
leaf_count=34028 1370 7411 320542 1533 1812 155102 1885 3901 863 760 1298 1059 14863 630 3675 13248 13228 1018 3831 1106 976 6810 23912 1646 1101 1038 1497 1202 5242 2439
internal_value=-0.000502462 0.034602 -0.02152 -0.0134632 0.00960264 -0.0157038 0.0507008 -0.0169743 0.0496422 0.0403502 0.0740472 0.0900323 -0.000149978 0.0113346 0.0251667 0.03904 -0.00301493 0.00419698 0.0295892 0.0425882 0.0457073 0.00502341 0.00114274 -0.00490548 0.0410218 0.0627652 0.0336351 0.0314144 0.0265708 0.0261454
internal_weight=43414.3 16258.3 27156 11424.9 3056.2 11042.1 382.735 10830.6 599.734 13202.1 503.543 214.502 2456.47 1404.8 908.091 12698.5 2771.31 2021.88 3524.23 9174.32 7199.59 580.785 1958.52 1577.68 1570.81 396.42 1174.39 1974.73 1665.4 380.842
internal_count=629026 101391 527635 207093 36064 202616 4477 201246 2675 65327 2058 2592 33389 18526 11115 63269 46144 32916 20715 42554 35004 7440 31898 25558 7467 2139 5328 7550 6348 6340
cat_boundaries=0 1 2 3 4
cat_threshold=122978 57448 49152 57344
is_linear=0
shrinkage=0.03


Tree=16
num_leaves=31
num_cat=4
split_feature=6 32 32 27 1 28 22 1 15 6 28 22 28 32 32 15 28 5 22 15 3 22 28 27 22 15 9 1 3 15
split_gain=32692.4 2253.04 1399.7 1749.84 1197.78 870.015 824.272 589.852 509.825 666.389 653.468 647.161 500.604 502.919 474.588 454.316 535.121 449.499 386.317 379.725 266.557 246.135 238.625 269.383 468.717 222.048 430.414 379.084 316.224 673.472
threshold=544.50000000000011 0 1 9.5000000000000018 1.5000000000000002 4.5000000000000009 17.500000000000004 11.500000000000002 1.0000000180025095e-35 80.500000000000014 4.5000000000000009 42.500000000000007 683.50000000000011 2 3 1.0000000180025095e-35 97.500000000000014 2.5000000000000004 67.500000000000014 1.0000000180025095e-35 71.500000000000014 82.500000000000014 6.5000000000000009 1.0000000180025095e-35 16.500000000000004 2.5000000000000004 20.500000000000004 6.5000000000000009 13.500000000000002 23.500000000000004
decision_type=2 9 9 2 2 2 2 2 2 2 2 2 2 9 9 2 2 2 2 2 2 2 2 2 2 2 2 2 2 2
left_child=1 12 3 5 8 14 19 -6 9 10 -3 -12 13 20 -2 16 18 -15 22 -5 25 -16 23 -7 -25 26 27 -1 -27 -30
right_child=2 4 -4 6 7 15 -8 -9 -10 -11 11 -13 -14 17 21 -17 -18 -19 -20 -21 -22 -23 -24 24 -26 28 -28 -29 29 -31
leaf_value=0.038102912936073319 0.028429298747278824 -0.012504583175606265 -0.02722148677803923 0.057000964475879448 0.082719992736512205 -0.0015645404800764011 0.11775655247151565 0.020583989317187325 -0.015568454520388094 0.08411748573011775 0.0036165629810353986 0.067331863499820288 0.082794755019121827 0.01572447820713507 -0.022484040099757376 -0.021410656950602795 0.089840638073994436 0.037250413097607911 0.053292793369684122 -0.011416617280072327 0.061227912329689493 0.011430985426804773 -0.0056143355456491715 0.0050330587158997952 0.10513771239484519 0.034895646922626415 0.012821383025552352 0.077873942952238789 0.095666061118986984 0.030343786555350333
leaf_weight=7525.0522741470486 167.05957663804293 755.51775189349428 15318.379267490003 139.92846965231001 250.95349717745557 214.57282727537677 110.075254839845 304.67479434376583 1071.0830188721884 105.02110643615015 353.09882075875066 240.80685704085045 214.94362071249634 1726.7130805742927 7687.1628169415053 739.07117788284086 65.253335134591907 1770.2081419136375 128.64928957633674 150.91680567921139 516.80733231175691 196.96510483324528 1509.3194492589682 96.268328668782488 73.956050411099568 532.80639589950442 598.53218157496303 222.09403214324266 324.29760687705129 254.49581232853234
leaf_count=35009 978 10936 320799 1488 1773 3785 1372 1005 14588 1406 4105 2219 989 11553 151539 13348 936 8137 1273 1633 1972 3519 24887 1282 1176 2157 1663 984 1785 877
internal_value=-0.000630899 0.0321752 -0.0213123 -0.0132493 0.00888155 -0.015531 0.0482148 0.0487464 0.000130432 0.0116942 0.00599959 0.0295205 0.0373845 0.0366816 -0.0205579 -0.00121292 0.00594306 0.0265529 0.00319351 0.0215823 0.0401628 -0.021608 -0.000235578 0.0208218 0.0488848 0.0390478 0.0373591 0.039253 0.0516809 0.0670457
internal_weight=43364.7 16767.1 26597.6 11279.2 3081.16 10878.3 400.921 555.628 2525.53 1454.44 1349.42 593.906 13686 13471 8051.19 2827.09 2088.02 3496.92 2022.77 290.845 9974.09 7884.13 1894.12 384.797 170.224 9457.28 8345.68 7747.15 1111.6 578.793
internal_count=629173 101158 528015 207216 36032 202723 4493 2778 33254 18666 17260 6324 65126 64137 156036 46687 33339 19690 32403 3121 44447 155058 31130 6243 2458 42475 37656 35993 4819 2662
cat_boundaries=0 1 2 3 4
cat_threshold=122978 57448 57408 49152
is_linear=0
shrinkage=0.03


Tree=17
num_leaves=31
num_cat=5
split_feature=6 32 32 28 27 27 22 4 32 19 15 15 28 6 6 19 20 19 6 19 30 10 6 32 30 6 3 32 3 22
split_gain=30576.4 2047.85 1352.83 1562.42 1196.53 858.099 603.403 535.619 470.975 470.368 392.756 386.493 430.203 503.741 369.713 337.753 311.1 419.833 303.754 289.451 272.565 895.21 333.802 249.183 226.357 252.4 222.454 293.676 349.066 221.989
threshold=544.50000000000011 0 1 4.5000000000000009 11.500000000000002 151.50000000000003 57.500000000000007 7.5000000000000009 2 4.2166664600372323 1.0000000180025095e-35 1.0000000180025095e-35 1.0000000180025095e-35 57.500000000000007 54.500000000000007 17.016666412353519 1.6669635176658633 0.21666666865348819 4.5000000000000009 3.6833333969116215 326.50000000000006 1.0000000180025095e-35 5.5000000000000009 3 269.50000000000006 16.500000000000004 21.500000000000004 4 39.500000000000007 12.500000000000002
decision_type=2 9 9 2 2 2 2 2 9 2 2 2 2 2 2 2 2 2 2 2 2 2 2 9 2 2 2 9 2 2
left_child=1 7 3 8 11 6 16 14 -2 -9 -6 12 -3 18 15 19 29 -18 -14 20 24 22 -22 -8 25 26 -1 -28 -29 -5
right_child=2 4 -4 5 10 -7 23 9 -10 -11 -12 -13 13 -15 -16 -17 17 -19 -20 -21 21 -23 -24 -25 -26 -27 27 28 -30 -31
leaf_value=0.037707147604943474 0.027666950141079109 -0.014280331425410965 -0.027161123517783315 -0.012058114337833086 0.067384463130424357 0.078191792980834673 0.072129804791919327 0.036099471805197507 -0.02160549419231475 0.092191726870420196 0.02010848822821059 -0.015399724647784507 0.05630711240026659 0.048128897892252616 0.017302413381216408 0.071495457815906702 0.086013002103472791 -0.0071162916123832078 -0.0054432171297161538 0.024370245448089762 0.085744517499811934 0.0094496636505865973 0.046626358144278734 0.009181011043046786 0.018267749865126096 0.029754850330547457 0.029293392680413928 0.09888749171036687 0.048731791081671492 0.0056835063980138481
leaf_weight=4353.3999149650335 171.43125973641872 486.25293617253192 14907.279897139408 1691.8758470357861 330.48189819324762 134.06140383612365 130.31398406159133 269.81455297023058 7727.4812989798374 271.63663260638714 304.7606846424751 1029.0073456428945 82.444567663129419 362.97270834073424 1109.7242590938695 228.85584483714774 79.848105577286333 94.170727293239906 508.28270792798139 2039.2097145845182 433.19847156573087 335.09249676018953 367.50234443694353 116.03804771555588 674.20645401068032 3222.9227654775605 332.8579013235867 219.25032370630652 298.05453590676188 1014.7068283630069
leaf_count=19516 981 7405 320706 28886 1444 1053 1515 791 155243 1261 1204 14868 619 3641 7538 1129 1264 1260 6861 7132 2099 931 1676 919 2190 17447 1063 1194 1199 16318
internal_value=-0.000736852 0.0302336 -0.0212438 -0.0133015 0.0080602 0.0041559 0.000957783 0.0350647 -0.0205251 0.0643581 0.0447708 -0.00136681 0.008665 0.0203666 0.0339208 0.0353941 -0.00290234 0.0358631 0.00325553 0.0347152 0.0367735 0.0506583 0.0678708 0.0459236 0.0350353 0.0363745 0.040468 0.0545445 0.0688115 -0.00540708
internal_weight=43327.1 17259.9 26067.2 11159.9 3104.2 3261.01 3126.95 14155.7 7898.91 541.451 635.243 2468.96 1439.95 953.7 13614.3 12504.6 2880.6 174.019 590.727 12275.7 10236.5 1135.79 800.701 246.352 9100.69 8426.49 5203.56 850.163 517.305 2706.58
internal_count=629353 101208 528145 207439 36042 51215 50162 65166 156224 2052 2648 33394 18526 11121 63114 55576 47728 2524 7480 54447 47315 4706 3775 2434 42609 40419 22972 3456 2393 45204
cat_boundaries=0 1 2 3 4 5
cat_threshold=122978 57448 49152 8 8192
is_linear=0
shrinkage=0.03


Tree=18
num_leaves=31
num_cat=4
split_feature=6 32 32 27 27 32 28 14 4 19 21 32 19 28 28 28 19 6 3 19 27 5 3 30 11 11 5 19 28 21
split_gain=28783.7 1761.93 1395.95 1529.63 1130.01 711.632 668.323 665.092 451.286 592.255 428.56 370.235 350.458 391.064 316.695 611.756 367.921 313.262 307.183 291.807 259.21 213.553 563.856 298.927 280.447 542.278 330.992 433.891 254.695 264.692
threshold=544.50000000000011 0 1 1.0000000180025095e-35 11.500000000000002 2 113.50000000000001 1.0000000180025095e-35 7.5000000000000009 4.0833332538604745 2.5000000000000004 3 0.15000000596046451 1.0000000180025095e-35 5.5000000000000009 6.5000000000000009 0.083333335816860213 47.500000000000007 4.5000000000000009 0.11666667088866235 8.5000000000000018 2.5000000000000004 3.5000000000000004 132.50000000000003 13.500000000000002 4.5000000000000009 5.5000000000000009 1.5833333730697634 43.500000000000007 3.5000000000000004
decision_type=2 9 9 2 2 9 2 2 2 2 2 9 2 2 2 2 2 2 2 2 2 2 2 2 2 2 2 2 2 2
left_child=1 8 3 5 10 -2 14 -6 11 -10 -3 21 13 -12 -5 16 -16 -15 -13 20 -17 22 -1 -24 25 26 27 -23 -28 -30
right_child=2 4 -4 6 7 -7 -8 -9 9 -11 12 18 -14 17 15 19 -18 -19 -20 -21 -22 24 23 -25 -26 -27 28 -29 29 -31
leaf_value=0.036690714155986778 0.034663621502128109 0.06915826859010922 -0.027060262950216348 -0.014973090116249069 0.0660479715778826 -0.019975567084572987 0.059110237788408279 0.0039418330054880272 0.028606941862410987 0.089725984869943112 -0.015186985853662282 0.016139764882782067 -0.015591121072091664 -0.0062140103614686821 0.12017012985989997 0.0091104468170287913 0.020842127676908621 0.032632599092162762 0.033197455327075326 -0.0082499993230313994 0.054041808711916023 0.035956317136521948 0.051237002367582926 0.11002170294570415 0.0079681567985554636 0.069807006211865738 0.033057574421486144 0.01559851769415297 0.069430413019963402 0.040621647342230831
leaf_weight=1434.5649891924113 211.66550210490823 74.847590178484097 14506.391484125983 588.18661774671637 417.33567966707051 8462.4631156085525 214.94518051482737 246.91725853877142 285.97330729290843 286.55262183025479 447.62380536552519 2082.8153557484038 1111.9739138062578 281.44597920589149 68.254823927301913 502.73796020168811 66.104619056219235 553.08797184657305 1752.2060121987015 716.90940999542363 149.27180963777937 1991.2252001678571 158.23105496261269 158.74261561781168 379.51645534764975 370.79087647143751 2535.4892494417727 1792.8161036642268 407.76645507104695 996.27316907048225
leaf_count=7818 1216 662 320640 10385 1852 171054 1982 844 763 1315 7065 13112 15613 4082 1119 7253 958 6049 7482 11384 1699 9070 939 1071 1119 1756 9469 6383 1686 3403
internal_value=-0.0005163 0.0287949 -0.0209486 -0.0128365 0.00827338 -0.0186215 0.00886322 0.0430024 0.0331599 0.0593005 -0.00105023 0.0321149 -0.00327312 0.00741371 0.00367342 0.0109743 0.0718159 0.0195399 0.0238777 0.00495466 0.0194641 0.0351438 0.0447383 0.0809302 0.0331971 0.0343789 0.0326692 0.0263178 0.0387618 0.0490319
internal_weight=43253.1 17766.2 25486.9 10980.5 3133.23 8674.13 2306.41 664.253 14633 572.526 2468.98 14060.4 2394.13 1282.16 2091.47 1503.28 134.359 834.534 3835.02 1368.92 652.01 10225.4 1751.54 316.974 8473.88 8094.36 7723.57 3784.04 3939.53 1404.04
internal_count=629243 101553 527690 207050 36167 172270 34780 2696 65386 2078 33471 63308 32809 17196 32798 22413 2077 10131 20594 20336 8952 42714 9828 2010 32886 31767 30011 15453 14558 5089
cat_boundaries=0 1 2 3 4
cat_threshold=122978 57448 49152 57344
is_linear=0
shrinkage=0.03


Tree=19
num_leaves=31
num_cat=4
split_feature=6 32 32 27 27 32 28 4 19 22 15 22 28 22 22 15 6 20 0 20 28 28 32 5 9 19 30 30 20 10
split_gain=27000.5 1623.42 1387.43 1464.67 962.562 666.902 606.078 447.944 472.832 414.692 380.713 382.604 353.478 391.762 337.041 301.77 294.798 221.841 271.259 216.283 204.179 407.688 176.758 164.928 243.627 173.736 162.857 158.307 156.088 358.344
threshold=544.50000000000011 0 1 1.0000000180025095e-35 11.500000000000002 2 113.50000000000001 7.5000000000000009 4.0833332538604745 57.500000000000007 1.0000000180025095e-35 1.5000000000000002 4.5000000000000009 41.500000000000007 61.500000000000007 1.0000000180025095e-35 39.500000000000007 0.75002405047416698 1.5000000000000002 2.9723354578018193 5.5000000000000009 6.5000000000000009 3 3.5000000000000004 1.5000000000000002 3.6166666746139531 80.500000000000014 2.5000000000000004 4.2981061935424814 1.5000000000000002
decision_type=2 9 9 2 2 9 2 2 2 2 2 2 2 2 2 2 2 2 2 2 2 2 9 2 2 2 2 2 2 2
left_child=1 7 3 5 10 -2 9 16 -9 19 11 -3 -13 -14 -7 -6 17 -1 23 20 -5 -22 -18 24 -19 -25 -23 -24 -4 -30
right_child=2 4 28 6 15 14 -8 8 -10 -11 -12 12 13 -15 -16 -17 22 18 -20 -21 21 26 27 25 -26 -27 -28 -29 29 -31
leaf_value=0.029724333901839796 0.033077762486835485 0.051718008610283653 -0.027423395221416673 -0.018644945192393292 0.057776330706332625 -0.021562532452247027 0.055029517776590743 0.029830347642406715 0.0845094208730547 0.047060448587859315 -0.015408661836294843 -0.0098664308926450749 -0.0042756214939474249 0.047561605616216952 0.0012954949116676022 0.017568771277913241 0.024080529845580088 0.075311965949995882 0.026434337331004077 0.05031720054601669 0.05373381666642299 -0.0049148826328134594 0.01402422971963695 0.045959670909603095 0.039995966842532003 0.023051863466711647 0.039312933262196377 -0.027411743550342708 -0.023094659722202582 0.0682430537057373
leaf_weight=9092.2182369194925 211.98728869017214 163.34359406470321 13911.261827130103 518.03796368907206 362.91389094572514 7665.0685901120305 225.55479984194972 284.48836577124894 287.25946513935924 177.86841894034296 1003.3540671253577 766.28991627274081 257.78915428044274 265.9188577439636 628.01027137762867 314.33936615847051 1792.2025892762467 339.66939153848216 1055.5373263191432 70.978347453987226 130.27156002819538 1118.3451739107259 275.4913262813352 1004.5381811149418 373.51043485477567 428.35489823762327 79.30847784713842 117.57102023856714 162.26362121687271 49.652272049570456
leaf_count=38137 1185 1797 316030 9513 1447 158933 1973 767 1281 1652 14838 11046 3450 2177 12078 1201 9827 2083 2740 1094 1880 17423 2326 4022 1682 1323 1135 1098 3465 1209
internal_value=-0.000554223 0.0272465 -0.0208182 -0.0126952 0.00750654 -0.0184702 0.00841685 0.0313303 0.057402 0.00337405 -0.00120358 0.00860714 0.00311247 0.0220858 -0.0198077 0.0391679 0.0303185 0.0321245 0.0389295 -0.000701925 -0.00268982 0.00354379 0.0201483 0.04506 0.056898 0.0391324 -0.00195577 0.00155258 -0.027015 -0.00147407
internal_weight=43133.4 18184.8 24948.6 10825.4 3133.95 8505.07 2320.36 15050.8 571.748 2094.81 2456.7 1453.34 1290 523.708 8293.08 677.253 14479.1 12293.8 3201.61 1916.94 1845.96 1327.93 2185.26 2146.07 713.18 1432.89 1197.65 393.062 14123.2 211.916
internal_count=628812 101242 527570 206866 35956 172196 34670 65286 2048 32697 33308 18470 16673 5627 171011 2648 63238 49987 11850 31045 29951 20438 13251 9110 3765 5345 18558 3424 320704 4674
cat_boundaries=0 1 2 3 4
cat_threshold=122978 57448 49152 122880
is_linear=0
shrinkage=0.03


Tree=20
num_leaves=31
num_cat=4
split_feature=6 32 32 21 32 20 22 10 19 4 15 6 19 22 32 20 22 6 26 29 11 29 15 20 10 8 2 9 11 15
split_gain=25234.5 1387.29 1353.73 953.681 733.335 586.207 582.64 556.095 465.066 400.926 377.657 438.745 369.844 311.177 276.588 258.714 328.037 211.725 270.606 185.743 304.559 211.049 180.589 165.292 312.104 137.466 178.255 138.067 158.296 178.392
threshold=544.50000000000011 0 1 1.5000000000000002 2 1.4288458824157717 57.500000000000007 1.5000000000000002 0.35000000894069677 7.5000000000000009 1.0000000180025095e-35 80.500000000000014 4.1499998569488534 4.5000000000000009 3 5.0052855014801034 59.500000000000007 62.500000000000007 13.000000000000002 41.500000000000007 1.5000000000000002 175.50000000000003 1.0000000180025095e-35 4.1002490520477304 1.5000000000000002 4.5000000000000009 21.500000000000004 7.5000000000000009 1.0000000180025095e-35 1.5000000000000002
decision_type=2 9 9 2 9 2 2 2 2 2 2 2 2 2 9 2 2 2 8 2 2 2 2 2 2 2 2 2 2 2
left_child=2 4 3 -1 -2 6 22 -7 -9 14 11 15 -11 -12 19 16 -5 18 -16 25 21 -21 -6 -3 -25 26 27 28 29 -4
right_child=1 23 9 10 5 7 -8 8 -10 12 13 -13 -14 -15 17 -17 -18 -19 -20 20 -22 -23 -24 24 -26 -27 -28 -29 -30 -31
leaf_value=0.06755822414605811 0.037934055128565534 -0.027333023855041255 0.026872168241918199 -0.0015661055669042184 -0.014809867828447917 -0.0078419092909303486 0.0068724254311185598 0.10115704488909549 0.014256690210938155 0.029424198695101638 0.0060984727833613937 0.067368615987509789 0.077181767268753032 -0.023932082897874848 0.052162952565523515 0.049966599589721342 0.036878779220703657 0.0012277836308786131 0.021499468502111495 0.040025235767882014 0.021301349584208144 0.068185578277098577 -0.023938751301325254 -0.022312629389329295 0.058067562221912568 0.043736187512248684 0.0082565804041760341 0.042910188379204392 0.033649530259978466 0.010410619331996671
leaf_weight=222.70451735565439 244.30615871679038 13504.179872066714 3486.7958237025887 1221.7919803217519 6040.0187191164587 351.79436819208786 955.91540473583154 98.103802046505734 126.64442222448997 288.69587214104831 606.05369367264211 120.70424136286601 298.28847097232938 635.18661058600992 280.62236837297678 122.36445266427472 237.77390079875477 413.2857057119254 3323.6794272928964 1655.2231509611011 723.17709701415151 282.38715779967606 2887.3760756582487 165.18621962354518 57.87893572053872 522.14579944498837 399.61639350280166 581.68199738953263 2482.7260097116232 715.83040018565953
leaf_count=1096 1357 315254 14977 15305 120292 5818 16605 1655 1982 777 5413 1404 1267 10266 1672 434 2108 3160 15815 6104 2365 1142 59505 3626 1317 1729 1238 2214 10517 2242
internal_value=-0.00052397 -0.020575 0.0257838 0.00781844 -0.0124377 -0.0136528 -0.0153814 0.0157188 0.0524692 0.0294401 0.00330426 0.0124756 0.0537832 -0.00927612 0.0284952 0.00824722 0.00471781 0.0215157 0.0239007 0.0310291 0.0379593 0.0441624 -0.0177648 -0.0268904 -0.00129023 0.0288108 0.0277887 0.0288615 0.0276329 0.0240714
internal_weight=43052.1 24431.4 18620.7 3166.58 10704.2 10459.9 9883.31 576.543 224.748 15454.2 2943.87 1702.63 586.984 1241.24 14867.2 1581.93 1459.57 4017.59 3604.3 10849.6 2660.79 1937.61 8927.39 13727.2 223.065 8188.8 7666.65 7267.03 6685.35 4202.63
internal_count=628656 527411 101245 36026 207214 205857 196402 9455 3637 65219 34930 19251 2044 15679 63175 17847 17413 20647 17487 42528 9611 7246 179797 320197 4943 32917 31188 29950 27736 17219
cat_boundaries=0 1 2 3 4
cat_threshold=57448 7564 49152 57344
is_linear=0
shrinkage=0.03


Tree=21
num_leaves=31
num_cat=7
split_feature=6 32 28 32 28 15 28 14 3 32 28 22 15 6 28 22 3 32 6 21 20 32 28 19 22 28 20 32 32 30
split_gain=23349.5 1381.32 1433.15 1256.16 717.737 585.588 1422.88 490.475 807.123 436.756 430.95 404.976 342.811 331.06 537.716 265.843 250.222 233.559 223.268 220.942 213.268 196.693 195.852 183.725 372.047 337.968 164.232 252.711 150.24 588.487
threshold=544.50000000000011 0 4.5000000000000009 1 95.500000000000014 1.0000000180025095e-35 113.50000000000001 1.0000000180025095e-35 15.500000000000002 2 683.50000000000011 57.500000000000007 1.0000000180025095e-35 59.500000000000007 1.0000000180025095e-35 82.500000000000014 3.5000000000000004 3 51.500000000000007 3.5000000000000004 2.9034712314605717 4 6.5000000000000009 0.25000000745058065 27.500000000000004 5.5000000000000009 4.2981061935424814 5 6 555.50000000000011
decision_type=2 9 2 9 2 2 2 2 2 9 2 2 2 2 2 2 2 9 2 2 2 9 2 2 2 2 2 9 9 2
left_child=3 2 9 10 12 6 11 8 -6 -2 16 22 13 -5 -15 20 18 -13 19 21 -11 -1 23 24 25 -4 -3 -28 -18 -30
right_child=1 26 5 4 7 -7 -8 -9 -10 15 -12 17 -14 14 -16 -17 28 -19 -20 -21 -22 -23 -24 -25 -26 -27 27 -29 29 -31
leaf_value=0.018463413330158877 0.024760811067938295 -0.027249788316094536 0.012308334928017944 -0.0037976212834939451 0.085998661832475842 -0.01665889406364331 0.099617147271384723 0.002993002541115489 0.0081379165072589105 -0.022223018934357439 0.066664547925470774 0.065789270363797531 -0.01593553018942772 -0.016199385192015019 0.04547245099444179 0.01370613557677092 0.033087450342338204 0.0066654947336260741 0.0080411443106099805 0.019531386643328961 0.037712663608014098 0.052575047713363333 -0.003366038474361289 -0.011803495596362533 -0.0061378052983285707 0.10448821284739253 0.043364520311125622 -0.022953659626267466 0.028527364406787881 -0.0034217510561415192
leaf_weight=303.27900341199711 187.91923989541829 13177.203605213901 61.937171932309866 913.12326699495316 261.4684301498346 866.79612306598574 155.35032842261717 330.3075700988993 220.90117373131216 6903.3802156231832 248.06839118152857 137.73073029983789 909.04320827801712 188.81871269200929 386.49265864770859 194.909178778762 5075.8473801268265 119.73791053565219 1011.7516043512151 2055.7757781888358 52.981994754634798 403.67468604026362 1572.6806019020732 108.77528620511293 114.13741346308962 84.795745414448902 67.437366221798584 140.78711280599236 6292.6789070279337 565.27508576773107
leaf_count=1469 971 316133 981 12227 1500 15137 1455 1824 690 150194 1007 1465 13718 2777 3391 3566 18301 898 6485 10321 1023 2276 26023 1670 1819 1494 1567 3061 24271 1105
internal_value=-0.000658277 -0.0204096 -0.0122563 0.0240188 0.00681157 0.0044105 0.0121687 0.0311786 0.0504329 -0.0195894 0.0274585 0.00595063 -0.00142933 0.0074349 0.0252386 -0.0207637 0.0268526 0.0412287 0.0201086 0.0245233 -0.0217612 0.0389915 0.00125548 0.020874 0.0344927 0.065925 -0.0268121 -0.00039513 0.0289837 0.0258561
internal_weight=43113.1 23946.6 10561.1 19166.5 3210.16 3221.94 2355.15 812.677 482.37 7339.19 15956.4 2199.79 2397.48 1488.43 575.311 7151.27 15708.3 257.469 3774.48 2762.73 6956.36 706.954 1942.33 369.646 260.87 146.733 13385.4 208.224 11933.8 6857.95
internal_count=628819 527457 206696 101362 36127 50942 35805 4014 2190 155754 65235 34350 32113 18395 6168 154783 64228 2363 20551 14066 151217 3745 31987 5964 4294 2475 320761 4628 43677 25376
cat_boundaries=0 1 2 3 4 5 6 7
cat_threshold=57448 122978 49152 8 98306 203266 49154
is_linear=0
shrinkage=0.03


Tree=22
num_leaves=31
num_cat=4
split_feature=6 32 28 32 1 27 1 15 20 4 19 10 19 28 32 15 28 19 6 28 19 6 19 19 1 6 32 20 30 20
split_gain=22037.4 1421.79 1496.89 1071.14 875.037 652.852 582.265 503.906 417.438 409.45 391.875 485.776 384.741 373.911 354.269 319.907 304.059 302.268 273.976 256.93 576.698 233.628 310.084 267.166 302.643 200.584 184.085 172.849 146.815 139.008
threshold=544.50000000000011 0 4.5000000000000009 1 1.5000000000000002 9.5000000000000018 12.500000000000002 1.0000000180025095e-35 1.6669635176658633 7.5000000000000009 0.15000000596046451 1.0000000180025095e-35 4.0833332538604745 4.5000000000000009 2 1.0000000180025095e-35 110.50000000000001 0.083333335816860213 47.500000000000007 6.5000000000000009 1.0000000180025095e-35 62.500000000000007 17.016666412353519 4.2833335399627694 6.5000000000000009 1.5000000000000002 3 2.9723354578018193 39.500000000000007 4.1002490520477304
decision_type=2 9 2 9 2 2 2 2 2 2 2 2 2 2 9 2 2 2 2 2 2 2 2 2 2 2 9 2 2 2
left_child=3 2 14 9 10 8 -6 16 15 21 11 13 -11 -5 -2 17 -7 19 -15 20 -4 22 23 24 26 -25 -1 -16 -21 -3
right_child=1 29 5 4 6 7 -8 -9 -10 12 -12 -13 -14 18 27 -17 -18 -19 -20 28 -22 -23 -24 25 -26 -27 -28 -29 -30 -31
leaf_value=0.028328472493663243 0.019333342203713386 -0.027224658846989075 0.0077622303819340323 -0.011339260932515107 0.067132968846862817 0.037744619566479266 0.0093530612682509867 -0.0015147589238808435 0.053901811193608117 0.02578748225299585 -0.013901085879576282 0.063073406674470173 0.073141781781665152 -0.0080483635824792898 -0.021061487984256739 -0.02153838344620871 0.10135811926279033 -0.008920165504293625 0.035340275002734685 0.0018055562738710411 0.10720702407046168 0.0095377759585136297 0.0583606045750302 0.0025442238343512187 0.04952961078814816 0.022742368373160307 0.019809123035299265 0.032637227777072557 0.044948784256420911 -0.0033379352346170018
leaf_weight=8854.0581931490451 199.91645152308047 12804.00954030198 152.524582776241 676.27495648688637 317.76350545673631 178.21188182430342 309.9901103277225 180.96510842442513 120.37399462424219 304.53087609261274 1142.4448035792448 137.56509884214029 315.78335613012314 193.64460441912524 6952.962621177081 634.92105040024035 110.09260086808354 989.01198912295513 401.6884518400766 706.24699995131232 79.157784727402031 822.28256506193429 261.07404818385839 734.30191621277481 512.5442277668044 1113.6029047067277 3428.0553512121551 53.520825535524637 77.934025676222518 223.38949080510065
leaf_count=33548 981 315597 2196 9999 1906 1845 852 1877 1805 769 15499 1920 1321 2380 153843 12714 772 17075 3420 10429 1316 5253 1164 1256 1746 4236 15989 991 952 4946
internal_value=-0.000589539 -0.0201835 -0.0118917 0.0229557 0.00693889 0.00506848 0.038661 0.0377417 -0.000498111 0.0260502 -0.000850342 0.00973251 0.0499731 0.00391696 -0.0195082 -0.0029982 0.0623026 0.00288107 0.0212374 0.0143678 0.0420538 0.02512 0.025979 0.0253977 0.0269383 0.0147219 0.0259916 -0.0206173 0.00614503 -0.0267948
internal_weight=42988.8 23463.2 10435.8 19525.6 3179.37 3229.44 627.754 469.27 2760.17 16346.2 2551.62 1409.17 620.314 1271.61 7206.4 2639.8 288.304 2004.88 595.333 1015.86 231.682 15725.9 14903.6 14642.6 12794.7 1847.9 12282.1 7006.48 784.181 13027.4
internal_count=628597 527339 206796 101258 35976 50981 2758 4494 46487 65282 33218 17719 2090 15799 155815 44682 2617 31968 5800 14893 3512 63192 57939 56775 51283 5492 49537 154834 11381 320543
cat_boundaries=0 1 2 3 4
cat_threshold=57448 122978 49152 57344
is_linear=0
shrinkage=0.03


Tree=23
num_leaves=31
num_cat=5
split_feature=3 32 28 32 27 15 28 22 32 21 19 22 27 3 21 30 3 32 22 32 21 5 19 9 5 3 22 28 11 28
split_gain=21070.9 1395.18 1367.86 953.03 776.146 541.942 1148.86 440.344 366.419 342.766 314.843 376.396 272.361 256.965 422.347 325.908 286.709 263.518 241.295 221.234 358.697 350.018 247.218 467.658 237.493 213.996 207.064 168.012 182.334 629.328
threshold=1.0000000180025095e-35 0 4.5000000000000009 1 11.500000000000002 1.0000000180025095e-35 113.50000000000001 59.500000000000007 2 2.5000000000000004 0.15000000596046451 2.5000000000000004 1.0000000180025095e-35 10.500000000000002 1.0000000180025095e-35 2.5000000000000004 16.500000000000004 3 81.500000000000014 4 3.5000000000000004 7.5000000000000009 0.65000000596046459 2.5000000000000004 8.5000000000000018 11.500000000000002 3.5000000000000004 6.5000000000000009 1.0000000180025095e-35 5.5000000000000009
decision_type=2 9 2 9 2 2 2 2 9 2 2 2 2 2 2 2 2 9 2 9 2 2 2 2 2 2 2 2 2 2
left_child=1 2 8 4 9 6 7 27 -1 -2 11 -11 -13 17 16 -16 -15 -5 26 20 21 -17 24 -24 -21 -6 -10 28 -4 -30
right_child=3 -3 5 13 25 -7 -8 -9 18 10 -12 12 -14 14 15 19 -18 -19 -20 22 -22 -23 23 -25 -26 -27 -28 -29 29 -31
leaf_value=0.020083267204484674 0.056534030536191056 -0.026650347738728455 -0.00090180876376233228 0.025596535518399945 0.047793194996982397 -0.016298025190275536 0.084592815681096556 0.043882531043296986 -0.011787098440407217 0.066664331568030352 -0.01540453911012628 -0.0075551949287955633 0.022650500977167629 0.02881494343109511 0.051639273413232621 0.016959212752719284 0.069041613301945456 0.015000123650323287 0.011441795584581606 0.062157666406991274 0.0086554272802723681 0.056584339622825525 -0.00083659098376217276 0.031616920251253712 0.02540879957112618 0.015209048690536572 -0.024266326604095428 -0.0032820581323290011 -0.01569813124681017 0.093821943550679743
leaf_weight=202.08607708383352 88.735014433274046 12674.679667148041 206.44434010400437 6315.1410128879361 427.20858881343156 848.57596435490996 178.46095546334982 241.2624447690323 1566.1343695644755 86.700949703110382 1052.6339351667557 821.31704129045829 398.04903506371193 275.43230541050434 452.6000763848424 485.06975493486971 385.42941946256906 3367.0961980009452 207.7589123044163 377.60341928806156 1447.8452683938667 342.7076213862747 478.71945143956691 2416.0113065820187 275.76492609642446 317.00119976513088 5113.7123456394766 1597.7571789091453 92.620153297670186 94.816347951535136
leaf_count=983 662 320219 3220 25757 1893 15240 1445 2059 35492 1256 15389 11683 4049 906 1686 1503 1666 17177 3825 1853 3747 1230 1218 7599 880 766 115871 26283 1339 1467
internal_value=-0.000458634 -0.0199756 -0.0117626 0.0222238 0.00712433 0.00430904 0.0115646 0.00569265 -0.0191687 -0.00101503 -0.00320309 0.00663502 0.00231561 0.0251035 0.0295298 0.0271196 0.0523449 0.0219554 -0.0203228 0.0252054 0.0175946 0.0334129 0.0299465 0.0262514 0.0467097 0.0339528 -0.0213427 0.00104672 0.01857 0.0399074
internal_weight=42835.4 23024.3 10349.6 19811.1 3191.65 3259.94 2411.36 2232.9 7089.69 2447.44 2358.7 1306.07 1219.37 16619.4 6937.18 6276.32 660.862 9682.24 6887.61 5823.72 2275.62 827.777 3548.1 2894.73 653.368 744.21 6679.85 1991.64 393.881 187.437
internal_count=628363 527443 207224 100920 35698 51053 35813 34368 156171 33039 32377 16988 15732 65222 22288 19716 2572 42934 155188 18030 6480 2733 11550 8817 2733 2659 151363 32309 6026 2806
cat_boundaries=0 1 2 3 4 5
cat_threshold=57448 7564 49152 57408 8256
is_linear=0
shrinkage=0.03


Tree=24
num_leaves=31
num_cat=0
split_feature=6 5 27 6 4 19 15 28 27 22 28 2 2 28 1 28 22 20 10 19 22 6 28 6 11 22 19 28 19 11
split_gain=19737.8 782.954 752.458 417.024 381.514 359.189 334.814 328.207 342.068 332.641 236.806 233.623 435.016 394.944 242.006 206.332 222.722 198.618 428.351 649.875 215.425 192.823 161.955 145.349 124.879 119.237 111.645 105.738 175.266 227.815
threshold=544.50000000000011 1.5000000000000002 9.5000000000000018 3.5000000000000004 7.5000000000000009 4.0166666507720956 1.0000000180025095e-35 16.500000000000004 189.50000000000003 15.500000000000002 1.0000000180025095e-35 23.500000000000004 36.500000000000007 1045.5000000000002 9.5000000000000018 9.5000000000000018 42.500000000000007 1.6984578371047976 1.5000000000000002 0.35000000894069677 57.500000000000007 83.500000000000014 379.50000000000006 39.500000000000007 10.500000000000002 27.500000000000004 0.15000000596046451 4.5000000000000009 0.11666667088866235 1.0000000180025095e-35
decision_type=2 2 2 2 2 2 2 2 2 2 2 2 2 2 2 2 2 2 2 2 2 2 2 2 2 2 2 2 2 2
left_child=1 3 17 -1 10 -6 15 9 -9 -4 23 13 -13 14 22 21 25 20 -19 -20 27 -5 24 -3 -12 26 -17 -2 29 -29
right_child=2 4 7 6 5 -7 -8 8 -10 -11 11 12 -14 -15 -16 16 -18 18 19 -21 -22 -23 -24 -25 -26 -27 -28 28 -30 -31
leaf_value=0.033866929720817805 -0.024688485740034346 0.018421667819726872 0.0077172487949213019 -0.00044965174238141813 0.023659729267047264 0.068787053270952678 -0.011568709987185852 -0.011485501202641888 0.028797679705333635 0.099144435616984786 0.025853802293878458 -0.0016682089173421955 0.036344437000351108 0.061649255327182739 0.05294467871680613 0.035931912492732115 0.041083439900318638 -0.02046401788448405 0.09726869592344721 -0.0056276886983929481 -0.013026729821817644 0.035018591962596775 0.0031738429913000382 0.00083666822296170839 0.010158156947123763 -0.010959009456192898 0.011036036875130491 -0.017656710235789873 -0.023229676386583496 0.0068201464096102823
leaf_weight=553.97621527337469 11164.182879331289 2158.7494449794758 90.204358015209436 1403.5687452990096 312.11127212643623 325.41463718190789 773.76406591245905 907.01366384653375 238.83556435327046 58.604335254523903 10137.29764164798 751.40230138739571 422.68307168479078 274.03518894687295 276.23420735867694 208.51098492834717 314.80529282055795 663.48116380278952 77.183905751211569 187.92534793447703 2250.770113021601 151.98389615444466 311.07942878454924 526.19316634791903 479.53221430326812 165.30108858901076 724.44984074332751 1790.6827363772318 4710.5334217469208 422.45855469768867
leaf_count=2723 271956 9727 1676 13963 761 1335 10586 18875 1838 1003 39164 1879 1355 1057 968 1798 2090 15444 1540 3977 50269 1335 749 3878 1947 1458 4456 39111 112724 9297
internal_value=-0.000514765 0.0209695 -0.0198177 0.00959755 0.0240271 0.0467659 0.00599692 0.00238566 -0.00307127 0.0441449 0.023079 0.024797 0.012036 0.0261011 0.0252262 0.0105777 0.0188719 -0.0211694 -0.00759078 0.0245825 -0.021789 0.00303601 0.0245208 0.014977 0.0251459 0.0124736 0.0166326 -0.0228785 -0.0199568 -0.0129834
internal_weight=42833 20271.1 22561.9 4296.36 15974.7 637.526 3742.38 1294.66 1145.85 148.809 15337.2 12652.3 1174.09 11478.2 11204.1 2968.62 1413.07 21267.2 928.59 265.109 20338.6 1555.55 10927.9 2684.94 10616.8 1098.26 932.961 18087.9 6923.67 2213.14
internal_count=628939 101229 527710 38409 62820 2096 35686 23392 20713 2679 60724 47119 3234 43885 42828 25100 9802 504318 20961 5517 483357 15298 41860 13605 41111 7712 6254 433088 161132 48408
is_linear=0
shrinkage=0.03


Tree=25
num_leaves=31
num_cat=0
split_feature=6 27 6 30 15 27 4 30 22 10 21 11 5 4 1 6 22 3 27 10 18 22 19 11 27 3 11 11 11 19
split_gain=18627.7 738.093 682.832 454.239 461.18 391.77 372.693 315.992 318.641 250.765 219.147 346.467 562.738 383.328 202.159 197.608 195.834 177.106 174.886 196.347 563.991 743.683 124.21 248.257 531.952 114.943 206.877 126.724 192.636 113.454
threshold=544.50000000000011 9.5000000000000018 16.500000000000004 5.5000000000000009 1.0000000180025095e-35 4.5000000000000009 9.5000000000000018 110.50000000000001 40.500000000000007 1.5000000000000002 1.5000000000000002 1.5000000000000002 5.5000000000000009 2.5000000000000004 23.500000000000004 83.500000000000014 57.500000000000007 65.500000000000014 1.0000000180025095e-35 1.5000000000000002 0.78571429848670971 1.0000000180025095e-35 0.11666667088866235 1.0000000180025095e-35 1.5000000000000002 3.5000000000000004 1.5000000000000002 4.5000000000000009 14.500000000000002 1.7833333015441897
decision_type=2 2 2 2 2 2 2 2 2 2 2 2 2 2 2 2 2 2 2 2 2 2 2 2 2 2 2 2 2 2
left_child=2 16 6 4 5 15 10 8 9 -3 11 13 -13 -1 17 -4 18 25 -2 22 21 -21 23 -20 -25 26 -12 29 -29 -27
right_child=1 7 3 -5 -6 -7 -8 -9 -10 -11 14 12 -14 -15 -16 -17 -18 -19 19 20 -22 -23 -24 24 -26 27 -28 28 -30 -31
leaf_value=0.010398642904341487 -0.023516433932414923 -0.003781670645810079 0.0043792453785148639 0.018520402938555079 -0.019191661226065283 0.056229177217841077 0.05872122839264337 -0.014784217254812035 0.062871155294915368 0.039811197503199322 0.023285061835474172 0.07259061925777309 0.02229785826706197 0.045561217085251147 0.0029748879038684331 0.04394796522243042 -0.012496639385140467 0.041128902444265765 -0.018155947066026537 0.13049718511303249 -0.016762124221368802 -0.020109581174730884 -0.023031639106273219 0.074106102488092712 -0.014345261368269096 0.025147574411262086 0.0025394140799490767 0.045808653653855211 0.014227607341880598 0.016945785384398452
leaf_weight=802.79650996997952 14314.624022347154 473.79814136761706 1994.1330020555761 5314.5801925193518 619.17772200028412 152.83190468978137 278.87976282462478 545.34055461466778 107.20653370441869 157.42539474507794 1099.773278277833 409.48235023207963 393.41429786011577 427.3697165530175 485.36769344843924 119.48023967980407 2225.6453394289128 453.64070695731789 1111.0548457984114 60.630363473086618 372.88925446406938 56.168417130014859 2408.1077567971079 87.92721578408964 195.44608124042861 4277.7304770974442 713.16571671725251 511.24895322159864 264.9518638192676 2369.1493114787154
leaf_count=2343 354922 7227 20319 23798 9307 941 1066 12269 1801 1911 6431 1961 1120 1461 954 1149 50340 1449 24331 1274 8005 1174 58195 1804 4474 14985 4434 2180 973 6692
internal_value=-0.000415532 -0.0195557 0.0200468 0.0133183 0.00373434 0.0100033 0.024464 0.00251985 0.0153018 0.00713604 0.0236767 0.0326771 0.0480059 0.0226415 0.0218753 0.00663575 -0.0209161 0.0228217 -0.0219225 -0.0166025 0.00127531 0.0585147 -0.0189045 -0.0117659 0.0132642 0.0219181 0.0151301 0.0235737 0.0350608 0.0222272
internal_weight=42803.4 22116.3 20687.2 8200.2 2885.62 2266.45 12487 1283.77 738.43 631.224 12208.1 2033.06 802.897 1230.17 10175 2113.61 20832.5 9689.66 18606.8 4292.22 489.688 116.799 3802.54 1394.43 283.373 9236.02 1812.94 7423.08 776.201 6646.88
internal_count=629290 527727 101563 55514 31716 22409 46049 23208 10939 9138 44983 6885 3081 3804 38098 21468 504519 37144 454179 99257 10453 2448 88804 30609 6278 35695 10865 24830 3153 21677
is_linear=0
shrinkage=0.03


Tree=26
num_leaves=31
num_cat=5
split_feature=6 32 28 32 28 22 10 22 3 21 14 3 32 32 4 11 14 20 28 22 22 21 11 28 11 30 28 10 3 32
split_gain=17307.4 1415.71 1300.65 758.072 565.808 447.954 415.783 589.589 404.846 930.889 551.508 833.731 400.534 298.147 294.453 581.988 469.19 279.422 305.19 256.058 255.33 250.335 412.731 202.774 290.161 256.494 200.962 200.138 277.849 242.914
threshold=544.50000000000011 0 4.5000000000000009 1 1.0000000180025095e-35 59.500000000000007 1.0000000180025095e-35 40.500000000000007 23.500000000000004 1.5000000000000002 1.0000000180025095e-35 1.5000000000000002 2 3 3.5000000000000004 6.5000000000000009 1.0000000180025095e-35 1.4288458824157717 113.50000000000001 81.500000000000014 12.500000000000002 3.5000000000000004 1.0000000180025095e-35 213.50000000000003 13.500000000000002 973.50000000000011 4.5000000000000009 1.0000000180025095e-35 3.5000000000000004 4
decision_type=2 9 2 9 2 2 2 2 2 2 2 2 9 9 2 2 2 2 2 2 2 2 2 2 2 2 2 2 2 9
left_child=3 2 12 14 -5 17 7 -6 9 -8 11 -11 -2 -7 23 16 21 20 -19 -14 -4 22 -16 24 27 -25 -9 -1 -29 -30
right_child=1 -3 5 4 6 13 8 26 -10 10 -12 -13 19 -15 15 -17 -18 18 -20 -21 -22 -23 -24 25 -26 -27 -28 28 29 -31
leaf_value=0.017716425481992454 0.02364306242384346 -0.026420235111032309 -0.0096693992513466887 -0.017137293644112876 -0.011314211680594823 0.071367873428666725 0.110181146966449 -0.0026058061693469492 -0.0041180568780422215 0.002767909516852237 -0.012700776949103839 0.086906725274262464 -0.020917463603149933 0.0054711619660722495 0.056149680707093946 0.062837161933816096 0.055570721331496716 0.0057846625091142112 0.065431512432658948 0.013339845378892996 0.0095038355579842426 0.014129966436782814 0.015736156632468603 0.047966168307021481 -0.0034147056308713722 0.014988522532470877 0.041173447766348535 0.012885119911028893 0.062397314157539539 0.028373896506450669
leaf_weight=10965.572272709105 189.7726723914966 11877.11312979064 1546.7073674283456 762.87773923948407 991.66466903942637 133.0302562462166 130.81758979707956 129.43111112108454 289.0291685401462 218.24577111750841 246.85440984321758 205.19906791322865 6247.7685917576309 124.82667201012373 398.61138533428311 401.90033499896526 386.09586737677455 216.09545029327273 119.30840935162269 202.09842425095849 1047.6701538746711 1914.9418440274894 530.48866858892143 478.59323480632156 530.71053798682988 383.10867945384234 346.20024907006882 638.17779531236738 276.84924763534218 827.16448538796976
leaf_count=43298 960 320777 28200 12662 12187 1261 717 1353 1135 2218 1813 1567 151297 866 1487 1594 1385 2857 927 3793 16891 4632 1280 1871 1606 941 2423 2857 1270 3003
internal_value=-0.000653226 -0.0194508 -0.0109878 0.0187264 0.00550592 0.00475157 0.0122859 0.00185544 0.0263104 0.0372799 0.0229093 0.0436498 -0.0185603 0.0425805 0.0211864 0.0288194 0.0245688 0.00140876 0.0271334 -0.0198114 -0.00192612 0.020342 0.0331165 0.0192334 0.0183128 0.0333388 0.0292796 0.0192204 0.0286709 0.037776
internal_weight=42756.9 21704.4 9827.28 21052.5 3320.32 3187.64 2557.44 1467.3 1090.15 801.117 670.299 423.445 6639.64 257.857 17732.2 3632.04 3230.14 2929.78 335.404 6449.87 2594.38 2844.04 929.1 14100.2 13238.5 861.702 475.631 12707.8 1742.19 1104.01
internal_count=629128 527829 207052 101299 36075 51002 23413 15963 7450 6315 5598 3785 156050 2127 65224 10378 8784 48875 3784 155090 45091 7399 2767 54846 52034 2812 3776 50428 7130 4273
cat_boundaries=0 1 2 3 4 5
cat_threshold=57448 122978 49152 8 16384
is_linear=0
shrinkage=0.03


Tree=27
num_leaves=31
num_cat=4
split_feature=6 32 28 28 32 15 28 28 32 22 15 32 6 10 19 22 22 28 27 27 1 19 22 20 10 27 22 15 30 15
split_gain=16568.9 1475.6 1320.08 735.037 1070.78 561.195 833.249 462.91 379.86 302.689 255.029 425.145 364.606 542.599 284.241 241.146 212.664 197.292 205.399 849.863 180.81 207.741 172.517 168.154 293.12 162.426 162.187 154.778 336.971 217.942
threshold=544.50000000000011 0 4.5000000000000009 3007.0000000000005 1 1.0000000180025095e-35 97.500000000000014 1.0000000180025095e-35 2 57.500000000000007 1.0000000180025095e-35 3 59.500000000000007 2.5000000000000004 4.8166668415069589 75.500000000000014 3.5000000000000004 6.5000000000000009 1.5000000000000002 1.0000000180025095e-35 6.5000000000000009 3.3499999046325688 62.500000000000007 3.9287607669830327 1.5000000000000002 13.500000000000002 19.500000000000004 2.5000000000000004 143.50000000000003 1.5000000000000002
decision_type=2 9 2 2 9 2 2 2 9 2 2 9 2 2 2 2 2 2 2 2 2 2 2 2 2 2 2 2 2 2
left_child=3 2 8 4 20 6 9 -6 -2 17 11 12 13 -9 -12 16 -10 18 19 -4 27 -22 26 -3 -25 -19 -14 29 -29 -1
right_child=1 23 5 -5 7 -7 -8 10 15 -11 14 -13 22 -15 -16 -17 -18 25 -20 -21 21 -23 -24 24 -26 -27 -28 28 -30 -31
leaf_value=0.019638321222612356 0.022351073998800649 -0.026895965051195424 0.0012027921752367945 0.070161238751095159 -0.017914542930616218 -0.016232470744080706 0.066795999928835822 0.00062135782979366196 -0.010760842726039844 0.035343930331771183 -0.008356122739255338 -0.022020336319892291 0.090965874083562936 0.064794601552525991 0.046560283512871517 0.0074471106364526049 -0.02395829164411652 -0.0052251536176056504 -0.012751595206755376 0.11696655479302807 0.047549686508040034 0.022989904949469047 0.025433196947994414 -0.022110353290488882 0.054489744009297347 0.034141335889559747 0.039166334602335373 0.018197030015224644 0.049496178058985985 0.0028758778391700032
leaf_weight=14257.515129433945 194.64675712678581 11357.341493643122 192.65121401869692 242.01412734296173 798.96359506668523 814.16620266763493 229.63682555034757 703.63667520321906 1447.4721066909842 288.67949853511527 921.54340986954048 217.40042130905204 104.07711280602962 141.6197120686993 92.418649401981384 284.36253794492222 4595.2031438983977 1389.3123633777723 111.18128302134573 80.115224409848452 455.53574441000819 979.92293466161937 206.05451203417033 157.345883171889 61.788314650650136 100.19979710970074 118.46916261408478 864.83260536380112 483.01647356338799 734.41772149922326
leaf_count=52982 963 315706 3599 1066 13073 15227 1787 6756 35360 2376 10262 1872 1235 788 687 5522 114284 24628 1379 1003 1471 2468 1126 3887 1409 1074 940 2734 1769 2016
internal_value=-0.000423444 -0.0191345 -0.010483 0.0182725 0.0176734 0.0052675 0.0125899 0.00194944 -0.0182413 0.00680451 0.00829685 0.0161856 0.0227126 0.0114372 -0.00330977 -0.019498 -0.0207993 0.0023904 0.0215359 0.0355072 0.0205833 0.0308115 0.0453995 -0.026371 -0.000362344 -0.00255583 0.0636897 0.0196956 0.0294418 0.0188174
internal_weight=42625.5 21304.1 9727.63 21321.4 21079.4 3205.94 2391.78 3304.18 6521.68 2162.14 2505.22 1491.26 1273.86 845.256 1013.96 6327.04 6042.68 1873.46 383.948 272.766 17775.2 1435.46 428.601 11576.5 219.134 1489.51 222.546 16339.8 1347.85 14991.9
internal_count=629449 528204 207202 101245 100179 51073 35846 36739 156129 34059 23666 12717 10845 7544 10949 155166 149644 31683 5981 4602 63440 3939 3301 321002 5296 25702 2175 59501 4503 54998
cat_boundaries=0 1 2 3 4
cat_threshold=57448 122976 49152 652
is_linear=0
shrinkage=0.03


Tree=28
num_leaves=31
num_cat=5
split_feature=6 32 27 32 27 32 28 32 15 28 28 6 14 3 4 19 11 28 19 28 6 28 20 32 5 3 11 11 5 19
split_gain=15596.3 1416.23 1215.4 575.433 532.623 471.747 354.11 404.388 837.903 664.007 511.484 339.426 333.155 283.762 280.621 348.29 248.893 287.43 244.463 235.84 207.423 195.391 171.277 170.501 179.541 319.087 208.422 353.838 192.206 316.37
threshold=544.50000000000011 0 1.0000000180025095e-35 1 5.5000000000000009 2 5.5000000000000009 3 1.0000000180025095e-35 115.50000000000001 6.5000000000000009 1.5000000000000002 1.0000000180025095e-35 7.5000000000000009 7.5000000000000009 4.0166666507720956 1.5000000000000002 16.500000000000004 0.15000000596046451 1.0000000180025095e-35 47.500000000000007 657.50000000000011 12.013824939727785 4 2.5000000000000004 3.5000000000000004 18.500000000000004 5.5000000000000009 5.5000000000000009 1.5833333730697634
decision_type=2 9 2 9 2 9 2 9 2 2 2 2 2 2 2 2 2 2 2 2 2 2 2 9 2 2 2 2 2 2
left_child=3 2 5 14 11 -2 -4 8 9 10 -8 -5 13 -6 21 -16 17 -12 19 -13 -21 23 -3 24 25 -1 27 28 29 -26
right_child=1 22 6 4 12 -7 7 -9 -10 -11 16 18 -14 -15 15 -17 -18 -19 -20 20 -22 -23 -24 -25 26 -27 -28 -29 -30 -31
leaf_value=0.022235637037083512 0.02315715256636474 -0.026532440995147701 -0.013507647403894261 0.049966819267972619 0.05831575559840417 -0.018054074893856114 0.096869715399061571 -0.0017896344378906185 -0.01027715288426885 0.11041830378605032 0.063231279972187041 -0.014310282780774045 -0.00033510582639906998 0.016540626282752269 0.016828476249070398 0.059997383879393025 -0.013829595719474492 0.0063509613265305218 -0.015275931759552743 -0.0089963571784805688 0.022251919991359618 0.043412429149346697 0.036355129514194159 0.013103969067924378 0.020783128119768565 0.051149852655763099 -0.0044979268158144344 0.045895479996945182 0.022053528042977735 0.0052568050681213469
leaf_weight=1809.9575883867219 251.83399134781212 11227.870350446203 521.69374612928368 108.81091115996242 310.60992224607617 7044.966367576737 91.980759108904749 786.78859042166732 353.7217556135729 120.06338665541261 155.62374708545394 415.27389346971177 296.51613328349777 277.96972005511634 339.13205503672361 334.86796699464321 138.91380536183715 163.84936638898216 991.21080841613002 271.77800894598477 640.04568892391399 280.83729067258537 38.28930733341258 4568.6648745699786 2571.0860213153064 424.31095341127366 346.33165753725916 426.16935896128416 5071.0722124744207 2185.7514674002305
leaf_count=7839 1218 319756 10412 685 1596 171041 1075 11706 4999 757 2025 7057 967 637 741 1314 2109 1732 15207 3935 5880 892 931 20131 9075 1991 809 1559 14514 6262
internal_value=-0.000579822 -0.0190723 -0.0105852 0.0172516 0.00567819 -0.0166218 0.00825172 0.0145241 0.0268024 0.0467511 0.032687 -0.00157181 0.0256027 0.038648 0.0193256 0.0383335 0.0196251 0.0341697 -0.0040113 0.00440743 0.0129384 0.01861 -0.0262922 0.0182073 0.0199969 0.0277472 0.0183797 0.0191528 0.0179886 0.0136514
internal_weight=42566 20895.6 9629.44 21670.4 3312.22 7296.8 2332.64 1810.94 1024.15 670.431 550.368 2427.12 885.096 588.58 18358.2 674 458.387 319.473 2318.31 1327.1 911.824 17684.2 11266.2 17403.3 12834.7 2234.27 10600.4 10254.1 9827.91 4756.84
internal_count=628852 527761 207074 101091 35964 172259 34815 24403 12697 7698 6941 32764 3200 2233 65127 2055 5866 3757 32079 16872 9815 63072 320687 62180 42049 9830 32219 31410 29851 15337
cat_boundaries=0 1 2 3 4 5
cat_threshold=57448 122978 49152 16392 57344
is_linear=0
shrinkage=0.03


Tree=29
num_leaves=31
num_cat=5
split_feature=3 32 32 32 20 22 1 1 19 10 10 17 21 4 19 22 15 20 32 32 5 11 2 30 29 11 29 30 11 11
split_gain=14432.5 1454.32 605.933 570.825 488.527 536.041 480.672 491.53 318.326 327.772 313.233 310.424 304.753 260.442 263.942 211.424 198.064 181.232 162.009 138.308 181.816 170.417 155.783 221.496 123.219 208.786 236.196 137.365 108.573 374.436
threshold=1.0000000180025095e-35 0 1 2 1.4288458824157717 57.500000000000007 1.5000000000000002 11.500000000000002 0.15000000596046451 1.0000000180025095e-35 1.5000000000000002 5.5000000000000009 4.5000000000000009 7.5000000000000009 4.0833332538604745 42.500000000000007 1.0000000180025095e-35 12.825098037719728 3 4 2.5000000000000004 1.5000000000000002 2.5000000000000004 124.50000000000001 43.500000000000007 1.5000000000000002 163.00000000000003 403.50000000000006 13.500000000000002 5.5000000000000009
decision_type=2 9 9 9 2 2 2 2 2 2 2 2 2 2 2 2 2 2 9 9 2 2 2 2 2 2 2 2 2 2
left_child=1 2 -1 13 5 16 8 -8 9 15 -6 12 -12 19 -15 -5 -4 18 -3 20 -2 22 23 -22 28 26 -26 -27 29 -21
right_child=3 17 4 6 10 -7 7 -9 -10 -11 11 -13 -14 14 -16 -17 -18 -19 -20 24 21 -23 -24 -25 25 27 -28 -29 -30 -31
leaf_value=0.032412195816627312 0.0069263767880916229 -0.019578458519434128 -0.012543782069214084 -0.0085601076499094968 -0.0050803862015287339 0.0081343216545212756 0.053393091914142911 0.0041303849985121341 -0.013466598954364748 0.048017201145266239 0.10655309823612158 -0.011879605021306363 0.02916065453515464 0.018081495755345438 0.055424584975510401 0.015593753919215365 -0.022928565148590378 0.041747912268142048 -0.028431249446506792 0.017235203047572183 0.011359146779815055 0.032759698181989039 0.0067098001129099619 0.044682191127458207 0.025157835616351602 0.023269012035508085 0.052143610301926178 -0.0012652449064146987 0.0027582454963091651 0.048370095599097405
leaf_weight=284.11322926636785 2203.1110792295076 2709.7033047088189 5331.5992538623977 688.62759314174764 325.94677263358608 947.22371001471765 329.40476775122806 407.03471331554465 1099.9437802364118 161.74786953045987 73.222938773455098 78.631621242268011 122.50362064293586 345.18724408186972 338.10853400081396 617.87190201762132 2399.2669631626923 34.503335744491778 8226.7153035161318 9530.7874058014713 451.43027458153665 596.7641267888248 1039.4657895937562 298.12146468553692 1912.198614324443 431.90479742269963 345.10750666074455 390.61052025202662 418.05172221572138 360.17067559016868
leaf_count=1431 11605 79225 120618 9938 5801 16769 1758 972 15328 1925 1115 925 1668 764 1297 5681 59389 827 240500 31697 1842 2250 2716 1290 5641 1357 1179 849 1130 1472
internal_value=-0.000508714 -0.0185901 -0.0100009 0.0163938 -0.0113365 -0.0131595 0.00484452 0.0262078 -0.00127045 0.0078693 0.0148063 0.0383651 0.0585083 0.0184262 0.0366136 0.00286597 -0.0157692 -0.0260422 -0.0262837 0.0177432 0.0131166 0.0188825 0.0142378 0.0246547 0.0193036 0.0245899 0.0293048 0.0116304 0.0177408 0.0183737
internal_weight=42499.1 20533.4 9562.51 21965.7 9278.39 8678.09 3304.63 736.439 2568.19 1468.25 600.305 274.358 195.727 18661 683.296 1306.5 7730.87 10970.9 10936.4 17977.7 4588.89 2385.78 1789.02 749.552 13388.8 3079.82 2257.31 822.515 10309 9890.96
internal_count=628959 528268 207716 100691 206285 196776 35602 2730 32872 17544 9509 3708 2783 65089 2061 15619 180007 320552 319725 63028 19703 8098 5848 3132 43325 9026 6820 2206 34299 33169
cat_boundaries=0 1 2 3 4 5
cat_threshold=57448 49152 123490 65538 65570
is_linear=0
shrinkage=0.03


Tree=30
num_leaves=31
num_cat=6
split_feature=6 32 28 32 28 15 28 32 15 6 10 22 22 27 3 22 22 3 28 27 27 20 32 32 5 30 6 32 30 20
split_gain=13841.9 1414.87 1234.63 554.352 467.27 404.673 671.172 333.693 318.877 331.288 310.651 262.129 250.61 246.571 236.3 212.364 209.814 182.011 170.125 184.817 615.972 169.017 348.341 164.318 159.96 148.616 139.517 144.744 146.027 133.677
threshold=544.50000000000011 0 4.5000000000000009 1 1.0000000180025095e-35 1.0000000180025095e-35 97.500000000000014 2 1.0000000180025095e-35 77.500000000000014 2.5000000000000004 42.500000000000007 75.500000000000014 77.500000000000014 7.5000000000000009 57.500000000000007 3.5000000000000004 71.500000000000014 6.5000000000000009 1.5000000000000002 1.0000000180025095e-35 3.9287607669830327 3 4 13.500000000000002 84.500000000000014 33.500000000000007 5 34.500000000000007 3.0804805755615239
decision_type=2 9 2 9 2 2 2 9 2 2 2 2 2 2 2 2 2 2 2 2 2 2 9 9 2 2 2 9 2 2
left_child=3 2 7 4 -1 6 15 -2 9 10 11 -6 16 17 29 18 -9 26 19 20 -4 23 -23 -3 -19 -20 -5 -28 -29 -10
right_child=1 21 5 13 8 -7 -8 12 14 -11 -12 -13 -14 -15 -16 -17 -18 24 25 -21 -22 22 -24 -25 -26 -27 27 28 -30 -31
leaf_value=-0.016780729808909468 0.017903765248259752 -0.019678264465231621 0.0014503202232200323 0.017829064062984443 -0.0054406386636415187 -0.013787062140137533 0.057764774003377498 -0.010360946918609223 -0.017163887571850858 0.060826045335511919 0.038734358798227862 0.024317020842940983 0.0083929669412570063 0.035588551522063812 0.022466800651755929 0.029072520875287593 -0.02372665218149524 0.018416001991522067 -0.0062335979142112211 -0.012919990544632933 0.095821630251797824 0.068742937574037266 -0.01916862939818844 -0.028774218196171656 0.046487767946539582 0.022836156639312974 -0.0038313378507436879 0.036152198600522996 0.011573897265666407 0.014414557157564381
leaf_weight=724.64121809182689 222.04788901656866 2609.0863470344339 189.24488458177075 14180.929371941602 664.81032374547794 765.80959478928708 249.07189571391791 1399.9597281166352 617.50077880639583 151.28285234188661 353.87183793447912 443.25906144571491 283.58614160073921 677.05714163556695 251.05769127747044 303.49749620305374 4344.1481473492458 387.01078189257532 1286.2069668341428 112.25715835858136 91.781533091096207 41.223370921914466 170.7293955659261 7865.7175526095089 348.84128573536873 179.4824997538235 505.22040378628299 237.06919346889481 2566.2562942765653 149.07183247013018
leaf_count=12648 1013 78116 3634 45170 6500 15158 1738 35512 8635 1362 1511 3121 5527 1992 1654 2348 114235 952 22869 1384 981 1017 4264 237128 1159 2844 3723 1286 10889 586
internal_value=-0.000487744 -0.0185247 -0.0100151 0.0158119 0.00452179 0.00519971 0.0112324 -0.0177659 0.0104107 0.0187019 0.0143043 0.00647446 -0.0190807 0.0178039 -0.00273871 0.00584857 -0.0204715 0.0171511 0.00204342 0.019537 0.0325019 -0.025996 0.000500038 -0.0265569 0.0317689 -0.00266069 0.0165343 0.010981 0.013616 -0.0110122
internal_weight=42371.7 20113.9 9427.09 22257.9 3355.5 3177.35 2411.54 6249.74 2630.85 1613.22 1461.94 1108.07 6027.69 18902.4 1017.63 2162.47 5744.11 18225.3 1858.97 393.284 281.026 10686.8 211.953 10474.8 735.852 1465.69 17489.5 3308.55 2803.33 766.573
internal_count=628956 527768 207243 101188 36017 50956 35798 156287 23369 12494 11132 9621 155274 65171 10875 34060 149747 63179 31712 5999 4615 320525 5281 315244 2111 25713 61068 15898 12175 9221
cat_boundaries=0 1 2 3 4 5 6
cat_threshold=57448 7564 49152 203264 65538 98
is_linear=0
shrinkage=0.03


Tree=31
num_leaves=31
num_cat=5
split_feature=3 32 28 32 28 15 28 15 19 10 32 19 11 22 22 19 22 22 22 32 32 10 27 19 22 28 22 2 2 2
split_gain=13019 1400.16 1209.64 472.889 432.104 424.762 549.39 307.056 400.098 684.584 303.003 296.483 310.979 346.808 267.42 243.031 214.794 221.213 211.112 171.654 169.799 223.345 134.824 128.312 265.512 257.089 184.409 118.728 116.871 186.957
threshold=1.0000000180025095e-35 0 4.5000000000000009 1 1.0000000180025095e-35 1.0000000180025095e-35 113.50000000000001 1.0000000180025095e-35 2.7500000000000004 2.5000000000000004 2 0.083333335816860213 1.0000000180025095e-35 12.500000000000002 57.500000000000007 18.916666030883793 75.500000000000014 3.5000000000000004 4.5000000000000009 3 4 18.500000000000004 22.500000000000004 0.15000000596046451 7.5000000000000009 4.5000000000000009 42.500000000000007 14.500000000000002 36.500000000000007 23.500000000000004
decision_type=2 9 2 9 2 2 2 2 2 2 9 2 2 2 2 2 2 2 2 9 9 2 2 2 2 2 2 2 2 2
left_child=1 2 10 4 -2 6 11 8 9 23 -1 12 14 -14 -4 28 17 -12 27 -16 22 -22 -3 24 -6 -26 -27 -9 29 -5
right_child=3 20 5 15 7 -7 -8 18 -10 -11 16 -13 13 -15 19 -17 -18 -19 -20 -21 21 -23 -24 -25 25 26 -28 -29 -30 -31
leaf_value=0.016208178077091781 -0.016221721900787328 -0.020670206945987056 -0.0017157789338646458 0.016705890247661889 0.055070544887875321 -0.014354526867866245 0.054959753239428581 5.2114284563869209e-05 -0.023728164968453151 0.069656193176021383 -0.0097677097795402876 -0.0048989857284047885 -0.0019727595554549652 0.077157590956119279 0.050216684962688447 0.04152027549503793 0.0066778417808349023 -0.023595026109046648 -0.02150129910980525 0.0041010809224200431 -0.028479196824333277 0.048143191805938644 0.0082079543740426041 -0.003485043542599345 -0.013234991229903079 -0.0024404369576547427 0.035700623524521462 0.029356412104162951 0.029437273012765133 0.0021349936224805428
leaf_weight=224.67704085726291 702.04189294716343 2461.7540492350236 628.36541458382271 17388.506326586474 157.42416855297051 766.75950981397182 232.79954821337014 513.44351650727913 180.57158487755805 240.53153936006129 1382.6722773467191 1055.5904273667838 76.838025056524202 140.6539759542793 178.25020793708973 354.74560415092856 280.53414692985825 4242.4866790934466 350.37812851346098 134.43929849471897 7757.1095296080457 33.525831295293756 154.12593607674353 279.68423783918843 241.44619098911062 164.4005479903426 370.88769557978958 163.23568166792393 606.27097578160465 830.69635771680623
leaf_count=1000 12488 75543 10286 59805 1523 15294 1432 3945 733 1262 35409 18530 1285 1873 1511 1735 5414 114094 5985 890 239747 988 3903 1949 2677 2055 2245 858 1749 1768
internal_value=-0.000464867 -0.018247 -0.00977992 0.0151138 0.00468582 0.00511674 0.0112215 0.0102213 0.018293 0.0235229 -0.0176046 0.00660005 0.0170724 0.0493205 0.00957495 0.0169312 -0.018889 -0.0201986 -0.00263303 0.0321974 -0.0258137 -0.0281073 -0.018894 0.0143315 0.0196637 0.0124261 0.0240038 0.00715409 0.0164746 0.0160417
internal_weight=42294.8 19750.6 9344.07 22544.3 3364.05 3213.7 2446.94 2662 1634.95 1454.37 6130.37 2214.14 1158.55 217.492 941.055 19180.2 5905.69 5625.16 1027.06 312.69 10406.5 7790.64 2615.88 1213.84 934.159 776.734 535.288 676.679 18825.5 18219.2
internal_count=627976 527199 207018 100777 35720 51101 35807 23232 12444 11711 155917 34375 15845 3158 12687 65057 154917 149503 10788 2401 320181 240735 79446 10449 8500 6977 4300 4803 63322 61573
cat_boundaries=0 1 2 3 4 5
cat_threshold=57448 7564 49152 8 65538
is_linear=0
shrinkage=0.03


Tree=32
num_leaves=31
num_cat=6
split_feature=3 32 28 32 27 15 28 32 2 4 15 19 22 22 28 22 2 20 32 32 27 32 28 19 28 28 27 5 20 3
split_gain=12590.1 1413.95 1153.03 439.367 430.343 411.004 497.878 283.338 263.927 310.898 238.579 226.377 226.165 210.686 205.78 184.283 166.083 163.028 288.769 172.005 162.859 281.472 362.946 313.526 459.076 226.088 159.433 152.347 179.177 159.249
threshold=1.0000000180025095e-35 0 4.5000000000000009 1 11.500000000000002 1.0000000180025095e-35 98.500000000000014 2 36.500000000000007 5.5000000000000009 1.0000000180025095e-35 0.21666666865348819 82.500000000000014 3.5000000000000004 1.0000000180025095e-35 1.5000000000000002 23.500000000000004 4.1002490520477304 3 4 1.0000000180025095e-35 5 16.500000000000004 1.0000000180025095e-35 9.5000000000000018 5.5000000000000009 80.500000000000014 10.500000000000002 0.15937288105487826 33.500000000000007
decision_type=2 9 2 9 2 2 2 9 2 2 2 2 2 2 2 2 2 2 9 9 2 9 2 2 2 2 2 2 2 2
left_child=1 2 7 8 10 6 11 -1 16 -10 14 20 13 -9 -5 -16 26 19 -19 -3 25 -22 23 24 -23 -4 27 -2 29 -29
right_child=3 17 5 4 -6 -7 -8 12 9 -11 -12 -13 -14 -15 15 -17 -18 18 -20 -21 21 22 -24 -25 -26 -27 -28 28 -30 -31
leaf_value=0.015605194759041863 0.015049060002673913 -0.019253870937788391 0.051973985366561892 -0.012297546660647861 0.022898389380274924 -0.014592215082772664 0.047699158621348055 -0.0094938467137830503 0.015859035555897349 0.055954291717502144 -0.013908602807862972 -0.0082942348305488165 0.013258271903216427 -0.023043306060215912 0.039765605413614596 0.0068078426524510356 0.002903630811948429 0.055418346311140891 -0.020906251950646777 -0.028714394616712706 0.0010889870399610681 -0.016265622940284136 0.0017226182983722618 0.089729905697448709 0.07450565269544844 -0.0068055018571033113 0.033230963828528956 0.0076837111080849414 0.038604618415153273 0.030592413041937386
leaf_weight=221.2115147029981 15790.601244766265 2525.8482203999301 65.489177738083526 430.49186251335777 866.55059606116265 751.55332022183575 288.42728369589895 1368.6674487023847 374.45114665199071 326.05485606193542 905.82303577614948 696.38881357922219 192.77589687565342 4234.2766857618699 180.23585251695476 973.78913286258467 855.34174797218293 51.819881582050584 143.00166298798285 7438.4546073176898 408.86090451246127 97.928600671701133 186.73842423828319 131.99942644778639 101.13857183908112 514.53985889721662 494.6605369951576 629.16815308108926 550.1172889135778 482.82061263546348
leaf_count=970 55508 78387 1144 7350 2656 15223 1806 35409 924 1272 14762 12601 3498 115996 1377 9610 1816 1322 3621 237299 6016 1000 1997 1649 1130 8613 1395 1320 1589 1320
internal_value=-0.000322192 -0.0180839 -0.0095678 0.0147661 0.00468832 0.00484033 0.0107056 -0.017349 0.0164895 0.0345748 -0.00163597 0.00584293 -0.0186041 -0.0197358 0.00538428 0.0119852 0.0158227 -0.0258098 0.00133681 -0.0263666 0.0123782 0.0201747 0.0345273 0.0540096 0.0299938 -9.08731e-05 0.0164382 0.0159604 0.0246039 0.0176491
internal_weight=42279.2 19419.1 9260 22860.1 3356.89 3243.06 2491.51 6016.93 19503.2 700.506 2490.34 2203.08 5795.72 5602.94 1584.52 1154.02 18802.7 10159.1 194.822 9964.3 1506.69 926.666 517.805 331.067 199.067 580.029 17947.4 17452.7 1662.11 1111.99
internal_count=628580 527681 207052 100899 35755 51179 35956 155873 65144 2196 33099 34150 154903 151405 18337 10987 62948 320629 4943 315686 21549 11792 5776 3779 2130 9757 61132 59737 4229 2640
cat_boundaries=0 1 2 3 4 5 6
cat_threshold=57448 123490 49152 6146 65538 8288
is_linear=0
shrinkage=0.03


Tree=33
num_leaves=31
num_cat=6
split_feature=6 32 28 28 32 28 27 22 20 22 22 32 30 22 32 20 32 32 22 22 28 3 20 22 11 19 20 28 11 11
split_gain=11568.3 1414.98 1107.33 481.525 599.981 386.806 312.769 409.121 304.121 264.352 253.502 226.666 225.474 220.68 182.769 175.181 367.455 173.785 162.373 340.987 280.457 312.633 406.104 150.558 247.844 142.497 140.269 132.757 114.505 165.399
threshold=544.50000000000011 0 4.5000000000000009 3007.0000000000005 1 1.0000000180025095e-35 9.5000000000000018 28.500000000000004 1.6669635176658633 75.500000000000014 3.5000000000000004 2 22.500000000000004 12.500000000000002 3 3.9287607669830327 4 5 4.5000000000000009 40.500000000000007 1550.0000000000002 2.5000000000000004 0.36180941760540014 18.500000000000004 1.0000000180025095e-35 0.51666668057441723 2.9034712314605717 5.5000000000000009 27.500000000000004 19.500000000000004
decision_type=2 9 2 2 9 2 2 2 2 2 2 9 2 2 9 2 9 9 2 2 2 2 2 2 2 2 2 2 2 2
left_child=3 2 9 4 28 -6 8 -8 11 10 26 -4 -12 -13 18 17 -17 -3 20 -20 21 25 -23 24 -15 -7 -2 -21 29 -1
right_child=1 15 6 -5 5 14 7 -9 -10 -11 12 13 -14 23 -16 16 -18 -19 19 27 -22 22 -24 -25 -26 -27 -28 -29 -30 -31
leaf_value=0.015269202649642877 -0.0098046068989251153 -0.019090460957547861 0.049032437560383467 0.052197765931020719 -0.01788992603661374 0.019651402322839056 0.011233784895479899 0.072422416371539677 0.043630030679804012 0.0097111579131375306 -0.023393049048393125 -0.011760945291081858 0.025428618847678094 -0.008638984516529398 -0.02408599835892624 0.071595259957388621 -0.019188319357275406 -0.028722735051235192 -0.012477172986405192 -0.0051031908046251127 -0.010905154892406448 0.082093642529545791 0.020847909292346208 0.0013417078095262151 0.059972898654072737 -0.014943524901368655 0.036622691444853028 0.027699980500572281 0.032931324923829518 -0.0059227956587188891
leaf_weight=18994.574765738798 1426.7833020888502 2461.0209659594111 65.561127814464271 287.72281105909497 731.16318529378623 329.90123104047962 430.47193658724427 126.66387253068388 138.77014485467225 314.52766489540227 4028.461741513689 1318.6259105665376 86.192630047327839 82.919238378293812 151.91126002650708 40.935400516726077 165.58971625263803 7220.9805419072509 703.14959483919665 151.75309303705581 252.90649426355958 155.45155085925944 260.94569999724627 951.02534798369743 108.86975509673357 157.60947989788838 60.104236596729606 410.04168643523008 321.96980985300615 336.85944900894538
leaf_count=62230 34871 78075 363 1078 12773 2777 3533 904 1808 5659 113059 26964 1496 1590 1477 952 4335 237072 10349 1419 647 1736 942 13535 2028 1442 1025 2418 1160 797
internal_value=-0.000509522 -0.0178553 -0.00930873 0.0136886 0.0132038 0.00134705 0.00482845 0.0252497 0.000552607 -0.0170255 -0.0185282 -0.00182931 -0.0223644 -0.00338875 0.00682221 -0.0257168 0.00158954 -0.026326 0.00883311 0.00143807 0.0169874 0.024795 0.0438544 0.00624364 0.0304179 0.00845936 -0.00790453 0.0188458 0.015189 0.0148996
internal_weight=42273.5 19027.5 9138.98 23246 22958.2 3304.83 3222.91 557.136 2665.77 5916.07 5601.54 2527 4114.65 2461.44 2573.67 9888.53 206.525 9682 2421.76 1264.94 1156.81 903.908 416.397 1142.81 191.789 487.511 1486.89 561.795 19653.4 19331.4
internal_count=628514 527269 206835 101245 100167 35980 50725 4437 46288 156110 150451 44480 114555 44117 23207 320434 5287 315147 21730 14186 7544 6897 2678 17153 3618 4219 35896 3837 64187 63027
cat_boundaries=0 1 2 3 4 5 6
cat_threshold=57448 123616 16384 14 71680 65538
is_linear=0
shrinkage=0.03


Tree=34
num_leaves=31
num_cat=5
split_feature=6 32 28 28 32 28 15 28 22 22 19 30 28 27 27 15 32 6 10 19 28 27 20 32 22 32 30 22 19 2
split_gain=11099 1373.84 1030.57 389.9 522.313 367.344 350.71 426.322 259.705 240.781 212.489 196.279 195.633 259.554 623.998 195.499 367.022 265.428 413.342 213.117 185.572 176.033 167.003 338.655 165.646 165.334 160.021 151.843 162.097 142.916
threshold=544.50000000000011 0 4.5000000000000009 3007.0000000000005 1 1.0000000180025095e-35 1.0000000180025095e-35 97.500000000000014 75.500000000000014 3.5000000000000004 0.21666666865348819 79.500000000000014 6.5000000000000009 1.5000000000000002 1.0000000180025095e-35 1.0000000180025095e-35 2 59.500000000000007 2.5000000000000004 4.8166668415069589 5.5000000000000009 1.5000000000000002 4.1002490520477304 3 53.500000000000007 4 22.500000000000004 62.500000000000007 0.083333335816860213 36.500000000000007
decision_type=2 9 2 2 9 2 2 2 2 2 2 2 2 2 2 2 9 2 2 2 2 2 2 9 2 9 2 2 2 2
left_child=3 2 8 4 29 -6 7 10 9 -2 11 12 13 14 20 16 17 18 -7 -17 -4 -14 25 -24 -23 -3 -11 28 -19 -1
right_child=1 22 6 -5 5 15 -8 -9 -10 26 -12 -13 21 -15 -16 19 -18 27 -20 -21 -22 24 23 -25 -26 -27 -28 -29 -30 -31
leaf_value=0.014140647623421024 -0.0080997413410663424 -0.019098628875601039 0.049775118727549229 0.046972483927473441 -0.017265128156425624 -0.00041972116897037297 -0.014110457020870337 0.042305383397943451 0.009551693484662829 -0.02315459192084502 -0.0089903953915281623 0.053667686476774397 -0.012675812473812635 -0.012123591780756829 0.11553696199606296 -0.0080898194117658799 -0.024047467835292182 0.075388859848198764 0.050926567746359938 0.037888560026178714 -0.015122490444216279 0.0030178670479110046 -0.018894206454276693 0.069588289208412507 0.036979089492416115 -0.028609978685794499 0.016921927562003159 0.018882523065662623 0.027713961372779251 0.027968260030554429
leaf_weight=19184.893204998691 1485.1139605997596 2416.4852990664076 66.568282532505691 303.31653292290866 716.6998894859571 740.55560112278908 734.56774132675491 310.23395012551919 315.05048947245814 3929.138490674668 690.94136450323276 90.433342999545857 433.47599230427295 100.31600363901816 76.072660523001105 897.1108854720369 197.79629184445366 133.56964737223461 173.31095265643671 99.933508830145001 95.181653556181118 499.56668178853579 158.21763149299659 39.573267495608889 173.47450966504402 7014.6823093827115 91.0842636867892 230.6538753118366 126.19898725533858 697.35770189249888
leaf_count=62063 36057 78089 1129 1079 12775 6791 15146 1806 5642 112911 12622 1106 7033 1044 692 10009 1733 1076 828 675 1665 7633 4061 941 1199 237002 1529 1101 1076 2003
internal_value=-0.000499893 -0.0177334 -0.00933252 0.0132278 0.0127845 0.0017304 0.00413047 0.009417 -0.0169136 -0.0184296 0.00481652 0.0110328 0.00832865 0.0282632 0.0452782 0.00697962 0.0134673 0.018802 0.00936291 -0.00344807 0.0117279 0.00221686 -0.0256271 0.00162017 0.0118132 -0.0262258 -0.0222426 0.0367188 0.0524229 0.0146197
internal_weight=42221.6 18720.2 9091.22 23501.4 23198.1 3315.83 3270.83 2536.26 5820.39 5505.34 2226.03 1535.09 1444.66 338.139 237.823 2599.13 1602.09 1404.29 913.867 997.044 161.75 1106.52 9628.96 197.791 673.041 9431.17 4020.22 490.423 259.769 19882.3
internal_count=628516 527307 207214 101209 100130 36064 51075 35929 156139 150497 34123 21501 20395 4530 3486 23289 12605 10872 7619 10684 2794 15865 320093 5002 8832 315091 114440 3253 2152 64066
cat_boundaries=0 1 2 3 4 5
cat_threshold=57448 123616 268 328966 65538
is_linear=0
shrinkage=0.03


Tree=35
num_leaves=31
num_cat=7
split_feature=6 32 28 6 32 15 32 28 19 32 11 10 2 27 28 2 28 32 28 19 3 4 4 19 32 10 6 28 32 3
split_gain=10569.7 1369.44 1007.07 383.563 388.067 358.292 452.042 804.915 335.615 263.841 262.9 254.403 245.561 233.235 258.713 232.942 498.137 307.805 231.212 210.271 190.771 302.384 252.596 199.924 161.187 236.492 155.634 137.193 115.553 207.958
threshold=544.50000000000011 0 4.5000000000000009 15.500000000000002 1 1.0000000180025095e-35 2 115.50000000000001 0.15000000596046451 3 3.5000000000000004 1.0000000180025095e-35 40.500000000000007 1.0000000180025095e-35 16.500000000000004 23.500000000000004 1269.5000000000002 4 4.5000000000000009 1.0000000180025095e-35 25.500000000000004 3.5000000000000004 6.5000000000000009 5.2166664600372323 5 27.500000000000004 47.500000000000007 457.50000000000006 6 20.500000000000004
decision_type=2 9 2 2 9 2 9 2 2 9 2 2 2 2 2 2 2 9 2 2 2 2 2 2 9 2 2 2 9 2
left_child=3 2 9 12 8 6 7 10 11 -2 13 18 15 -4 19 16 20 -17 -5 -15 23 -22 -23 28 27 -26 -20 -3 -1 -30
right_child=1 24 5 4 -6 -7 -8 -9 -10 -11 -12 -13 -14 14 -16 17 -18 -19 26 -21 21 22 -24 -25 25 -27 -28 -29 29 -31
leaf_value=0.019735792808547589 0.014747024244047707 -0.019481914695530164 0.0017559348222241319 -0.01192361554909468 0.011572399668705088 -0.014360005345025864 -0.0041348647733622157 0.080770332985601656 -0.01892932493602003 -0.017959108709129805 -0.017876146381794765 0.038892633964204323 0.034358834339990901 0.026110501525279339 0.0036524873929208623 -0.010727466106432297 0.049982430607785969 0.020998923975225219 -0.013232702264425232 0.071823588244524131 0.012149979724453593 0.052120263621701655 0.018535635145945095 -0.0010290614342255912 -0.028240154141892338 0.055747856906409141 0.02069731167463543 0.035061950469716656 0.014309752805500377 -0.0039381948840984645
leaf_weight=3089.6700146733783 226.24053584970534 2378.4820116070332 413.49477009591646 644.79091996676289 7318.1945508136414 729.11810408043675 1186.2007261153776 177.04677931219339 756.98174357716925 5482.51618413697 211.82088817213662 180.00177553249523 625.65954308933578 209.50148767768405 198.10878630611114 674.31364570767619 382.66971799638122 449.16150285117328 156.54781795176677 161.09281510254368 860.05608780961484 466.47974112816155 357.19916054233909 765.84645128133707 6950.8014755184995 29.416080550290644 536.10917247994803 41.359764348948374 5854.8356860298663 621.32796233147383
leaf_count=9348 979 78288 6668 9804 28808 15213 19135 946 10885 154772 3364 1935 1985 2114 2067 1497 1394 1179 2001 1702 2073 1563 776 1741 240488 872 3605 1001 21713 1157
internal_value=-0.000376061 -0.017445 -0.00904104 0.0128502 0.00821792 0.00417815 0.00946722 0.021106 -0.00261512 -0.0166662 0.0123756 0.00551313 0.0159904 0.0189112 0.0313595 0.015138 0.0163232 0.00205537 0.000995011 0.0461212 0.0152472 0.024613 0.037596 0.0137186 -0.0254484 -0.0278384 0.0130207 -0.0184593 0.0148993 0.0125393
internal_weight=42135 18395.2 8995.14 23739.8 9592.63 3286.38 2557.27 1371.07 2274.43 5708.76 1194.02 1517.45 14147.2 982.198 568.703 13521.6 12398.1 1123.48 1337.45 370.594 12015.4 1683.73 823.679 10331.7 9400.06 6980.22 692.657 2419.84 9565.83 6476.16
internal_count=629073 527609 206960 101464 57038 51209 35996 16861 28230 155751 15915 17345 44426 12551 5883 42441 39765 2676 15410 3816 38371 4412 2339 33959 320649 241360 5606 79289 32218 22870
cat_boundaries=0 1 2 3 4 5 6 7
cat_threshold=57448 7246 16392 49152 73736 65538 16418
is_linear=0
shrinkage=0.03


Tree=36
num_leaves=31
num_cat=6
split_feature=6 32 28 28 32 28 32 27 20 22 4 32 22 22 22 20 32 32 14 22 19 22 27 20 22 22 20 22 28 28
split_gain=9822.77 1364.11 978.624 349.271 484.844 325.251 264.123 254.035 298.593 288.242 250.308 249.368 207.965 243.774 197.975 174.724 166.838 164.471 179.784 352.526 423.57 306.25 136.453 148.855 135.479 234.016 125.763 123.94 117.16 114.674
threshold=544.50000000000011 0 4.5000000000000009 3007.0000000000005 1 1.0000000180025095e-35 2 9.5000000000000018 1.6669635176658633 28.500000000000004 7.5000000000000009 3 61.500000000000007 3.5000000000000004 12.500000000000002 12.825098037719728 4 5 1.0000000180025095e-35 4.5000000000000009 0.51666668057441723 40.500000000000007 3.5000000000000004 1.6984578371047976 18.500000000000004 16.500000000000004 2.9034712314605717 69.500000000000014 173.50000000000003 5.5000000000000009
decision_type=2 9 2 2 9 2 9 2 2 2 2 9 2 2 2 2 9 9 2 2 2 2 2 2 2 2 2 2 2 2
left_child=3 2 6 4 10 -6 -2 8 11 -9 22 -4 13 26 -13 16 28 18 19 20 -7 -21 23 -1 25 -16 -8 -26 -3 -23
right_child=1 15 7 -5 5 17 12 9 -10 -11 -12 14 -14 -15 24 -17 -18 -19 -20 21 -22 29 -24 -25 27 -27 -28 -29 -30 -31
leaf_value=0.010533309814339793 0.014791757080534599 -0.02002168703248846 0.049573531735979663 0.043742704331934189 -0.017137460955292727 0.058078926523171523 -0.010540242834142855 0.0096598852737776516 0.042127847330885586 0.05748668497702937 0.031301269606899128 -0.011925872428092307 0.00042993335643777542 -0.023763562189835941 0.0050896949147341587 0.039241022662790719 -0.028105296287800775 -0.023925570784224338 -0.0076556950992210998 -0.011719789291194762 0.010084672091410205 -0.0043923707413007695 0.01661251058423938 0.027281991514369407 -0.0041812906522413268 0.074146847675699248 0.036339095669700366 0.025293626528482965 0.011330928363257463 0.025902695942972218
leaf_weight=13430.069086921168 228.60979703813791 2258.7018364251126 70.233703045174479 307.83511929120868 702.83819914376363 273.57163290120661 1256.41786948964 448.74795947642997 143.6621778937988 151.02370091108605 675.98445874452591 1300.8592523400439 509.4388199809473 3578.0235323070083 137.06256608758122 36.648936962708831 6756.0065414925339 147.31605573371053 535.17484970390797 653.1364604968112 417.93901207996532 151.05604932247661 5792.5699554865714 494.6595307146199 822.57975839986466 64.275700128637254 52.73945749271661 151.1084241643548 111.99978187412489 436.04580795951188
leaf_count=44830 980 76271 375 1054 12818 2117 34441 3581 1774 925 1925 27165 11559 108129 2479 844 240532 1467 3939 9658 2212 1443 15629 1641 12565 1155 990 1084 2968 2448
internal_value=-0.000534244 -0.0172373 -0.00884645 0.0120381 0.0116246 0.000962577 -0.0164564 0.00414089 0.000201418 0.0217784 0.0133517 -0.00217985 -0.0177771 -0.019711 -0.00385196 -0.0253613 -0.0256528 0.00583714 0.00768923 0.011982 0.0291283 0.00240601 0.0127416 0.0111302 0.00505638 0.0273932 -0.00862541 0.000414232 -0.0184585 0.0181138
internal_weight=42096.3 18078.1 8914.78 24018.2 23710.4 3317.08 5625.23 3289.55 2689.78 599.772 20393.3 2546.12 5396.62 4887.18 2475.89 9163.36 9126.71 2614.24 2466.92 1931.75 691.511 1240.24 19717.3 13924.7 1175.03 201.338 1309.16 973.688 2370.7 587.102
internal_count=628998 527817 207202 101181 100127 36102 156099 51103 46597 4506 64025 44823 155119 143560 44448 320615 319771 23284 21817 17878 4329 13549 62100 46471 17283 3634 35431 13649 79239 3891
cat_boundaries=0 1 2 3 4 5 6
cat_threshold=57448 123616 49152 16384 65538 14
is_linear=0
shrinkage=0.03


Tree=37
num_leaves=31
num_cat=5
split_feature=6 32 27 22 32 28 21 32 32 28 22 28 28 6 14 10 22 30 11 11 30 11 27 3 5 32 6 5 3 9
split_gain=9381.48 1345.76 897.339 374.045 342.699 374.683 320.372 301.612 252.069 354.541 336.149 353.619 270.521 174.085 152.449 143.792 142.821 141.192 136.043 351.059 123.914 170.562 343.828 151.815 113.964 264.09 408.51 150.63 199.694 130.497
threshold=544.50000000000011 0 1.0000000180025095e-35 61.500000000000007 1 9.5000000000000018 1.5000000000000002 2 3 5.5000000000000009 53.500000000000007 6.5000000000000009 98.500000000000014 7.5000000000000009 1.0000000180025095e-35 32.500000000000007 63.500000000000007 80.500000000000014 5.5000000000000009 13.500000000000002 221.50000000000003 13.500000000000002 95.000000000000014 10.500000000000002 2.5000000000000004 4 36.500000000000007 3.5000000000000004 13.500000000000002 1.5000000000000002
decision_type=2 9 2 2 9 2 2 9 9 2 2 2 2 2 2 2 2 2 2 2 2 2 2 2 2 9 2 2 2 2
left_child=4 2 3 7 18 13 -7 -2 -4 -10 11 -11 17 -6 20 -3 -5 -13 24 -20 21 22 23 -8 25 26 -1 28 29 -26
right_child=1 15 8 16 5 6 14 -9 9 10 -12 12 -14 -15 -16 -17 -18 -19 19 -21 -22 -23 -24 -25 27 -27 -28 -29 -30 -31
leaf_value=0.055384526634444431 0.015361705475620621 -0.026996555546472571 -0.0067513686528943096 0.051671396260818105 0.029828253030955751 0.033255708533155903 0.010153261486853872 -0.018770678994280636 -0.012636007262783 0.058195622483366842 0.060337176566462189 -0.0077321266153063733 0.03093138610127295 -0.0037400657129670807 -0.0064156014307082589 0.026640915471420841 0.0013722535017019841 0.034462728202625303 0.041320915806508478 0.010020278787551285 0.0026889303332114111 -0.008350196176912834 0.046796641800494428 0.03271016122215914 0.019026392236586379 0.012636887574912409 0.010645313886500977 0.013833291483236651 -0.013102781547951563 0.0021986327392531546
leaf_weight=397.87635591439903 236.68726697005332 7504.1674405843951 1071.5019017826999 54.029527581995353 145.54014271567576 538.54202915308997 2592.8373883187305 6452.4501017342554 405.88832718401682 140.26202330924571 157.99621558771469 616.54294104874134 306.2721383147873 2717.5052587657701 521.03259796346538 44.50382161187008 662.77956348878797 79.705943478969857 568.01132095931098 746.38299218332395 1280.387447420042 291.00405299197882 288.56114280223846 298.92614778317511 746.35952031984925 1716.8069290332496 341.54627505782992 9710.647890875116 434.93335656262934 932.62126947566867
leaf_count=1753 1011 271742 23435 1384 1036 1904 14569 189978 8676 1474 1082 9444 1840 28424 3447 1372 14187 1091 2080 1980 3465 1313 926 1125 2661 6483 1288 25462 890 2409
internal_value=-0.000459752 -0.017046 -0.00989581 -0.0153591 0.0116594 0.00685082 0.0112345 -0.0175659 0.00463274 0.0117506 0.0194541 0.013754 0.00748443 -0.00202383 0.00897941 -0.0266416 0.00523026 -0.0028592 0.0143198 0.0235679 0.0106685 0.0136101 0.0156215 0.0124955 0.0134771 0.0193601 0.0342981 0.0122535 0.00499326 0.00968597
internal_weight=42002.3 17732.8 10184.1 7405.95 24269.5 8674.34 5811.29 6689.14 2778.17 1706.67 1300.78 1142.78 1002.52 2863.05 5272.75 7548.67 716.809 696.249 15595.2 1314.39 4751.72 3471.33 3180.32 2891.76 14280.8 2456.23 739.423 11824.6 2113.91 1678.98
internal_count=627931 526716 253602 206560 101215 56209 26749 190989 47042 23607 14931 13849 12375 29460 24845 273114 15571 10535 45006 4060 21398 17933 16620 15694 40946 9524 3041 31422 5960 5070
cat_boundaries=0 1 2 3 4 5
cat_threshold=122984 57408 49152 65632 16384
is_linear=0
shrinkage=0.03


Tree=38
num_leaves=31
num_cat=6
split_feature=6 32 27 32 32 15 28 32 15 18 18 27 21 20 19 20 32 19 28 28 21 27 19 27 9 6 2 6 32 19
split_gain=8913.45 1313.78 785.522 325.005 315.09 317.582 332.487 314.28 280.242 263.309 235.139 504.997 231.825 245.475 201.122 193.154 327.332 184.212 150.387 232.838 165.001 138.574 187.969 134.151 109.393 106.072 138.308 105.374 151.202 103.542
threshold=544.50000000000011 0 1.0000000180025095e-35 1 2 1.0000000180025095e-35 112.50000000000001 3 1.0000000180025095e-35 1.0000000180025095e-35 9.2142858505249041 436.50000000000006 2.5000000000000004 0.69122356176376354 18.916666030883793 3.9287607669830327 4 0.38333334028720861 5.5000000000000009 6.5000000000000009 6.5000000000000009 1.5000000000000002 0.51666668057441723 35.500000000000007 11.500000000000002 13.500000000000002 13.500000000000002 80.500000000000014 5 0.25000000745058065
decision_type=2 9 2 9 9 2 2 9 2 2 2 2 2 2 2 2 9 2 2 2 2 2 2 2 2 2 2 2 9 2
left_child=7 2 3 29 -4 6 17 14 10 -10 11 12 13 -9 -1 -3 -17 18 20 -20 -6 27 23 -23 -24 26 -11 28 -14 -2
right_child=1 15 4 -5 5 -7 -8 8 9 25 -12 -13 21 -15 -16 16 -18 -19 19 -21 -22 22 24 -25 -26 -27 -28 -29 -30 -31
leaf_value=0.013121015827425746 0.023122467015982608 -0.028492527907163969 -0.0085526815365590536 -0.017377268993617249 0.036246686638522096 -0.011934868122111955 0.051622206722922337 0.048452051493214514 -0.023716447814220932 0.002175561401020478 -0.018659491097951196 0.057666078084434982 0.0057029547094401313 0.010706467597779526 0.035586636768538342 0.06934058626500858 -0.021916247181837132 -0.012484621284733904 0.06108744034663733 0.015848415751086614 -0.020732807210031054 0.015924069553900203 -0.0032046373342744772 0.043107336665367826 0.017484339014437633 -0.012269992151766379 0.034198913167896722 0.025209467424558176 -0.008386597702938323 -0.0030796294953592306
leaf_weight=15721.05831683334 198.58921745908447 6279.9796785520157 1384.1648463315796 7287.2067287986865 63.658460835693404 426.10730331332888 217.72088025836274 254.97691674670205 483.11898083379492 481.22106046997942 267.42390021355823 193.13417665660381 2405.1482156240381 395.31247179047205 366.40308256074786 39.698886000784114 107.00331795169041 233.79516776732635 126.14220348093659 532.89097198215313 155.38348834821954 1117.1365373914596 760.07670557126403 191.09224449284375 328.68036180455238 264.79895634413697 161.3972287827637 180.0953582781367 946.62228276836686 423.65791968337726
leaf_count=45156 2523 237149 34135 219069 1348 7459 894 1277 8989 3463 503 674 9527 1284 1671 944 3166 4171 1014 5823 3134 6363 2367 693 975 3316 758 1497 12769 6870
internal_value=-0.000502629 -0.0168729 -0.0105654 -0.0156142 0.00212017 0.0105233 0.0178034 0.0111662 0.0064465 -0.00584967 0.00888498 0.00997525 0.00856671 0.0255581 0.0136264 -0.0276546 0.00629172 0.0111407 0.0174382 0.0245868 -0.00408383 0.00669906 0.0122649 0.0199246 0.00305139 0.00367844 0.010259 0.00291925 0.0017144 0.00522262
internal_weight=41993.7 17476 11049.3 7909.45 3139.86 1755.7 1329.59 24517.7 8430.24 1390.54 7039.7 6772.28 6579.14 650.289 16087.5 6426.68 146.702 1111.87 878.075 659.033 219.042 5928.85 2396.99 1308.23 1088.76 907.417 642.618 3531.87 3351.77 622.247
internal_count=628981 527699 286440 228462 57978 23843 16384 101282 54455 16526 37929 37426 36752 2561 46827 241259 4110 15490 11319 6837 4482 34191 10398 7056 3342 7537 4221 23793 22296 9393
cat_boundaries=0 1 2 3 4 5 6
cat_threshold=122986 57344 65570 57410 137856 66464
is_linear=0
shrinkage=0.03


Tree=39
num_leaves=31
num_cat=5
split_feature=6 32 27 32 28 32 22 28 32 28 15 4 11 28 28 22 10 32 15 28 6 22 14 17 30 22 22 3 3 28
split_gain=8373.66 1331.55 826.686 381.983 338.361 416.389 313.313 288.797 237.961 329.363 339.029 235.414 200.796 229.31 281.515 353.947 151.413 148.432 164.949 169.437 174.553 156.813 270.47 139.057 132.872 126.906 108.946 105.455 135.812 102.121
threshold=544.50000000000011 0 1.0000000180025095e-35 1 3007.0000000000005 2 61.500000000000007 1.0000000180025095e-35 3 5.5000000000000009 1.0000000180025095e-35 7.5000000000000009 3.5000000000000004 113.50000000000001 6.5000000000000009 53.500000000000007 83.500000000000014 4 1.0000000180025095e-35 47.500000000000007 54.500000000000007 4.5000000000000009 1.0000000180025095e-35 2.5000000000000004 57.500000000000007 63.500000000000007 16.500000000000004 88.500000000000014 70.500000000000014 1.0000000180025095e-35
decision_type=2 9 2 9 2 9 2 2 9 2 2 2 2 2 2 2 2 9 2 2 2 2 2 2 2 2 2 2 2 2
left_child=4 2 3 -2 5 11 29 -7 -4 23 12 27 13 14 -11 24 -3 18 19 20 -9 22 -20 -10 -16 -8 -22 28 -1 -5
right_child=1 16 8 6 -6 7 25 17 9 10 -12 -13 -14 -15 15 -17 -18 -19 21 -21 26 -23 -24 -25 -26 -27 -28 -29 -30 -31
leaf_value=0.011294123678557436 0.018690991833538648 -0.026674362491652254 -0.0068398777182321164 -0.021634617674739415 0.041061876007131667 -0.017013128141208568 0.046401891308850411 -0.0063752854598468685 -0.019248412226173992 0.068075513830689022 -0.0085687454922042418 0.029196911512689699 0.0016094598771869463 0.072538345572754806 -0.0041660877439860453 0.058114133267989435 0.043960184078087904 -0.023728175500235649 0.039960280183234963 0.030005339179101389 0.038707514483125614 -0.019842000545521751 -0.005385485777704836 0.033652503766424216 0.03891886693290475 -0.00061502444837821296 0.010223873367666791 -0.0044131514210465593 0.029615303182045385 -0.013850328295123174
leaf_weight=19610.947203714401 287.35226226784289 7146.8757616470102 1055.0985633209348 3571.9389043273404 326.54572023730725 675.59834155370481 55.482570745865814 497.38764188275672 352.74551427643746 122.5653140572831 321.56697884225287 686.30050032585859 224.58985916199163 116.2824928611517 340.63475044025108 145.77428457816131 26.558739317231812 143.151790689677 155.27732892241329 384.60830223187804 159.03401079634205 328.16900171665475 487.46670961752534 50.266359010478482 78.403846111847088 605.75535277719609 498.74710705596954 374.94973961170763 370.45142352767289 2651.4066476632142
leaf_count=60499 1222 272729 23461 114038 1088 12713 1418 5842 7932 1002 4941 1924 1984 566 4321 957 800 1477 1300 1285 1519 5959 3147 857 1080 13949 2637 593 1017 75851
internal_value=-0.000414716 -0.0165163 -0.00939582 -0.0148073 0.0107681 0.0103606 -0.0162116 0.000482243 0.00439286 0.0111299 0.0182963 0.0119176 0.0266981 0.0336986 0.0270323 0.0180213 -0.02637 0.00494265 0.00665415 0.0127837 0.00702882 -0.00300142 0.00561443 -0.0125833 0.00396875 0.00339414 0.0171588 0.0113395 0.0116353 -0.0183209
internal_weight=41851.9 17153.3 9979.86 7171.94 24698.6 24372.1 6884.58 3329.44 2807.93 1752.83 1349.82 21042.6 1028.25 803.661 687.378 564.813 7173.43 2653.84 2510.69 1539.78 1155.17 970.913 642.744 403.012 419.039 661.238 657.781 20356.3 19981.4 6223.35
internal_count=628108 527108 253579 206478 101000 99912 205256 35879 47101 23640 14851 64033 9910 7926 7360 6358 273529 23166 21689 11283 9998 10406 4447 8789 5401 15367 4156 62109 61516 189889
cat_boundaries=0 1 2 3 4 5
cat_threshold=122984 49152 123616 65632 14
is_linear=0
shrinkage=0.03


Tree=40
num_leaves=31
num_cat=5
split_feature=3 32 27 32 28 32 28 32 22 22 15 28 4 32 15 19 11 22 19 3 11 19 27 28 28 22 22 11 19 22
split_gain=8090.21 1355.15 804 372.678 294.482 303.135 295.791 272.437 323.236 259.876 213.962 241.453 178.043 165.274 192.863 207.348 159.507 234.894 208.741 402.508 143.789 131.456 189.509 292.207 202.29 144.384 129.73 129.558 128.589 124.488
threshold=1.0000000180025095e-35 0 1.0000000180025095e-35 1 3007.0000000000005 2 1.0000000180025095e-35 3 69.500000000000014 61.500000000000007 1.0000000180025095e-35 113.50000000000001 7.5000000000000009 4 1.0000000180025095e-35 4.8166668415069589 1.0000000180025095e-35 40.500000000000007 0.91666665673255932 2.5000000000000004 5.5000000000000009 1.0000000180025095e-35 1.5000000000000002 5.5000000000000009 15.500000000000002 9.5000000000000018 53.500000000000007 90.500000000000014 0.25000000745058065 63.500000000000007
decision_type=2 9 2 9 2 9 2 9 2 2 2 2 2 9 2 2 2 2 2 2 2 2 2 2 2 2 2 2 2 2
left_child=1 2 3 28 5 12 -7 8 10 -5 11 20 -2 14 16 -16 17 -8 19 -18 21 26 23 25 -24 -23 -4 -3 -1 -11
right_child=4 27 7 9 -6 6 13 -9 -10 29 -12 -13 -14 -15 15 -17 18 -19 -20 -21 -22 22 24 -25 -26 -27 -28 -29 -30 -31
leaf_value=0.026450472291909437 0.011103975440328203 -0.027903514903044078 -0.013209519537312366 -0.018967851283128535 0.038685180192030884 -0.016068536796324008 -0.017457068793844632 -0.0071106811449319655 0.070556381838179583 0.041859374732029636 -0.010690130167218235 0.042463181814253841 0.026413998973992929 -0.02449577668211491 -0.0070031258798946838 0.039831430397802112 0.018156710086161799 0.016574185886083434 0.0017411578993630828 0.079614316811043764 -0.019620158626143563 0.04539081051934743 -0.010668812435994086 0.079011079933030123 0.037936157912406225 -0.025778487406509037 0.023278065847435296 0.031191670830458169 -0.0023371863443942243 -0.0035820361623268428
leaf_weight=206.84904200921301 20508.634685257683 6055.3254871513927 257.20508297567721 6346.893727329094 332.54461249615997 664.38088016049005 260.95000739232637 1368.3150179028744 76.653604357037693 58.210234490572475 417.31252066500019 221.16963214427233 706.8099506944418 138.01726189022884 863.89909525867552 93.36128704668954 304.25245297024958 601.51935220952146 217.21653869492002 139.64835097175092 144.86904345871881 47.491322246030904 202.2712862851331 106.06789200473577 123.18898593238555 53.53165752091445 131.80710462131537 32.794120047823526 425.15001757605933 647.79566689778585
leaf_count=2549 62003 240157 3537 201498 1082 12726 2629 34170 575 1425 7474 798 1917 1478 9715 610 2669 3849 1034 1065 2730 1134 3011 1012 1531 1004 997 1060 6927 16120
internal_value=-0.000220528 -0.0162161 -0.0098195 -0.01506 0.0106809 0.0102992 0.00178885 0.00293553 0.0106313 -0.0170234 0.00795962 0.0140076 0.0116098 0.00633033 0.00812044 -0.00239857 0.01478 0.00626935 0.0258564 0.0376264 0.0080719 0.0124416 0.0221112 0.0444751 0.00778836 0.00779547 -0.000818622 -0.0275349 0.00700112 0.000218518
internal_weight=41754.1 16922.9 10834.8 7684.9 24831.2 24498.7 3283.25 3149.88 1781.57 7052.9 1704.91 1287.6 21215.4 2618.86 2480.85 957.26 1523.59 862.469 661.117 443.901 1066.43 921.563 532.551 207.091 325.46 101.023 389.012 6088.12 631.999 706.006
internal_count=628486 527709 286492 228519 100777 99695 35775 57973 23803 219043 23228 15754 63920 23049 21571 10325 11246 6478 4768 3734 14956 12226 7692 3150 4542 2138 4534 241217 9476 17545
cat_boundaries=0 1 2 3 4 5
cat_threshold=122986 57344 123616 24648 14
is_linear=0
shrinkage=0.03


Tree=41
num_leaves=31
num_cat=5
split_feature=6 32 27 32 3 32 27 1 10 19 19 10 10 19 11 27 32 10 15 10 3 27 29 27 6 27 27 6 19 31
split_gain=7499.82 1318.83 802.309 320.963 245.161 246.025 273.279 202.056 345.812 183.521 170.827 291.41 209.236 174.673 193.935 221.079 164.14 251.573 129.403 128.254 423.914 116.688 116.072 113.784 110.765 106.615 98.1779 87.0181 86.7831 86.7769
threshold=544.50000000000011 0 1.0000000180025095e-35 1 100.50000000000001 2 11.500000000000002 11.500000000000002 1.0000000180025095e-35 0.21666666865348819 0.35000000894069677 1.5000000000000002 6.5000000000000009 0.083333335816860213 1.0000000180025095e-35 8.5000000000000018 3 32.500000000000007 1.0000000180025095e-35 1.0000000180025095e-35 1.5000000000000002 22.500000000000004 57.500000000000007 1.5000000000000002 10.500000000000002 1.5000000000000002 1.5000000000000002 21.500000000000004 0.18333333730697635 4
decision_type=2 9 2 9 2 9 2 2 2 2 2 2 2 2 2 2 9 2 2 2 2 2 2 2 2 2 2 2 2 9
left_child=4 2 3 -2 5 27 9 8 -8 19 11 13 -12 14 15 25 21 -18 29 26 -21 -3 -23 -16 -11 -4 -7 28 -1 -5
right_child=1 16 10 18 -6 6 7 -9 -10 24 12 -13 -14 -15 23 -17 17 -19 -20 20 -22 22 -24 -25 -26 -27 -28 -29 -30 -31
leaf_value=0.024669485779922132 0.016153638998708423 -0.019293004934573966 -0.025382555090588406 0.028595322059178092 0.038670512011102866 -0.0055962820895908982 0.00078492776127253854 -0.0024175462279020002 0.044837518710372559 -0.00053599697793731875 -0.013324304875953435 0.046005993120066424 0.044207219385540161 -0.0073028023636643735 0.06394272111967611 0.032007375554240172 -0.027889953446876808 0.062709653344721575 -0.022185740088043221 -0.010953472202639718 0.070188853398122031 0.054433109176523213 -0.0073650925083925053 0.019315428519539195 -0.021047231939927004 0.0047319348901778682 0.011452755578033248 0.0077720349721935728 0.011596276841221161 -0.012763274234854054
leaf_weight=471.52475815173239 302.08820358477533 2044.9112017375883 130.04493604192976 37.086115989019163 262.12920614867471 938.57370818336494 285.66880698222667 362.44339361134917 364.76483242819086 390.78199506481178 535.6328465588158 192.81871278281324 62.661154948873445 518.35543312726077 94.621395374881104 247.4377258932218 5894.4401440810179 26.806235944386572 1712.3546963055851 134.73664300329983 100.3726181993261 36.287922424613498 101.97819466260262 113.99849824758712 601.15172630152665 548.40642222750466 448.37960298685357 6152.8788190155756 14731.128122873139 4002.616669767187
leaf_count=1697 1232 75380 2119 1095 983 13855 892 568 1388 3576 9302 1787 747 9214 1300 1649 240444 728 55195 1460 1240 1306 2586 1260 9996 7389 4033 23224 38449 114871
internal_value=-0.000441114 -0.0161012 -0.00781014 -0.0136754 0.0098583 0.00955445 0.00230346 0.0155308 0.0255206 -0.00281708 0.00668676 0.0112011 -0.00723514 0.00711553 0.0137039 0.00779526 -0.0247529 -0.027423 -0.0152461 0.0033991 0.0238383 -0.01741 0.00912823 0.039765 -0.0129753 -0.00106924 -8.03231e-05 0.0107796 0.0120034 -0.0123374
internal_weight=41847.1 16602.5 8498.12 6054.15 25244.5 24982.4 3626.87 1012.88 650.434 2614 2443.98 1845.68 598.294 1652.86 1134.51 925.889 8104.42 5921.25 5752.06 1622.06 235.109 2183.18 138.266 208.62 991.934 678.451 1386.95 21355.5 15202.7 4039.7
internal_count=628965 527604 207160 172393 101361 100378 37008 2848 2280 34160 34767 24718 10049 22931 13717 11157 320444 241172 171161 20588 2700 79272 3892 2560 13572 9508 17888 63370 40146 115966
cat_boundaries=0 1 2 3 4 5
cat_threshold=57448 49152 122980 65538 32
is_linear=0
shrinkage=0.03


Tree=42
num_leaves=31
num_cat=6
split_feature=6 32 27 32 32 22 6 22 32 27 2 2 32 20 32 15 20 11 11 22 27 19 22 27 27 30 19 3 9 11
split_gain=7256.76 1279.77 790.572 347.861 287.157 313.318 282.541 259.52 239.711 234.503 213.243 221.857 262.276 212.419 311.248 210.452 266.16 251.384 173.431 273.509 192.807 172.842 188.911 161.918 151.953 140.48 177.199 130.344 411.757 104.779
threshold=544.50000000000011 0 1.0000000180025095e-35 1 2 69.500000000000014 16.500000000000004 61.500000000000007 3 45.500000000000007 40.500000000000007 23.500000000000004 4 4.0063054561614999 5 1.0000000180025095e-35 1.4889928698539736 1.5000000000000002 1.0000000180025095e-35 16.500000000000004 11.500000000000002 0.18333333730697635 1.5000000000000002 1.0000000180025095e-35 235.00000000000003 35.500000000000007 1.2500000000000002 33.500000000000007 3.5000000000000004 6.5000000000000009
decision_type=2 9 2 9 9 2 2 2 9 2 2 2 9 2 9 2 2 2 2 2 2 2 2 2 2 2 2 2 2 2
left_child=6 2 3 -2 29 15 10 -5 9 21 11 24 -13 -3 -15 16 17 18 20 -20 -6 22 -8 -24 27 26 -10 -1 -29 -4
right_child=1 13 4 7 5 -7 8 -9 25 -11 -12 12 -14 14 -16 -17 -18 -19 19 -21 -22 -23 23 -25 -26 -27 -28 28 -30 -31
leaf_value=0.010939929094876339 0.01599154032150955 -0.028283060799144933 -0.0097834287757418217 -0.018364266394160451 -0.003654660344061545 0.068634452246195424 0.040703095889784158 0.00051936114052706999 0.035544180826322741 0.043567511762205434 0.028841094243112261 -0.012413667143894327 0.015588478739914405 0.068607756142966464 -0.02109612602905063 -0.010668235543398824 0.042110348097711428 -0.014718038920077912 0.0012713575543688435 0.067954881984858051 0.037572435045715877 -0.012920626988941215 -0.0081614126954915184 0.010763551007757699 0.028293805792778817 0.0072195984819834035 0.0065649540142178652 0.0034348917528742281 0.038250594427294886 0.025102610319013768
leaf_weight=11847.956171251368 305.06712893117219 5629.9259804781759 1266.0830650292337 6412.4794673523866 379.64839451666921 79.324237492401153 108.39854419836774 729.44463459320832 374.80378736252896 99.011144530959427 662.11619382351637 715.12940730014816 503.27002108260058 40.984416106948629 96.250559360603802 412.21264894458 243.68024842161685 321.77483923139516 97.983801830909215 126.36481476097833 138.57263696100563 1033.5840647660661 942.4945849487558 714.39404209167697 529.37972417473793 6158.3101146379486 385.01571369194426 598.4755787551403 624.46733371168375 81.585975039866753
leaf_count=36594 1234 237346 32234 209010 5122 577 1041 18128 2118 386 2011 1538 1228 943 3125 7427 2214 4962 1357 1338 770 11893 12582 5344 1374 20632 1385 1236 1792 2023
internal_value=-0.000402936 -0.0159716 -0.00974773 -0.0150839 0.00284867 0.010655 0.00966672 -0.0164128 0.00568423 -0.00156673 0.0121914 0.0114456 -0.000817814 -0.0273367 0.00943294 0.00800503 0.0138934 0.00739971 0.0169908 0.0389659 0.00742062 -0.00318396 0.00252099 -4.127e-08 0.0125442 0.00871099 0.0208878 0.0119042 0.0212294 -0.00759809
internal_weight=41658.2 16361.4 10594.2 7446.99 3147.23 1799.56 25296.8 7141.92 9816.01 2897.88 15480.8 14818.7 1218.4 5767.16 137.235 1720.24 1308.02 1064.34 742.57 224.349 518.221 2798.87 1765.29 1656.89 13600.3 6918.13 759.82 13070.9 1222.94 1347.67
internal_count=628964 527810 286396 228372 58024 23767 101154 227138 55381 31246 45773 43762 2766 241414 4068 23190 15763 13549 8587 2695 5892 30860 18967 17926 40996 24135 3503 39622 3028 34257
cat_boundaries=0 1 2 3 4 5 6
cat_threshold=122986 49152 65570 7278 73736 137856
is_linear=0
shrinkage=0.03


Tree=43
num_leaves=31
num_cat=5
split_feature=6 32 28 32 22 28 15 28 32 28 32 10 4 22 22 32 11 22 28 28 15 22 14 21 11 11 22 28 15 28
split_gain=6759.93 1306.67 624.977 382.863 405.694 311.775 305.144 364.326 301.83 234.141 227.722 222.939 194.203 185.932 193.138 138.762 137.69 237.294 173.61 199.328 135.03 151.649 287.049 129.329 210.881 146.98 123.601 122.535 156.416 280.265
threshold=544.50000000000011 0 4.5000000000000009 1 76.500000000000014 3007.0000000000005 1.0000000180025095e-35 98.500000000000014 2 1.0000000180025095e-35 3 32.500000000000007 7.5000000000000009 57.500000000000007 3.5000000000000004 4 1.5000000000000002 29.500000000000004 6.5000000000000009 15.500000000000002 1.0000000180025095e-35 4.5000000000000009 1.0000000180025095e-35 5.5000000000000009 3.5000000000000004 5.5000000000000009 57.500000000000007 1.0000000180025095e-35 1.0000000180025095e-35 1.5000000000000002
decision_type=2 9 2 9 2 2 2 2 9 2 9 2 2 2 2 9 2 2 2 2 2 2 2 2 2 2 2 2 2 2
left_child=5 2 10 4 6 8 7 16 12 -10 -2 -3 -1 14 23 20 17 18 -4 -20 -11 22 -22 -12 27 -26 -19 -25 29 -29
right_child=1 11 3 -5 -6 -7 -8 -9 9 15 13 -13 -14 -15 -16 -17 -18 26 19 -21 21 -23 -24 24 25 -27 -28 28 -30 -31
leaf_value=0.0095481108770314859 0.0025994196429711056 -0.027843165790845281 0.062532965803310511 -0.01022456980886134 0.06974322816183097 0.038121458842338481 -0.01274682644453522 0.042637542793889045 -0.01570587798667478 0.011309438418598135 -0.017752728195108893 0.052831534638728826 0.02529517402671147 -0.0026811112598137455 -0.023924453414837937 -0.023655467735720519 -0.0091506049998597294 -0.010454124565667621 -0.0076951327657821663 0.041210860410660549 0.041552435247315243 -0.019868084389919171 -0.0055911630529373573 -0.022752365223940477 0.071061976257351916 0.0048369840297552737 0.019093230238969743 0.084169302602750226 -0.023087988212312099 -0.012529289304045701
leaf_weight=21191.538873134879 551.72095629444811 5568.6247340153204 102.74604370840825 2153.8829623711063 88.757375619374216 329.48515319265425 647.3847600457957 280.27634522039443 653.87186297262087 1588.6425922103226 901.8448067078134 30.116769704385661 728.54330061376095 647.58922838093713 3229.9016688474221 140.77680011722259 419.56832078588195 393.3007523487322 145.8453218981158 152.83887747535482 150.59969972027466 317.39380332268775 497.59305274765939 249.81234003987629 55.370987251750194 65.211670859018341 187.25170787563547 49.687545173568651 76.54175317811314 57.187353765941225
leaf_count=62129 9999 240095 1041 62596 530 1071 14598 1297 12828 11313 30180 770 1961 17169 112656 1488 6580 6111 2321 2384 1262 5963 3177 7913 1784 2023 1255 1530 2270 1682
internal_value=-0.000403403 -0.015663 -0.00936793 -0.0010553 0.00712617 0.00916775 0.00474175 0.0114772 0.00878872 0.000383354 -0.0158405 -0.027351 0.010068 -0.0177199 -0.0198352 0.00429278 0.00521991 0.011363 0.0290669 0.0173844 0.00591125 -0.00291154 0.00540921 -0.0107516 0.00066064 0.0355815 -0.000907461 -0.00911862 0.00947315 0.0327907
internal_weight=41653.9 16055.5 10456.7 4571.85 2417.97 25598.4 2329.21 1681.83 25269 3348.88 5884.87 5598.74 21920.1 5333.15 4685.56 2695.01 1401.55 981.983 401.43 298.684 2554.23 965.587 648.193 1455.66 553.812 120.583 580.552 433.229 183.417 106.875
internal_count=627976 526784 285919 98713 36117 101192 35587 20989 100121 36031 187206 240865 64090 177207 160038 23203 19692 13112 5746 4705 21715 10402 4439 47382 17202 3807 7366 13395 5482 3212
cat_boundaries=0 1 2 3 4 5
cat_threshold=122986 24584 123616 57408 14
is_linear=0
shrinkage=0.03


Tree=44
num_leaves=31
num_cat=2
split_feature=32 32 28 28 22 27 2 1 15 27 28 22 19 27 10 28 2 10 10 15 2 10 22 19 4 2 22 19 28 4
split_gain=5177.82 1600.14 1496.92 802.474 322.563 306.646 287.916 265.186 205.128 202.485 199 242.552 183.213 246.554 194.14 214.94 178.786 426.894 161.863 156.308 141.524 147.506 140.714 1105.6 128.865 109.707 128.34 105.797 165.523 141.076
threshold=0 1 4.5000000000000009 1109.5000000000002 40.500000000000007 5.5000000000000009 1.0000000180025095e-35 1.0000000180025095e-35 1.0000000180025095e-35 1.0000000180025095e-35 12.500000000000002 67.500000000000014 0.21666666865348819 1.5000000000000002 1.0000000180025095e-35 27.500000000000004 23.500000000000004 6.5000000000000009 6.5000000000000009 1.0000000180025095e-35 1.0000000180025095e-35 94.500000000000014 1.5000000000000002 0.083333335816860213 9.5000000000000018 1.0000000180025095e-35 57.500000000000007 1.5166666507720949 19.500000000000004 3.5000000000000004
decision_type=9 9 2 2 2 2 2 2 2 2 2 2 2 2 2 2 2 2 2 2 2 2 2 2 2 2 2 2 2 2
left_child=1 24 7 20 6 10 9 8 22 -4 11 -6 13 -11 -15 -16 17 19 -14 -8 21 -2 23 -3 27 26 -24 28 -1 -29
right_child=3 2 4 -5 5 -7 16 -9 -10 12 -12 -13 18 14 15 -17 -18 -19 -20 -21 -22 -23 25 -25 -26 -27 -28 29 -30 -31
leaf_value=0.0088864628407579801 -0.026352791969461588 0.1159875496430641 -0.010354541960820177 0.077620819962170684 0.012025684045903574 0.050049657042688905 0.010417791386750239 0.055405960191887441 -0.022143457562157048 0.04312296256983518 -6.2193706144438921e-05 0.058605127195002341 -0.0087872442129929996 -0.00038999887660700391 -0.0021021686647238825 0.055278350088749775 -0.0090584251464483137 0.044807396994017847 0.035683612643533112 -0.0069769072988114618 0.00181372077041251 0.046972460421565387 -0.017030562258005366 -0.0085445342510679905 0.029994987312260888 0.0022339407217373793 -0.0033935303836095596 0.0051134799872278392 0.017092495488400663 0.013304119740888611
leaf_weight=4950.1761014213553 6533.8927035203669 67.561380203231238 1701.3759057674324 67.825559971504845 323.19981103332248 238.41248891036958 3099.6379686072469 50.062268865061924 1749.3345721921651 178.51873341121245 544.68969824817032 145.57481142599136 1090.2831643817481 987.68392829189543 105.57328855537344 131.28024873067625 461.42075295839459 303.19718051934615 78.01290068088565 546.22463253932074 167.78697252715938 23.912375373300165 3085.4114333104808 998.99642242200207 303.03687012195587 398.93130543059669 778.30110011540819 5609.7536600996973 4005.7502908860333 2857.0895185731351
leaf_count=22961 275736 1754 37338 626 3208 1835 9286 352 55314 1685 4834 1586 17295 12923 1231 1099 1089 1109 916 5424 1539 517 90072 21934 926 2209 17494 18547 11778 6285
internal_value=-0.000372798 0.00430717 -0.0022505 -0.0243069 0.00527466 0.019505 0.00322103 -0.0127407 -0.0132304 -0.00232894 0.0122772 0.0265846 0.0029833 0.0102873 0.00546912 0.0298007 0.00859697 0.0106616 -0.00578973 0.00781051 -0.0253823 -0.0260783 -0.0103011 -0.000554759 0.0106174 -0.012739 -0.0142851 0.0102847 0.0125583 0.00787861
internal_weight=41582.9 34789.5 17063.7 6793.42 9935.09 1251.88 8683.21 7128.6 7078.54 4272.73 1013.46 468.775 2571.35 1403.06 1224.54 236.854 4410.48 3949.06 1168.3 3645.86 6725.59 6557.81 5329.2 1066.56 17725.8 4262.64 3863.71 17422.8 8955.93 8466.84
internal_count=628902 350484 289987 278418 100858 11463 89395 189129 188777 72487 9628 4794 35149 16938 15253 2330 16908 15819 18211 14710 277792 276253 133463 23688 60497 109775 107566 59571 34739 24832
cat_boundaries=0 1 2
cat_threshold=122984 57408
is_linear=0
shrinkage=0.03


Tree=45
num_leaves=31
num_cat=6
split_feature=6 32 27 32 10 22 3 32 22 32 21 1 11 15 20 11 15 20 32 27 19 11 22 27 6 10 11 20 22 32
split_gain=6321.52 1231.99 680.807 297.589 237.39 229.696 205.348 199.63 276.478 194.94 188.94 254.909 260.674 156.831 211.216 208.071 155.03 238.149 146.113 133.807 146.489 129.729 190.444 146.516 113.738 111.161 107.419 87.8822 85.5433 81.3296
threshold=544.50000000000011 0 1.0000000180025095e-35 1 62.500000000000007 61.500000000000007 100.50000000000001 2 74.500000000000014 3 2.5000000000000004 11.500000000000002 2.5000000000000004 1.0000000180025095e-35 1.4889928698539736 1.5000000000000002 1.0000000180025095e-35 3.1180253028869633 4 1.5000000000000002 0.51666668057441723 1.0000000180025095e-35 16.500000000000004 11.500000000000002 80.500000000000014 2.5000000000000004 6.5000000000000009 0.7693975865840913 63.500000000000007 5
decision_type=2 9 2 9 2 2 2 9 2 9 2 2 2 2 2 2 2 2 9 2 2 2 2 2 2 2 2 2 2 9
left_child=6 2 3 -2 -3 -5 9 8 13 27 11 12 -11 14 15 21 18 -18 -12 24 -21 23 -23 -4 29 -16 -9 -1 -7 -20
right_child=1 4 7 5 -6 28 -8 26 -10 10 16 -13 -14 -15 25 -17 17 -19 19 20 -22 22 -24 -25 -26 -27 -28 -29 -30 -31
leaf_value=0.009031111814155595 0.0052007960603089702 -0.027529441643869543 -0.004314444435946258 -0.018240824451801682 0.065851547574111644 0.033800078293048409 0.034642541819418199 -0.0087511142652453144 0.063934428409867711 0.013084497113191733 -0.020429676818401538 -0.0054442870583469218 0.05027552270114246 -0.010134931022057812 0.055353832157246513 -0.015079160618173671 -0.013772664261691289 0.024321060256089565 0.003633480151247869 0.019308279884791828 0.003145767533230222 0.00079534963231892887 0.054842278956949445 0.030481821492887862 0.025870806616651247 0.015888734062970322 0.026313912752136966 0.013834395515265236 -0.0032542066117106187 -0.007130521729294589
leaf_weight=13440.657215513987 638.06093405268621 5294.2193292271113 383.41234902711585 5818.3512875654269 23.700171777745709 60.511511213495396 273.64910449017771 1238.3990242737345 77.429947249591351 502.71600238187239 191.25501500302926 343.79226371459663 255.80773844593205 399.72009845648427 127.95921129127964 314.98925618175417 926.06876324082259 174.75064288196154 2089.4499148395844 1062.1054589983542 961.72033782629296 101.3733804639196 138.41329248994589 151.01027836278081 165.5827006790787 130.23772072838619 82.993580879643559 4609.1075119792949 633.17042604170274 892.54645040119067
leaf_count=38997 9493 240812 5153 201337 535 1437 1005 32267 484 2024 1946 585 1358 7370 1449 4949 14810 717 7055 5118 2351 1352 1296 769 1324 707 2019 11830 16128 12224
internal_value=-0.000257557 -0.0153333 -0.00924424 -0.0143697 -0.0270501 -0.0162707 0.00883496 0.00237631 0.00877888 0.00855791 0.0044944 0.0159744 0.0256766 0.0063495 0.0112437 0.00544611 0.00254131 -0.00770885 0.00464646 0.00560629 0.0116332 0.0138055 0.0320913 0.0055564 0.00174644 0.0355853 -0.00648152 0.0102527 2.21285e-05 0.000398655
internal_weight=41503.2 15614 10296 7150.09 5317.92 6512.03 25889.2 3145.94 1824.55 25615.6 7565.8 1102.32 758.524 1747.12 1347.4 1089.2 6463.48 1100.82 5362.66 5171.4 2023.83 774.209 239.787 534.423 3147.58 258.197 1321.39 18049.8 693.682 2982
internal_count=628901 527557 286210 228395 241347 218902 101344 57815 23529 100339 49512 3967 3382 23045 15675 13519 45545 15527 30018 28072 7469 8570 2648 5922 20603 2156 34286 50827 17565 19279
cat_boundaries=0 1 2 3 4 5 6
cat_threshold=122986 57344 24584 57696 7174 65664
is_linear=0
shrinkage=0.03


Tree=46
num_leaves=31
num_cat=5
split_feature=6 32 28 19 10 4 28 32 28 22 22 32 10 22 10 32 27 22 22 6 22 22 28 4 22 32 22 22 27 10
split_gain=5966.44 1232.1 587.965 326.593 370.014 267.912 224.176 231.539 260.015 204.904 196.242 157.055 149.151 138.089 135.524 129.667 125.229 143.643 195.3 120.421 115.517 228.693 160.835 334.755 114.766 241.878 112.803 109.759 97.8272 173.526
threshold=544.50000000000011 0 4.5000000000000009 0.21666666865348819 1.5000000000000002 9.5000000000000018 3007.0000000000005 1 1.0000000180025095e-35 81.500000000000014 3.5000000000000004 2 91.500000000000014 12.500000000000002 7.5000000000000009 3 9.5000000000000018 18.500000000000004 16.500000000000004 83.500000000000014 40.500000000000007 4.5000000000000009 1550.0000000000002 1.5000000000000002 69.500000000000014 4 86.500000000000014 51.500000000000007 15.500000000000002 1.5000000000000002
decision_type=2 9 2 2 2 2 2 9 2 2 2 9 2 2 2 9 2 2 2 2 2 2 2 2 2 9 2 2 2 2
left_child=5 2 9 4 13 6 7 8 -1 10 15 -12 28 -4 -5 -2 17 18 -15 20 21 22 23 -10 -19 -26 -11 -13 -3 -30
right_child=1 12 3 14 -6 -7 -8 -9 19 26 11 27 -14 16 -16 -17 -18 24 -20 -21 -22 -23 -24 -25 25 -27 -28 -29 29 -31
leaf_value=-0.017218221852207095 0.00088484583550605843 -0.026963917878533156 -0.0053499234033993403 -0.012437199374270949 0.07057991713672955 0.036477318358223022 0.031905332489530536 0.0088236820223947694 0.002490297479314021 0.046195379924884691 0.0088881323156259524 -0.023886032862977271 0.049330292879295516 0.0072055594508089885 0.02687280693546135 -0.016337377994653023 0.027680573588513745 -0.0029863555236446584 0.070806714840479096 0.029684764653136769 0.014203651049649251 -0.015199519206690972 -0.014552986307438351 0.043498086369588226 0.054645467607598537 -0.0059544063976276216 9.4244783021557913e-05 -0.0087556155928829767 -0.017884408436869288 0.051945631098233552
leaf_weight=619.08817886689212 822.2224570766557 5698.0702300374396 780.45159878919367 1493.3168741170084 79.021951775299385 300.97840955108404 348.86264695972204 22158.759526262758 768.20198179176077 59.566569085232913 159.17247410526033 2848.9711169806542 22.792858452070504 120.36415537400171 82.411138057243079 748.41678179882001 294.32926138979383 884.45962046168279 67.234282173216343 157.76110103935935 601.07298979791813 656.56768623017706 255.89417811110616 232.70395916211419 93.48665742110461 138.60731280688196 226.07951271021739 510.31903536559548 240.57519200595561 35.942790701286867
leaf_count=12620 20956 263275 16438 36381 945 1057 1037 63532 5713 1258 3589 104610 501 2440 1466 25540 2229 14443 1158 1486 3684 10373 611 1049 564 2024 4458 15322 8797 1115
internal_value=-0.000358372 -0.0151626 -0.00835615 0.000292226 0.00712606 0.00838026 0.00805107 0.00772284 0.000283298 -0.014861 -0.0162489 -0.0201846 -0.0257802 0.00498952 -0.0103655 -0.00742512 0.0100379 0.00603803 0.0302544 0.00434398 0.00274288 -0.000862986 0.00663272 0.0120582 0.00194586 0.0206736 0.00983546 -0.0215268 -0.026118 -0.00865318
internal_weight=41505.7 15405.8 9408.43 4033.68 2457.95 26099.9 25798.9 25450 3291.29 5374.75 5089.1 3518.46 5997.38 2378.93 1575.73 1570.64 1598.48 1304.15 187.598 2672.2 2514.44 1913.37 1256.8 1000.91 1116.55 232.094 285.646 3359.29 5974.59 276.518
internal_count=628671 527509 253821 78088 40241 101162 100105 99068 35536 175733 170017 123521 273688 39296 37847 46496 22858 20629 3598 22916 21430 17746 7373 6762 17031 2588 5716 119932 273187 9912
cat_boundaries=0 1 2 3 4 5
cat_threshold=122984 7182 24640 49224 16392
is_linear=0
shrinkage=0.03


Tree=47
num_leaves=31
num_cat=5
split_feature=6 32 27 32 3 20 32 6 32 32 28 15 17 1 28 2 2 1 17 15 30 18 28 28 28 11 3 5 27 27
split_gain=5680.09 1232.22 583.68 290.434 216.129 212.193 346.9 180.608 200.1 167.276 211.484 175.946 138.069 133.014 274.903 274.975 128.973 138.176 125.015 127.175 242.12 117.803 246.748 129.792 117.749 111.52 108.177 129.879 108.817 80.9457
threshold=544.50000000000011 0 1.0000000180025095e-35 1 100.50000000000001 4.0063054561614999 2 15.500000000000002 3 4 5.5000000000000009 1.0000000180025095e-35 3.5000000000000004 21.500000000000004 1269.5000000000002 31.500000000000004 23.500000000000004 6.5000000000000009 5.5000000000000009 1.0000000180025095e-35 85.500000000000014 0.78571429848670971 113.50000000000001 6.5000000000000009 13.500000000000002 6.5000000000000009 27.500000000000004 6.5000000000000009 7.5000000000000009 15.500000000000002
decision_type=2 9 2 9 2 2 9 2 9 9 2 2 2 2 2 2 2 2 2 2 2 2 2 2 2 2 2 2 2 2
left_child=4 2 3 -2 7 -3 -7 13 -9 10 12 21 -4 14 15 16 17 -1 19 26 -21 22 23 -12 -13 -11 27 28 -10 -23
right_child=1 5 9 -5 -6 6 -8 8 18 25 11 24 -14 -15 -16 -17 -18 -19 -20 20 -22 29 -24 -25 -26 -27 -28 -29 -30 -31
leaf_value=0.0088921425230588311 0.0055011041416808655 -0.028055451439370164 -0.018620642148662908 -0.015663944633048533 0.034801818455627409 0.081761099194475634 -0.019457298843676599 -0.018078346292399895 0.0047989080196656113 -0.0088355872926669365 0.04046122686215374 0.027418416538377916 0.035817717902326823 -0.0019219005982079357 0.033222075729565925 0.034963011922355278 -0.0051136991806623039 0.021034891118135685 0.024813257205182775 -0.014265169555883488 0.013522571996404798 -0.017709787223590373 0.061585042986806088 0.010514073451699859 -0.017140674120795559 0.026715197632746806 -0.0064036477563944334 0.023037052325208158 0.015225646497825158 0.015806301495943004
leaf_weight=12460.414671021746 642.46964236069471 4918.2300956629915 346.11743236007169 6318.642607842572 269.97534960950725 31.914534175302833 96.66256608243566 323.09321366087534 6524.0709595116787 1217.9375675772317 163.29614775534719 67.333587752073072 46.754566154791974 810.28555384767242 465.69982773158699 380.14336542785168 548.96953446487896 904.37976617482491 293.63681556703523 770.64941205945797 443.9772580631543 121.73975575179793 127.11014866735786 634.84344423259608 243.38208765746094 83.98687378782779 565.86746038985439 437.47903669904917 1044.5982476491481 136.51045368053019
leaf_count=35863 9483 237393 7990 218880 1005 657 3422 3133 34166 32284 1042 1334 739 1438 1524 1328 1174 2172 1189 10070 1402 1686 500 6287 3673 2011 2059 1413 3359 441
internal_value=-0.000308087 -0.014903 -0.00884724 -0.0137246 0.00814379 -0.0270072 0.0109118 0.00786537 0.00480422 0.00177256 0.00745702 0.0126451 -0.0120676 0.00991031 0.01056 0.00981936 0.00912993 0.00971534 0.0055518 0.00497708 -0.00410527 0.0179168 0.0229124 0.0166841 -0.00742752 -0.00647378 0.00626435 0.0071604 0.00623979 -6.29772e-07
internal_weight=41440.2 15196.9 10150.1 6961.11 26243.2 5046.81 128.577 25973.3 10403.4 3189.01 1887.09 1494.22 392.872 15569.9 14759.6 14293.9 13913.8 13364.8 10080.3 9786.64 1214.63 1183.5 925.25 798.14 310.716 1301.92 8572.02 8006.15 7568.67 258.25
internal_count=629117 527822 286350 228363 101295 241472 4079 100290 56791 57987 23692 14963 8729 43499 42061 40537 39209 38035 53658 52469 11472 9956 7829 7329 5007 34295 40997 38938 37525 2127
cat_boundaries=0 1 2 3 4 5
cat_threshold=122986 57344 137728 7238 24584
is_linear=0
shrinkage=0.03


Tree=48
num_leaves=31
num_cat=6
split_feature=6 32 28 32 15 32 10 32 28 22 28 32 15 32 22 22 22 14 6 22 22 21 11 19 28 19 11 6 5 11
split_gain=5185.45 1238.05 517.477 305.905 210.525 204.214 200.147 194.924 378.263 222.937 188.511 197.464 172.604 226.66 221.636 164.462 188.684 133.817 142.349 127.095 245.05 117.048 184.046 237.072 114.185 141.943 144.712 123.773 129.707 112.267
threshold=544.50000000000011 0 4.5000000000000009 1 1.0000000180025095e-35 2 83.500000000000014 3 89.500000000000014 75.500000000000014 3007.0000000000005 4 1.0000000180025095e-35 5 4.5000000000000009 57.500000000000007 3.5000000000000004 1.0000000180025095e-35 14.500000000000002 17.500000000000004 23.500000000000004 5.5000000000000009 3.5000000000000004 0.35000000894069677 9.5000000000000018 0.51666668057441723 1.5000000000000002 83.500000000000014 1.5000000000000002 3.5000000000000004
decision_type=2 9 2 9 2 9 2 9 2 2 2 9 2 9 2 2 2 2 2 2 2 2 2 2 2 2 2 2 2 2
left_child=10 2 5 -4 7 -2 -3 8 9 29 11 -1 13 -13 17 16 21 18 -14 -6 -21 -7 -23 -24 27 26 -26 28 -15 -5
right_child=1 6 3 4 19 15 -8 -9 -10 -11 -12 12 14 24 -16 -17 -18 -19 -20 20 -22 22 23 -25 25 -27 -28 -29 -30 -31
leaf_value=0.0090740223313184112 0.0026268322680390662 -0.027368282760829289 -0.01361762845418457 0.0081309190095054835 -0.017283455157252579 -0.016524348829433655 0.06436213945114086 -0.002101701870123312 0.046430053542921873 0.054376937106439004 0.028974193604271579 -0.021240284961745636 0.044304956130390816 -0.008294549784058582 -0.0215292618931846 -0.0023698645566990859 -0.023071349514628817 -0.0042725332653993338 -0.0022122016232092546 0.071320717052871449 -0.024331543130514052 -0.0079938050806362248 0.089843083660943665 0.0019513991579453739 0.011526192781344861 0.004602386653104743 0.033415470313670981 0.028607403350192819 0.0063484816036464891 -0.017323875670468759
leaf_weight=17370.84772829758 554.74060351809021 4888.4829122541705 1243.8036144088255 1000.0713061671704 542.2633327129297 842.20884645171463 20.5887896718923 1110.6682382313302 272.96627078135498 84.350389257073402 362.63952966593206 268.08465406438336 124.64154231245629 1071.0143061932176 525.34854341577739 631.65712522482499 2926.6509537993697 590.06674965890124 111.80007251515053 43.968985674087889 51.159154244000092 412.46582819346804 42.786216819309629 74.93477082811296 1718.5220518682618 2807.9986122720875 322.52184308553115 135.33698692498729 1105.2625830182806 183.74936539249029
leaf_count=45070 9954 240945 48282 11947 12784 30374 379 18982 1194 408 1074 2623 858 11163 10558 17178 112746 3895 1297 1076 1217 13337 1325 2421 7811 7733 1540 1037 6653 3182
internal_value=-0.00044294 -0.0145854 -0.008506 -0.00101363 0.00378512 -0.0147116 -0.0269157 0.0075177 0.0143676 0.00754835 0.00751953 0.00722093 0.00353993 0.00533826 -0.00631275 -0.0166341 -0.0187676 0.00337357 0.0223929 -0.0116721 0.0201617 -0.0095796 0.00146258 0.0343837 0.00635693 0.00898101 0.0149998 0.000878425 -0.000858315 0.00416861
internal_weight=41441.6 14927.5 10018.4 4533 3289.2 5485.44 4909.07 2651.81 1541.14 1268.17 26514.1 26151.4 8780.6 7428.74 1351.86 4930.7 4299.05 826.508 236.442 637.391 95.1281 1372.4 530.187 117.721 7160.66 4849.04 2041.04 2311.61 2176.28 1183.82
internal_count=629043 527731 286407 99072 50790 187335 241324 35713 16731 15537 101312 100238 55168 38560 16608 177381 160203 6050 2155 15077 2293 47457 17083 3746 35937 17084 9351 18853 17816 15129
cat_boundaries=0 1 2 3 4 5 6
cat_threshold=122986 65602 57408 16392 57408 7174
is_linear=0
shrinkage=0.03


Tree=49
num_leaves=31
num_cat=0
split_feature=3 27 20 10 21 22 4 10 5 27 11 11 10 11 0 21 22 22 4 27 10 3 5 3 3 19 19 1 19 27
split_gain=4981.75 489.431 195.916 297.54 442.71 227.049 175.474 168.295 126.55 162.183 137.896 253.12 150.714 173.379 131.433 124.293 119.741 174.37 100.006 91.3936 175.89 90.8547 79.9077 114.61 476.053 152.541 139.337 91.054 74.6803 107.197
threshold=1.0000000180025095e-35 9.5000000000000018 1.6669635176658633 1.5000000000000002 2.5000000000000004 51.500000000000007 9.5000000000000018 7.5000000000000009 1.5000000000000002 146.50000000000003 18.500000000000004 27.500000000000004 1.5000000000000002 8.5000000000000018 1.0000000180025095e-35 5.5000000000000009 40.500000000000007 62.500000000000007 2.5000000000000004 283.50000000000006 1.5000000000000002 5.5000000000000009 21.500000000000004 88.500000000000014 62.500000000000007 7.9500000476837167 6.1499998569488534 7.5000000000000009 0.11666667088866235 16.500000000000004
decision_type=2 2 2 2 2 2 2 2 2 2 2 2 2 2 2 2 2 2 2 2 2 2 2 2 2 2 2 2 2 2
left_child=1 2 5 -4 -5 -1 8 16 9 14 12 -12 22 18 21 -6 19 -18 -14 20 28 -2 23 24 25 26 27 -10 29 -3
right_child=6 7 3 4 15 -7 -8 -9 10 -11 11 -13 13 -15 -16 -17 17 -19 -20 -21 -22 -23 -24 -25 -26 -27 -28 -29 -30 -31
leaf_value=-0.018592250785322274 -0.00034070063563610423 0.037043805592282902 -0.015371272669055374 0.10698136794336113 -0.011265031772270402 -0.0075094912895015079 0.029637654280989047 0.055615841524187581 0.0071851183964310736 0.023617365292421161 -0.017140820830683638 0.014426522546286655 0.019150890134855804 0.033417321737037278 0.025844492355239845 0.036573436040351286 0.051386187942408207 -0.0031741095932941773 0.0016905719310346449 -0.023054626633868973 0.033519926028802771 0.024823299428043996 -0.0056334673304706045 -0.0082565000845782523 0.038827359097053475 0.025619487019947419 -0.0090171359354398722 0.017948285867548149 -0.012309037052818316 -0.0061742838959131848
leaf_weight=10882.877356084238 4444.4457398037193 78.382829368347302 449.47094330145046 47.244941232376732 133.59700586029794 1966.0892851667013 312.03606175258756 52.910087328171358 15854.471689013182 314.46261338144541 518.88127898029052 407.06887977058068 661.51945927506313 438.93752592545934 189.15830389177427 75.794963520718738 96.114079038612545 115.08070852176752 532.92768469383009 169.30047050793655 125.98938638938125 131.99453940603416 389.10324282571673 377.12587017705664 451.30098258750513 414.27824314218014 462.32633860548958 739.98413921194151 433.50765851966571 147.21603185730055
leaf_count=422498 35015 1361 15781 1283 2938 60969 1023 675 48175 817 1004 1570 2287 1495 629 1313 1444 2437 1043 880 1892 1433 554 636 1439 1227 789 1689 12388 2224
internal_value=-0.000443009 -0.0144147 -0.0160517 -0.000665508 0.0250497 -0.0168971 0.0073054 0.00379477 0.00703961 0.00278519 0.0080566 -0.0032625 0.00857248 0.0173105 0.0014059 0.0061429 0.00139678 0.0217813 0.0113685 -0.0031321 0.00118792 0.000390349 0.00780789 0.00809398 0.00843847 0.00765131 0.00721342 0.00766612 -0.00503382 0.00893877
internal_weight=41413.6 14773.6 13555.1 706.108 256.637 12849 26640 1218.5 26328 5080.06 21247.9 925.95 20322 1633.38 4765.6 209.392 1165.59 211.195 1194.45 954.396 785.096 4576.44 18688.6 18299.5 17922.4 17471.1 17056.8 16594.5 659.107 225.599
internal_count=628908 528083 504782 21315 5534 483467 100825 23301 99802 37894 61908 2574 59334 4825 37077 4251 22626 3881 3330 18745 17865 36448 54509 53955 53319 51880 50653 49864 15973 3585
is_linear=0
shrinkage=0.03


Tree=50
num_leaves=31
num_cat=5
split_feature=3 32 28 19 21 20 32 32 3 28 32 28 22 22 22 28 15 32 27 22 11 28 20 19 10 11 22 3 28 28
split_gain=4650.95 1240.79 588.159 316.659 514.302 210.621 325.74 209.582 193.355 159.165 195.249 209.348 153.608 201.117 144.178 138.99 138.588 233.85 114.827 140.065 219.746 112.962 176.458 144.557 246.591 112.364 200.367 152.033 325.486 203.761
threshold=1.0000000180025095e-35 0 4.5000000000000009 0.21666666865348819 4.5000000000000009 3.9287607669830327 1 2 100.50000000000001 3007.0000000000005 3 1.0000000180025095e-35 57.500000000000007 3.5000000000000004 12.500000000000002 1534.0000000000002 1.0000000180025095e-35 4 9.5000000000000018 18.500000000000004 1.0000000180025095e-35 1.0000000180025095e-35 2.7924076318740849 0.18333333730697635 1.0000000180025095e-35 1.0000000180025095e-35 40.500000000000007 11.500000000000002 28.500000000000004 1.5000000000000002
decision_type=2 9 2 2 2 2 9 9 2 2 9 2 2 2 2 2 2 9 2 2 2 2 2 2 2 2 2 2 2 2
left_child=1 2 7 4 -4 -3 -7 -1 9 10 11 -2 13 21 -6 -5 17 25 19 20 -16 -9 23 24 -23 26 -13 28 29 -27
right_child=8 5 3 15 14 6 -8 12 -10 -11 -12 16 -14 -15 18 -17 -18 -19 -20 -21 -22 22 -24 -25 -26 27 -28 -29 -30 -31
leaf_value=0.0034025756122274043 -0.016429357783614148 -0.026403258521782727 0.090814509672733829 -0.011258977581205752 -0.0047815207023515745 0.079962686636765631 -0.015295327191866813 -0.016587776901686248 0.031705143237302648 0.026774737273171485 0.0074133122032072297 -0.018297208847544648 -0.0019417644526181672 -0.022811357073010768 -0.0080234373828458397 0.032551606164330754 -0.0060182701001384132 -0.023476475962798848 0.02710648042348722 0.0028727491965122543 0.058032797971049224 -0.020113416052406533 0.068307161729130275 -0.011251653930024627 0.064599509196995641 0.04698097246290981 0.014036793957024717 -0.0019504612180401128 0.065218121345576766 -0.0039343936963409706
leaf_weight=555.97019356500823 600.87857558240648 5316.9388718343107 64.712945773731917 1473.0725229476811 786.95949268923141 32.064431328792125 121.17002226354089 641.10910228639841 280.6352873602882 350.31898615323007 22999.218147268286 238.35179264820181 592.12344537710305 2738.7339857900515 76.52592171204742 67.237416754476726 945.15025122242514 176.83390934043564 314.71773422881961 1110.1850133258849 109.39645948680118 56.387980079976842 32.834378790925257 394.81909464858472 66.504933511489071 104.27909402013756 616.71860253880732 180.67628929344937 159.31571123888716 215.20839360007085
leaf_count=9975 12505 268402 707 37464 16623 605 4316 23196 1010 976 63897 2357 15754 109256 1760 353 10360 1713 2277 17017 1831 1858 607 13146 2000 1126 3679 678 672 2006
internal_value=-0.000423055 -0.0140826 -0.0072531 0.00133859 0.00801088 -0.0253575 0.0092195 -0.0140382 0.00697518 0.00671297 0.00644408 -0.000463126 -0.0161543 -0.0183355 0.0057392 -0.00932668 0.00317875 0.00831859 0.0108788 0.00692059 0.0309465 -0.00803848 0.00192917 -0.00240423 0.0258814 0.0121189 0.00501281 0.0214944 0.0303269 0.0127789
internal_weight=41419 14551.5 9081.29 4002.81 2462.5 5470.17 153.234 5078.48 26867.6 26586.9 26236.6 3237.41 4522.51 3930.39 2397.78 1540.31 2636.53 1691.38 1610.83 1296.11 185.922 1191.66 550.546 517.712 122.893 1514.55 855.07 659.479 478.803 319.487
internal_count=628126 527147 253824 78032 40215 273323 4921 175792 100979 99969 98993 35096 165817 150063 39508 37817 22591 12231 22885 20608 3591 40807 17611 17004 3858 10518 6036 4482 3804 3132
cat_boundaries=0 1 2 3 4 5
cat_threshold=122984 6144 57408 7182 12
is_linear=0
shrinkage=0.03


Tree=51
num_leaves=31
num_cat=0
split_feature=6 27 28 22 28 4 22 11 27 19 21 27 28 28 19 28 6 10 9 22 19 15 21 5 4 30 6 2 15 28
split_gain=4646.07 451.456 245.583 192.855 187.275 165.953 159.954 152.12 149.176 143.92 378.339 167.737 171.265 496.209 222.946 136.637 193.653 127.76 102.006 162.319 113.485 139.463 209.647 199.798 195.969 188.604 192.832 169.93 91.3778 99.5858
threshold=544.50000000000011 9.5000000000000018 16.500000000000004 17.500000000000004 3007.0000000000005 7.5000000000000009 51.500000000000007 6.5000000000000009 1.0000000180025095e-35 0.38333334028720861 4.5000000000000009 1.5000000000000002 6.5000000000000009 5.5000000000000009 0.21666666865348819 3.5000000000000004 1.0000000180025095e-35 16.500000000000004 1.0000000180025095e-35 40.500000000000007 0.51666668057441723 4.5000000000000009 3.5000000000000004 8.5000000000000018 2.5000000000000004 316.50000000000006 5.5000000000000009 22.500000000000004 8.5000000000000018 95.500000000000014
decision_type=2 2 2 2 2 2 2 2 2 2 2 2 2 2 2 2 2 2 2 2 2 2 2 2 2 2 2 2 2 2
left_child=4 6 3 -3 5 15 8 -4 -2 10 -10 12 13 14 -12 16 -1 -11 19 28 -20 22 23 25 -23 26 -22 -24 29 -17
right_child=1 2 7 -5 -6 -7 -8 -9 9 17 11 -13 -14 -15 -16 18 -18 -19 20 -21 21 24 27 -25 -26 -27 -28 -29 -30 -31
leaf_value=0.031493219529445012 -0.019161416191150169 0.0077710233319445146 -0.0054637892630702957 0.075435421818904183 0.028393240804321995 0.020532855606016902 -0.0077507733875190454 0.032553553332681853 0.071804656888285176 -0.020899820045665853 -0.022419431310396334 -0.013809087669140147 -0.026508023292818261 0.068781751245306971 0.057607176635546195 0.00081270943653035375 0.0016850179703997972 0.043460111749649061 0.015131329883104758 0.016608814649846881 -0.0018535577721694695 0.0026437692052612692 0.0047919299618602636 0.028751192309345038 0.028927598391611842 0.023386282575876591 0.014048412892321819 -0.012270794479742671 -0.015078110133463607 0.01061258197497186
leaf_weight=201.433996707201 8249.8036548774107 82.856442468357272 965.5637986518559 69.289520961581729 364.50216588377953 764.76421940326691 1935.1117147882469 104.01922414358705 53.812427797354758 1148.9625428803265 178.31314555776771 1256.5863914134097 98.928502219147049 113.5471481308341 36.9806426926516 3661.6541774286889 6328.7825013492256 27.540771283674985 2320.2443764582276 840.64856757898815 1425.9670386519283 432.20110081881285 5262.2682220963761 552.04587976634502 623.52316356822848 685.02797836717218 1321.7442822018638 582.59241435490549 254.88834621128626 1251.5601339277346
leaf_count=572 346004 1778 18874 901 1081 2002 61001 1754 1175 45244 5240 40928 2222 740 1114 19953 35994 745 6786 4020 2787 830 12081 1402 1652 1833 4067 883 762 4567
internal_value=-0.000291997 -0.0140926 0.0033463 0.0388777 0.0070627 0.00676834 -0.0157191 -0.00173957 -0.0170994 -0.0112586 -0.00576864 -0.00828811 0.00792432 0.0183319 -0.00847061 0.00635868 0.00260918 -0.0193576 0.00763278 0.0043912 0.00910731 0.007822 0.00670779 0.0120132 0.01818 0.00931379 0.00579817 0.00308938 0.00240105 0.00331072
internal_weight=41195.2 14321.3 1221.73 152.146 26873.8 26509.3 13099.6 1069.58 11164.5 2914.67 1738.17 1684.36 427.769 328.841 215.294 25744.6 6530.22 1176.5 19214.4 6008.75 13205.6 10885.4 9829.65 3984.79 1055.72 3432.74 2747.71 5844.86 5168.1 4913.21
internal_count=628992 527720 23307 2679 101272 100191 504413 20628 443412 97408 51419 50244 9316 7094 6354 98189 36566 45989 61623 29302 32321 25535 23053 10089 2482 8687 6854 12964 25282 24520
is_linear=0
shrinkage=0.03


Tree=52
num_leaves=31
num_cat=5
split_feature=6 32 27 32 20 32 22 32 32 22 21 2 19 27 27 27 11 10 19 22 10 27 19 5 5 30 4 11 21 10
split_gain=4181.21 1252.98 489.115 306.779 245.337 337.667 227.197 172.165 168.587 222.076 159.012 268.773 153.935 122.488 119.087 360.857 130.608 209.026 117.016 116.571 125.271 148.552 114.073 130.496 216.568 133.444 121.118 206.378 214.03 156.44
threshold=544.50000000000011 0 1.0000000180025095e-35 1 3.9287607669830327 2 61.500000000000007 3 4 89.500000000000014 2.5000000000000004 11.500000000000002 18.149999618530277 1.5000000000000002 292.50000000000006 189.50000000000003 5.5000000000000009 1.5000000000000002 0.25000000745058065 41.500000000000007 1.0000000180025095e-35 13.500000000000002 1.5166666507720949 2.5000000000000004 5.5000000000000009 189.50000000000003 3.5000000000000004 2.5000000000000004 3.5000000000000004 1.0000000180025095e-35
decision_type=2 9 2 9 2 9 2 9 9 2 2 2 2 2 2 2 2 2 2 2 2 2 2 2 2 2 2 2 2 2
left_child=7 2 3 18 -3 -6 -5 12 -4 14 11 -9 22 -12 15 16 17 -10 -2 20 -15 -22 -1 25 -25 -24 29 28 -28 -26
right_child=1 4 8 6 5 -7 -8 10 9 -11 13 -13 -14 19 -16 -17 -18 -19 -20 -21 21 -23 23 24 26 -27 27 -29 -30 -31
leaf_value=0.010252288439440328 0.025954867029248995 -0.02784065314581825 -0.0062755739596051978 -0.016391444301478222 0.082081375866861858 -0.017200211811556988 0.0022062179562310673 0.024346059599292515 0.003254869399180748 0.056317040158687 -0.0017288436275708493 -0.0044852831535083151 0.026534523280305436 -0.00061650333748530133 -0.020629202683158723 0.061733866191472711 -0.01875618719276604 0.038875717442594944 -0.0013960779101320569 0.020273595305862872 -0.0028325843107932513 0.021273275007989069 0.0085984246894379342 -0.0018205761207139527 0.0085010804698989299 0.033867915810287176 0.020522278661177357 0.027143249775725201 0.00079482458917377299 -0.0098305754282203318
leaf_weight=8845.2404605888296 212.75322824053001 4387.7486623506993 1230.8106444978621 5176.9344243716914 33.383295271312818 94.097070604679175 667.14238150371239 752.60674859769642 1203.519904980436 80.871403398923576 4372.450254219817 473.61956332996488 405.07664282992482 1990.3693332748953 140.57749827392399 104.50473189260811 191.27705013274681 168.13495648722164 412.10266255040187 438.56067452533171 362.88427468761802 626.66981878736988 616.64534393372014 3200.1761794039048 1262.8086506333202 270.29695232771337 766.65972879901528 644.2946596685797 1393.6218417529017 625.79438348859549
leaf_count=25002 2584 237155 34124 201550 579 3536 17531 2887 16981 389 34861 910 1707 9481 400 445 3863 1652 6865 1977 1912 1742 2430 7295 2899 1016 1816 1785 2415 1036
internal_value=-0.000333287 -0.0135754 -0.00740954 -0.012122 -0.0265895 0.0142851 -0.014244 0.00657196 0.00233912 0.00794403 0.00317486 0.0132156 0.00826424 0.00159712 0.00579431 0.00803305 0.00440519 0.00764635 0.00781814 0.00585049 0.00372172 0.0124394 0.00784756 0.00542415 0.00419692 0.0163288 0.00829964 0.0122535 0.00780213 0.00242484
internal_weight=41151.6 14103.9 9588.63 6468.93 4515.23 127.48 5844.08 27047.8 3119.7 1888.89 9017.16 1226.23 18030.6 7790.93 1808.01 1667.44 1562.93 1371.65 624.856 3418.48 2979.92 989.554 17625.5 8780.3 7893.36 886.942 4693.18 2804.58 2160.28 1888.6
internal_count=628825 527654 286384 228530 241270 4115 219081 101171 57854 23730 53770 3797 47401 49973 23341 22941 22496 18633 9449 15112 13135 3654 45694 20692 17246 3446 9951 6016 4231 3935
cat_boundaries=0 1 2 3 4 5
cat_threshold=122986 57344 4096 58050 65570
is_linear=0
shrinkage=0.03


Tree=53
num_leaves=31
num_cat=0
split_feature=6 28 28 19 21 2 2 28 9 22 10 11 20 30 11 30 6 20 5 19 22 20 30 15 30 11 28 6 22 30
split_gain=3973.54 306.36 235.388 274.253 511.352 229.473 225.719 448.723 189.885 172.758 141.765 138.353 133.409 127.117 336.511 127.043 241.907 124.099 124.069 117.803 242.318 122.2 113.467 111.98 116.084 220.762 151.072 121.874 109.484 107.555
threshold=544.50000000000011 4.5000000000000009 3007.0000000000005 0.38333334028720861 3.5000000000000004 36.500000000000007 23.500000000000004 1269.5000000000002 47.500000000000007 61.500000000000007 1.0000000180025095e-35 32.500000000000007 1.1320952177047732 316.50000000000006 1.0000000180025095e-35 364.50000000000006 5.5000000000000009 3.3302180767059331 10.500000000000002 0.11666667088866235 1.5000000000000002 2.9034712314605717 534.50000000000011 1.0000000180025095e-35 24.500000000000004 1.0000000180025095e-35 29.500000000000004 5.5000000000000009 63.500000000000007 244.50000000000003
decision_type=2 2 2 2 2 2 2 2 2 2 2 2 2 2 2 2 2 2 2 2 2 2 2 2 2 2 2 2 2 2
left_child=5 9 3 4 -3 6 7 13 -7 10 -2 -5 -13 18 15 -15 -17 -6 23 20 -12 -21 -16 29 27 -26 -27 -25 -11 -1
right_child=1 2 -4 11 17 8 -8 -9 -10 28 19 12 -14 14 22 16 -18 -19 -20 21 -22 -23 -24 24 25 26 -28 -29 -30 -31
leaf_value=0.0063412288641159749 -0.021418997916108913 0.06165370299898084 0.067020003068684206 -0.018810175045596303 -0.0068238323495492265 0.0362675514869331 -0.0065414447526902534 0.036174790180464454 0.0079485205163644466 0.03429154613262575 0.063461130968781559 -0.0065657001680382195 0.068355477101427906 0.010798569381717906 0.013734625508748639 0.046979721824616107 0.013132276661658388 0.035488367913366348 0.012709326756080471 -0.016014033750147112 -0.016820898073153984 0.023227850228230377 -0.0040857026220053041 0.0054417085388257904 -0.002981183652573465 0.024295847554031094 -0.00040778734236276276 -0.013800954808724787 -0.007544771224208627 -0.002081065376377918
leaf_weight=14871.440258035902 5245.0198498672689 101.58303877431899 35.759033236652613 2257.5971506520873 4006.4286000980064 410.61849547666498 1269.1712909946218 447.10936853662133 443.34291720949113 60.055935793672688 55.776855305826757 65.421127665438689 30.672897362033837 431.98260388616472 495.75626167841256 406.91006206721067 357.7775614913553 62.393542891019024 1791.6757854092866 1099.5930398914497 82.979973610490561 75.509994259802625 910.99823410250247 446.62020175531507 1670.3028276818804 598.03227233490907 354.67526430776343 876.10030582372565 723.07014463737141 1502.0087385466322
leaf_count=59176 235615 914 441 91103 118127 1553 2948 1451 959 1867 1862 2497 662 1010 1264 1310 950 1084 3717 45019 3495 1845 1668 2330 3518 1957 803 13165 22805 3317
internal_value=-0.00035746 -0.0134113 -0.00869761 -0.00912283 -0.00450008 0.00629388 0.00579881 0.00642151 0.0215919 -0.017621 -0.019211 -0.0173083 0.0178066 0.00588179 0.0121513 0.0238385 0.0311812 -0.00616643 0.00514307 -0.0103869 0.0156737 -0.0134748 0.00219968 0.00447531 -6.1445e-05 0.0035924 0.0151084 -0.00730441 -0.00429681 0.00556853
internal_weight=41186.4 13901.9 6559.86 6524.1 4170.41 27284.5 26430.6 25161.4 853.961 7342.01 6558.88 2353.69 96.094 24714.3 2603.42 1196.67 764.688 4068.82 22110.9 1313.86 138.757 1175.1 1406.75 20319.2 3945.73 2623.01 952.708 1322.72 783.126 16373.4
internal_count=628432 527336 214828 214387 120125 101096 98584 95636 2512 312508 287836 94262 3159 94185 6202 3270 2260 119211 87983 52221 5357 46864 2932 84266 21773 6278 2760 15495 24672 62493
is_linear=0
shrinkage=0.03


Tree=54
num_leaves=31
num_cat=6
split_feature=6 32 27 32 22 20 32 6 32 2 2 28 1 32 22 28 27 28 19 28 19 17 2 28 30 30 19 32 30 3
split_gain=3810.01 1259.08 484.395 254.746 228.541 203.819 251.697 195.704 163.346 148.469 233.678 342.572 169.317 141.67 179.158 153.466 176.675 215.92 159.13 258.784 302.016 123.501 117.77 114.729 176.908 127.143 155.709 100.007 142.361 97.6535
threshold=544.50000000000011 0 1.0000000180025095e-35 1 61.500000000000007 4.2981061935424814 2 15.500000000000002 3 37.500000000000007 23.500000000000004 1269.5000000000002 23.500000000000004 4 89.500000000000014 5.5000000000000009 292.50000000000006 113.50000000000001 0.11666667088866235 16.500000000000004 1.0000000180025095e-35 3.5000000000000004 12.500000000000002 526.50000000000011 316.50000000000006 269.50000000000006 5.0833332538604745 5 534.50000000000011 24.500000000000004
decision_type=2 9 2 9 2 2 9 2 9 2 2 2 2 9 2 2 2 2 2 2 2 2 2 2 2 2 2 9 2 2
left_child=7 2 3 -2 -5 -3 -7 9 -9 10 11 23 -11 14 15 21 17 18 19 20 -17 -4 -10 24 25 26 29 -26 -29 -1
right_child=1 5 13 4 -6 6 -8 8 22 12 -12 -13 -14 -15 -16 16 -18 -19 -20 -21 -22 -23 -24 -25 27 -27 -28 28 -30 -31
leaf_value=0.0077967823247334133 0.014505775938849266 -0.027657504259420384 -0.018134909204467059 -0.015257186552229539 0.0029328163329955586 0.068655102138062793 -0.017680931944996005 -0.017774949457599352 0.0042973690645709064 0.035253319201191992 -0.0050714335949895899 0.034618286458933195 0.0071249142836195467 -0.0051903546200717174 0.048909681309135686 0.010093704981249906 -0.021086634747174524 0.040791852896404676 -0.0056865947897971657 -0.0050508374130083114 0.065215426656885289 0.03344081213651965 -0.014623286019610869 -0.0075331714981891175 0.028036092531120504 -0.003916687127014761 -0.0041242114032746611 0.021321882101072998 -0.00037307761453817277 0.016131585956019129
leaf_weight=8690.1722573384177 310.0341643858701 4215.1761783970287 319.614784687059 5282.9623361753765 704.19829764042515 34.54935965151526 83.614962539635599 316.78225025627762 10203.919601082453 383.39968967018649 1197.0407631762791 444.52850480005145 387.27190223010257 1218.8888310794719 90.419930426869541 205.07846788642928 144.04298657551408 220.59931036527269 435.58628281333949 257.5635576217901 158.28868397278711 47.111844528000802 303.96430243272334 420.11520342715085 549.22378602437675 874.32221133355051 881.99987892247736 638.40899778343737 473.96664041094482 1481.2808623164892
leaf_count=26713 1235 237660 7972 209030 18180 531 3113 3136 52160 1323 2458 1418 874 34272 394 1969 410 1218 6754 2464 1645 706 1349 774 1475 1557 1803 1590 877 3401
internal_value=-0.000260554 -0.013148 -0.0069482 -0.0117325 -0.0130957 -0.0265068 0.0122043 0.00623285 0.00310082 0.00829706 0.00766306 0.00871797 0.021146 0.00275736 0.00790047 0.00584446 0.0103086 0.0138633 0.00820745 0.0179477 0.0342187 -0.0114363 0.00374514 0.00789373 0.00837117 0.00709249 0.00796358 0.0175404 0.0119784 0.00901206
internal_weight=40974.1 13727.7 9394.39 6297.19 5987.16 4333.34 118.164 27246.4 10824.7 16421.7 15651.1 14454 770.672 3097.19 1878.31 1787.89 1421.16 1277.12 1056.52 620.931 363.367 366.727 10507.9 14009.5 13589.4 11927.8 11053.5 1661.6 1112.38 10171.5
internal_count=628461 527553 286249 228445 227210 241304 3644 100908 56645 44263 42066 39608 2197 57804 23532 23138 14460 14050 12832 6078 3614 8678 53509 38190 37416 33474 31917 3942 2467 30114
cat_boundaries=0 1 2 3 4 5 6
cat_threshold=122986 49152 4096 7238 57352 16384
is_linear=0
shrinkage=0.03


Tree=55
num_leaves=31
num_cat=5
split_feature=6 32 27 32 22 20 32 32 28 21 27 15 22 14 32 15 28 19 22 20 11 9 15 19 9 15 5 15 27 21
split_gain=3753.76 1209.51 424.864 273.441 231.233 176.09 193.735 143.788 239.734 371.437 168.399 158.587 178.788 203.822 112.239 171.628 124.609 146.015 144.804 139.197 108.737 240.77 200.323 109.352 143.116 138.372 187.549 138.746 107.027 106.876
threshold=544.50000000000011 0 1.0000000180025095e-35 1 61.500000000000007 3.9287607669830327 2 3 14007.000000000002 1.5000000000000002 98.000000000000014 1.0000000180025095e-35 4.5000000000000009 1.0000000180025095e-35 4 1.0000000180025095e-35 5.5000000000000009 0.21666666865348819 17.500000000000004 1.5241740345954897 5.5000000000000009 2.5000000000000004 1.0000000180025095e-35 1.5166666507720949 6.5000000000000009 4.5000000000000009 4.5000000000000009 1.5000000000000002 76.500000000000014 3.5000000000000004
decision_type=2 9 2 9 2 2 9 9 2 2 2 2 2 2 9 2 2 2 2 2 2 2 2 2 2 2 2 2 2 2
left_child=7 2 3 -2 -5 -3 -7 10 9 -9 20 28 13 -13 -4 16 19 18 -18 -16 23 22 -22 24 29 27 -27 -25 -11 -1
right_child=1 5 14 4 -6 6 -8 8 -10 11 -12 12 -14 -15 15 -17 17 -19 -20 -21 21 -23 -24 25 -26 26 -28 -29 -30 -31
leaf_value=0.019055331816197379 0.0072065801713605774 -0.027654723797077476 -0.0053007387544196823 -0.016024644030324858 0.0027902205733502266 0.053544135940957756 -0.017828783522407826 0.028710552444603341 -0.030666397008414354 0.0030289055930806004 0.02492289301448939 0.027124287639048728 -0.021533132796261369 -0.0078733588144997875 -0.017814698840073289 -0.011465025511181759 0.041390665745271872 -0.0017891028315112209 0.01409939833942913 0.031632939538671939 0.017094250822356362 0.034537075324358908 -0.0095872942972279676 0.0036477028625917589 0.026074903225929823 -0.00049614894505366788 0.026544253205093536 -0.01184419489876562 0.018231571374058897 0.0068596145889542473
leaf_weight=707.1194148408249 619.07415499235503 4085.1349699901766 1206.2984709468437 4930.7756564157316 667.13557495246641 41.330600284272805 89.694846218917519 505.11497834394686 185.00837436039001 6808.4708085646853 493.90432673320174 204.34218717226759 497.76411960483529 552.3914333875291 227.90440568467602 388.01718244957738 236.17596831917763 341.19788254867308 675.0400367169641 65.043785422807559 708.33444511238486 408.00529317837209 393.07003719569184 6124.7089881482534 409.12528907693923 412.26883572153747 523.49915581382811 567.62126493640244 443.01612656377256 7512.2597252477426
leaf_count=2196 9468 236964 34228 201363 17551 580 3507 1800 178 35451 1284 1948 10439 3717 5432 7433 2008 3271 4684 995 2007 1317 842 14769 1127 979 1390 882 1036 20027
internal_value=-0.000265755 -0.0131712 -0.00712985 -0.0116798 -0.0137577 -0.026494 0.00762527 0.00611429 0.00304327 0.00374208 0.00765482 0.00225616 -0.00758842 0.00160045 0.00185789 0.00631955 0.0108304 0.0149483 0.0212106 -0.00676549 0.00717769 0.014879 0.00757206 0.00646176 0.00877518 0.00384414 0.0146433 0.00233216 0.00396007 0.00791101
internal_weight=41028.8 13572.8 9356.66 6216.99 5597.91 4216.16 131.025 27456 9196.11 9011.1 18259.9 8505.98 1254.5 756.734 3139.68 1933.38 1545.36 1252.41 911.216 292.948 17766 1509.41 1101.4 16256.6 8628.5 7628.1 935.768 6692.33 7251.49 8219.38
internal_count=628873 527484 286433 228382 218914 241051 4087 101389 54569 54391 46820 52591 16104 5665 58051 23823 16390 9963 6692 6427 45536 4166 2849 41370 23350 18020 2369 15651 36487 22223
cat_boundaries=0 1 2 3 4 5
cat_threshold=122986 57344 4096 57922 65570
is_linear=0
shrinkage=0.03


Tree=56
num_leaves=31
num_cat=5
split_feature=32 6 28 32 20 32 11 19 11 28 32 15 28 20 22 22 28 19 11 28 15 28 3 11 15 21 32 3 4 19
split_gain=3416.1 1210.9 412.064 256.308 205.947 193.694 188.309 263.702 233.548 233.873 183.108 180.632 152.852 181.411 151.437 226.709 137.37 132.221 219.524 128.502 137.802 213.1 122.331 211.317 139.39 197.205 203.069 211.154 142.329 132.912
threshold=0 544.50000000000011 4.5000000000000009 1 3.9287607669830327 2 35.500000000000007 18.916666030883793 17.500000000000004 1269.5000000000002 3 1.0000000180025095e-35 526.50000000000011 8.1101765632629412 51.500000000000007 3.5000000000000004 457.50000000000006 0.58333334326744091 3.5000000000000004 1.0000000180025095e-35 1.0000000180025095e-35 1.5000000000000002 9.5000000000000018 5.5000000000000009 6.5000000000000009 3.5000000000000004 4 15.500000000000002 3.5000000000000004 4.2833335399627694
decision_type=9 2 2 9 2 9 2 2 2 2 9 2 2 2 2 2 2 2 2 2 2 2 2 2 2 2 9 2 2 2
left_child=1 6 5 16 -2 -3 7 8 9 12 -6 -5 13 22 15 17 -4 18 19 -7 21 -21 29 24 25 -24 28 -28 -27 -1
right_child=4 2 3 11 10 14 -8 -9 -10 -11 -12 -13 -14 -15 -16 -17 -18 -19 -20 20 -22 -23 23 -25 -26 26 27 -29 -30 -31
leaf_value=0.0044154522122832216 -0.026770320707643448 0.0044303542695921924 -0.014235237118890361 0.0076839502192941889 0.047983728478873042 -0.020147125088647997 0.027847345316478062 0.031744659260492233 -0.0099235559449725418 0.026386798562455835 -0.015372865259699798 -0.010483156586303624 -0.0087171548990750969 0.027234290677224982 -0.0022229545703978029 -0.022599034494276315 0.045115830167290288 -0.016741268286465043 0.036674995111840539 0.066540901997812527 -0.02181465058104563 -0.0067364974733909585 0.013460850113501472 0.026046272214426604 0.021211878365987827 0.011983864610693203 0.011167052524485858 -0.0095470068815597751 -5.7506389447389717e-05 -0.0079219438442619458
leaf_weight=14165.75317920011 4183.4386730847182 532.28903006121982 1096.2724333290244 2637.058812081581 53.025407359004021 271.90234813035931 344.17917212075554 340.48388198576868 886.23142682667822 483.15799668245018 105.7583856334677 604.73668310698122 677.05821021366864 346.90086028818041 722.20242776931264 2416.011084184167 35.303598284372129 605.92876352067105 134.77004863647744 67.006252658553421 75.535931985010393 74.879971295362338 2291.263404709287 554.41493688244373 577.21944703953341 2322.6628167042509 603.85935794084799 1653.6759926273953 1425.3700852785259 831.14811859861948
leaf_count=63214 239793 9945 47365 35486 651 10401 1609 1607 2145 1472 3575 15223 1192 901 21813 108313 990 25491 4469 2014 2644 2396 5525 1975 1529 5889 2072 4808 2512 2050
internal_value=-0.000308939 0.00266492 -0.00670836 -1.40331e-05 -0.025439 -0.0126813 0.0058266 0.00554653 0.00521275 0.00573039 0.00799372 0.00427961 0.00533721 0.00572167 -0.0147434 -0.0172626 -0.0122373 -0.00677092 0.00292051 -0.00643201 0.0107335 0.0280925 0.00541503 0.00809263 0.00696815 0.00597476 0.00311688 -0.00398614 0.00738606 0.00373121
internal_weight=41119.5 36777.3 9273.9 4373.37 4342.22 4900.53 27503.4 27159.2 26818.7 25932.5 158.784 3241.8 25449.3 24772.3 4368.24 3646.03 1131.58 1230.02 624.095 489.325 217.422 141.886 24425.4 9428.47 8874.05 8296.83 6005.57 2257.54 3748.03 14996.9
internal_count=629069 385050 286550 99064 244019 187486 98500 96891 95284 93139 4226 50709 91667 90475 177541 155728 48355 47415 21924 17455 7054 4410 89574 24310 22335 20806 15281 6880 8401 65264
cat_boundaries=0 1 2 3 4 5
cat_threshold=122986 65602 57408 4096 114752
is_linear=0
shrinkage=0.03


Tree=57
num_leaves=31
num_cat=6
split_feature=6 32 27 32 22 20 32 4 11 11 10 32 11 3 3 15 18 32 22 27 27 11 10 22 32 21 11 6 27 4
split_gain=3273.87 1164.85 456.392 245.066 205.294 203.664 221.701 146.66 142.701 229.727 192.12 146.72 157.452 145.794 192.802 140.052 208.407 130.149 216.715 116.316 257.494 128.25 219.086 101.804 100.399 123.203 95.0125 87.413 104.734 128.211
threshold=544.50000000000011 0 1.0000000180025095e-35 1 61.500000000000007 4.0063054561614999 2 7.5000000000000009 18.500000000000004 34.500000000000007 7.5000000000000009 3 6.5000000000000009 86.500000000000014 65.500000000000014 1.0000000180025095e-35 11.214285850524904 4 89.500000000000014 292.50000000000006 189.50000000000003 5.5000000000000009 1.5000000000000002 63.500000000000007 5 1.5000000000000002 1.5000000000000002 83.500000000000014 1.5000000000000002 2.5000000000000004
decision_type=2 9 2 9 2 2 9 2 2 2 2 9 2 2 2 2 2 9 2 2 2 2 2 2 9 2 2 2 2 2
left_child=7 2 3 -2 -5 -3 -7 8 10 -10 11 12 13 14 -1 24 -17 -4 19 20 21 22 26 -6 25 -13 -19 28 -27 -30
right_child=1 5 17 4 23 6 -8 -9 9 -11 -12 15 -14 -15 -16 16 -18 18 -20 -21 -22 -23 -24 -25 -26 27 -28 -29 29 -31
leaf_value=0.0063365566664550198 0.013941664135836066 -0.027425720273235643 -0.0050627007998287022 -0.015028893564340709 0.038946412202510203 0.056568110835572616 -0.018434194570715899 0.018151736337654729 -0.015357521482935847 0.013825942375549368 0.029786881030561398 0.021369241615619664 0.023586293334858701 -0.011409354609085709 0.027036101514183699 -0.011317295773245958 0.037878823270397259 0.0066960833383762769 0.054125890479602673 -0.02083589247550743 0.050588310606053295 -0.019300495227720572 0.038688334747694071 -0.001270220603822671 -0.015882022251730285 -0.00053809311345821202 -0.015581363626801455 0.022240581970573613 0.010120268407155795 -0.0063176328783220463
leaf_weight=15889.807516640052 316.64072112552822 3865.7786728131468 1207.752462580218 5057.2098292182782 61.14055393228773 45.375255400082096 87.194156126759481 803.15491178631783 718.32405769592151 365.50801115995273 291.15212036389858 357.49526940193027 494.57547599892132 401.76204172149301 414.68623406067491 1052.8467471973272 82.678480972303078 1003.8301363578066 84.772319666109979 140.20134661579505 115.29199206084013 181.89483639760874 175.16077010252047 640.48123460041825 220.50806486280635 3798.4269638524856 206.98755420709495 212.07612475845963 2309.2870570959058 523.16158615704626
leaf_count=40402 1234 236732 34268 208744 1440 601 3473 2090 1739 1804 1008 1176 1408 522 1083 14468 370 13004 380 399 447 3836 1643 16587 2159 22104 3858 1342 8916 904
internal_value=-0.000291661 -0.0126096 -0.00670042 -0.0114945 -0.0128971 -0.0261066 0.0103236 0.00552451 0.00515007 -0.00551211 0.0055939 0.00531928 0.00691531 0.00642453 0.00686465 0.00209988 -0.00770511 0.00262646 0.00748073 0.00532462 0.00751477 0.00431718 0.00742842 0.00228477 0.00360386 0.00421892 0.00287807 0.00332611 0.00271791 0.00708298
internal_weight=41125.2 13189.7 9191.36 6075.47 5758.83 3998.35 132.569 27935.5 27132.3 1083.83 26048.5 25757.3 17200.8 16706.3 16304.5 8556.48 1135.53 3115.89 1908.14 1823.37 1683.17 1567.87 1385.98 701.622 7420.96 7200.45 1210.82 6842.95 6630.88 2832.45
internal_count=628141 526646 285840 228005 226771 240806 4074 101495 99405 3543 95862 94854 43415 42007 41485 51439 14838 57835 23567 23187 22788 22341 18505 18027 36601 34442 16862 33266 31924 9820
cat_boundaries=0 1 2 3 4 5 6
cat_threshold=122986 49152 4096 58304 65634 65576
is_linear=0
shrinkage=0.03


Tree=58
num_leaves=31
num_cat=6
split_feature=32 6 27 32 22 20 28 32 2 28 1 28 32 3 32 22 27 28 29 3 20 20 11 28 28 22 30 31 30 2
split_gain=3128.88 1066.84 411.116 217.46 201.524 195.341 166.659 152.859 132.658 143.743 119.993 118.06 229.859 154.812 114.644 143.416 121.932 244.749 115.17 109.031 99.7764 99.2478 133.724 164.343 216.481 90.2209 89.4488 85.3624 116.651 74.8143
threshold=0 544.50000000000011 1.0000000180025095e-35 1 61.500000000000007 4.0063054561614999 3007.0000000000005 2 36.500000000000007 1550.0000000000002 23.500000000000004 1.0000000180025095e-35 3 24.500000000000004 4 89.500000000000014 292.50000000000006 113.50000000000001 33.500000000000007 2.5000000000000004 9.7106714248657244 2.9723354578018193 1.5000000000000002 5.5000000000000009 6.5000000000000009 53.500000000000007 73.500000000000014 5 3.5000000000000004 21.500000000000004
decision_type=9 2 2 9 2 2 2 9 2 2 2 2 9 2 9 2 2 2 2 2 2 2 2 2 2 2 2 9 2 2
left_child=1 6 3 -3 27 19 8 -7 9 11 -10 12 -1 26 15 16 17 18 21 -2 29 22 23 -4 -25 -26 -14 -5 -29 -13
right_child=5 2 14 4 -6 7 -8 -9 10 -11 -12 20 13 -15 -16 -17 -18 -19 -20 -21 -22 -23 -24 24 25 -27 -28 28 -30 -31
leaf_value=-0.016857114073258739 -0.027005575052702607 0.0042891122309375671 -0.020960466799958933 -0.015850267150683005 0.0023154947880540768 0.040764645095742569 0.025235484958981896 -0.015578631083748141 0.026973157182219668 -0.016510950282721953 0.0041351518010866589 0.0059904271949086556 0.00457851771612374 0.018085138955006529 -0.0049810632190345656 0.041998905746296916 -0.02147554588199883 0.034840273279091463 0.040405273641260779 0.020700928823215992 0.022265118201497281 0.031368906573193155 -0.016342079970149911 0.044950313893056579 -0.0026956532950819516 0.026002151316584 -0.0049961641338224358 0.063283939510706461 -0.020846691334326421 -0.0024979654321368437
leaf_weight=580.88691823906265 3924.8751247040345 729.86613169813063 178.94258590834215 4577.4299003304332 659.3171386733884 60.335669739870355 371.89285222813487 101.35520284378435 463.64016335271299 284.27396516501904 374.24661752674729 20219.016657354892 2294.6077882936224 540.57395317032933 1191.7926563564688 98.079701758921146 143.95451186038554 245.38863083487377 67.74396404530853 42.909490451682359 327.39912659488618 87.463981500593945 382.61682120151818 136.64995499560609 476.97462460945826 123.23754645697773 1421.2082648370415 29.212679890799336 28.402485015394632 979.25255273398943
leaf_count=12244 239326 12722 4332 195898 17374 648 1063 3489 1512 677 779 66961 7293 1480 34166 393 419 1230 813 482 778 881 7715 1010 6300 649 3909 1118 1406 1930
internal_value=-0.000374228 0.0023918 -0.00649041 -0.0110738 -0.0131753 -0.0251068 0.00531252 0.00711554 0.00504204 0.00467204 0.0167895 0.00490107 0.000665904 0.00309307 0.00232385 0.0067999 0.00494179 0.0071914 0.00250322 -0.0264846 0.00585273 0.000622719 -0.00147095 0.00475316 0.0110175 0.00323012 0.000916078 -0.0154073 0.0189322 0.00559821
internal_weight=41143.5 37014.1 9157.07 6024.23 5294.36 4129.48 27857 161.691 27485.1 26647.2 837.887 26362.9 4837.28 4256.39 3132.84 1941.05 1842.97 1699.02 1453.63 3967.78 21525.7 1385.89 1298.42 915.805 736.862 600.212 3715.82 4635.05 57.6152 21198.3
internal_count=628997 385052 286426 228518 215796 243945 98626 4137 97563 95272 2291 94595 24926 12682 57908 23742 23349 22930 21700 239808 69669 20887 20006 12291 7959 6949 11202 198422 2524 68891
cat_boundaries=0 1 2 3 4 5 6
cat_threshold=122986 57408 4096 10 24648 129
is_linear=0
shrinkage=0.03


Tree=59
num_leaves=31
num_cat=7
split_feature=32 6 27 32 20 19 11 11 28 22 22 19 11 32 15 32 19 28 11 32 32 28 6 6 32 22 11 19 28 28
split_gain=3035.15 1034.32 373.423 236.804 213.06 202.752 247.891 189.743 231.618 168.494 155.911 544.919 794.081 149.974 184.35 144.161 137.62 168.472 98.6464 91.5206 84.4743 156.173 170.807 103.555 83.9822 100.623 191.15 293.497 79.7176 78.3839
threshold=0 71.500000000000014 1.0000000180025095e-35 1 3.9287607669830327 18.916666030883793 33.500000000000007 19.500000000000004 1269.5000000000002 61.500000000000007 2.5000000000000004 0.083333335816860213 1.0000000180025095e-35 2 1.0000000180025095e-35 3 0.35000000894069677 113.50000000000001 6.5000000000000009 4 5 4.5000000000000009 46.500000000000007 3.5000000000000004 6 1.5000000000000002 3.5000000000000004 0.55000001192092907 9.5000000000000018 514.00000000000011
decision_type=9 2 2 9 2 2 2 2 2 2 2 2 2 9 2 9 2 2 2 9 9 2 2 2 9 2 2 2 2 2
left_child=1 5 3 -3 -2 6 7 8 20 10 11 12 -5 18 16 -6 17 -15 -4 -12 21 -1 23 -23 25 -13 -27 -28 -21 -22
right_child=4 2 13 9 15 -7 -8 -9 -10 -11 19 24 -14 14 -16 -17 -18 -19 -20 28 29 22 -24 -25 -26 26 27 -29 -30 -31
leaf_value=-0.011408494766014974 -0.026342546627116967 0.015388252272543848 -0.0078646109840855398 -0.0110364899810766 0.041693804939202682 0.026999763332100565 0.032538414609134259 -0.010686294557113547 0.02564084162817017 0.0016281855370283559 -0.0046433474421909895 -0.0089047195237751484 0.13315801343806397 0.010878622051590323 -0.010637930471451656 -0.013399404994589401 -0.0053680690354591483 0.038548032905096147 0.024339075079968357 -0.020384661772646393 0.0058513780981600686 0.0078495619827861941 0.018048224088188031 -0.013375739118707514 -0.01646691428190936 -0.0089334340865952332 0.12046272236708562 0.00038861238351187616 -0.0071654077904024912 -0.0055200536706368495
leaf_weight=776.94343408802524 3865.0771262324997 314.53227855917066 1243.8100074555259 79.368774796952493 59.419290557038039 393.40969791263342 296.91241851984523 673.84325971128419 499.44899797812104 830.23781995370518 541.2294187102234 607.69960781373084 59.442002311348915 1196.9272226322209 424.67321605153847 100.96773057285463 355.43863602005877 236.72494903206825 90.965300501207821 2698.1187553664786 22005.147272706963 392.35222336277366 566.28739693295211 435.48210455791559 920.43870390974917 107.70594029768836 31.882944945362397 41.385738356853835 485.90875328867696 558.67641716636717
leaf_count=14946 240056 1203 32852 2834 634 1442 1535 1529 1515 18906 16611 14411 1980 11915 7972 3562 4559 708 2084 117833 57126 1716 3160 6262 38853 2821 1124 1521 16255 864
internal_value=-0.000177372 0.00252613 -0.00556114 -0.00971897 -0.0248749 0.0056487 0.00532714 0.00501405 0.00543371 -0.0109613 -0.0128564 -0.00572785 0.0512217 0.00231082 0.00708118 0.0088963 0.0113303 0.0154711 -0.00561134 -0.0163901 0.00502467 -0.000635756 0.0053672 -0.00331867 -0.0103804 -0.00301845 0.0165217 0.0535574 -0.0183127 0.00556712
internal_weight=40890.5 36865 10266.5 6717.95 4025.46 26598.5 26205.1 25908.2 25234.3 6403.42 5573.18 1847.92 138.811 3548.54 2213.76 160.387 1789.09 1433.65 1334.78 3725.26 24734.9 2171.07 1394.12 827.834 1709.11 788.674 180.975 73.2687 3184.03 22563.8
internal_count=628789 384537 294442 234352 244252 90095 88653 87118 85589 233149 214243 63544 4814 60090 25154 4196 17182 12623 34936 150699 84074 26084 11138 7978 58730 19877 5466 2645 134088 57990
cat_boundaries=0 1 2 3 4 5 6 7
cat_threshold=122986 16384 65634 4096 41056 10 41032
is_linear=0
shrinkage=0.03


Tree=60
num_leaves=31
num_cat=6
split_feature=32 6 28 32 20 15 28 28 27 22 22 22 32 3 28 32 3 3 32 28 32 5 19 22 22 30 20 28 28 30
split_gain=2900.12 1020.66 395.275 201.918 195.736 186.267 178.384 166.693 172.62 426.326 151.291 204.339 140.472 133.761 139.095 133.669 132.788 127.305 125.069 117.255 202.158 125.746 106.352 102.815 180.573 94.1151 89.9165 86.7721 76.6865 204.795
threshold=0 544.50000000000011 4.5000000000000009 1 3.9287607669830327 1.0000000180025095e-35 3007.0000000000005 37.500000000000007 17.500000000000004 19.500000000000004 51.500000000000007 3.5000000000000004 2 71.500000000000014 1550.0000000000002 3 86.500000000000014 2.5000000000000004 4 1.0000000180025095e-35 5 19.500000000000004 0.21666666865348819 17.500000000000004 23.500000000000004 37.500000000000007 2.9034712314605717 16.500000000000004 95.500000000000014 555.50000000000011
decision_type=9 2 2 9 2 2 2 2 2 2 2 2 9 2 2 9 2 2 9 2 9 2 2 2 2 2 2 2 2 2
left_child=1 6 10 5 17 7 13 22 9 -9 11 15 -6 14 19 26 -15 -2 -13 20 -1 28 27 -7 -25 -22 -3 -4 -21 -30
right_child=4 2 3 -5 12 23 -8 8 -10 -11 -12 18 -14 16 -16 -17 -18 -19 -20 21 25 -23 -24 24 -26 -27 -28 -29 29 -31
leaf_value=-0.016142035024773523 -0.026836823938813082 -4.7334791224974182e-05 0.013815163094034877 -0.007443744106681565 0.039753141496119367 -0.015207056753038089 0.025961567179756194 0.092942981262630953 0.012092648765924039 -2.3121587447858361e-05 -0.00059870600877635547 0.0060705200459529535 -0.014426260952134371 0.028485526694833951 -0.016378833692460921 -0.014994045878267467 0.0059879411800417533 0.025405292126002729 -0.022061015717371145 0.0050570990742239514 0.0077866247697867185 -0.010933591320186394 -0.010732909308380641 0.060548897943322744 -0.023977172123963077 -0.0012452009495742197 0.039691650490840794 -0.0057099224003645315 0.014262542560710594 0.00025017157823120385
leaf_weight=570.01401659112889 3719.1109546810039 688.45812276785728 837.49743491201662 1841.7260887614102 60.082001151749864 470.47882826894056 364.82913375739008 91.895671610720456 345.5557112027891 85.031143540982157 800.387811669847 153.22643136384431 100.61967986484524 420.5360672227107 283.87736950814724 752.81639170105336 538.38189852167852 41.717871244065464 2251.1127598345629 16786.36463095108 1856.9565829974599 402.97939879447222 312.93921895697713 45.994983397307806 43.287163779488765 2353.3831098284572 54.365491212112829 270.45189742790535 2809.468192408327 1409.5703115900978
leaf_count=12351 239175 20007 9073 62753 626 12326 1068 1244 1044 1017 22715 3391 3577 1121 671 32326 1284 490 108233 58179 5900 513 6208 1064 1180 6638 836 3025 7928 2515
internal_value=-0.000312995 0.00230042 -0.00645189 7.13106e-05 -0.0248022 0.00560874 0.00514946 0.0100224 0.0244952 0.0485144 -0.0124804 -0.0149181 0.00751679 0.00487173 0.00447263 -0.00620576 0.0158737 -0.0262507 -0.0203329 0.00469926 0.000451082 0.00564779 0.0046871 -0.00960515 0.019756 0.00273267 0.00287191 0.00904821 0.0059664 0.00958221
internal_weight=40763.1 36841.6 9045.23 4344.86 3921.53 2503.13 27796.4 1943.37 522.483 176.927 4700.37 3899.98 160.702 27431.5 26472.6 1495.64 958.918 3760.83 2404.34 26188.7 4780.35 21408.4 1420.89 559.761 89.2821 4210.34 742.824 1107.95 21005.4 4219.04
internal_count=628478 384610 286442 98934 243868 36181 98168 21611 3305 2261 187508 164793 4203 97100 94695 53169 2405 239665 111624 94024 24889 69135 18306 14570 2244 12538 20843 12098 68622 10443
cat_boundaries=0 1 2 3 4 5 6
cat_threshold=122986 24584 4096 49224 57408 10
is_linear=0
shrinkage=0.03


Tree=61
num_leaves=31
num_cat=4
split_feature=32 6 27 32 22 20 2 2 28 32 9 28 28 11 30 11 3 3 20 5 9 2 31 22 30 15 5 30 11 11
split_gain=2848.67 931.37 379.192 240.256 187.772 164.561 142.494 203.59 280.956 223.22 201.319 113.656 248.038 112.279 110.911 366.298 176.735 106.198 100.899 97.6229 141.398 204.303 95.1407 119.573 89.0964 86.388 101.569 164.108 192.635 137.774
threshold=0 85.500000000000014 1.0000000180025095e-35 1 51.500000000000007 3.9287607669830327 36.500000000000007 23.500000000000004 1697.0000000000002 2 47.500000000000007 113.50000000000001 192.50000000000003 2.5000000000000004 326.50000000000006 1.0000000180025095e-35 9.5000000000000018 2.5000000000000004 8.4350633621215838 10.500000000000002 2.5000000000000004 12.500000000000002 3 5.5000000000000009 555.50000000000011 1.0000000180025095e-35 7.5000000000000009 12.500000000000002 1.0000000180025095e-35 2.5000000000000004
decision_type=9 2 2 9 2 2 2 2 2 9 2 2 2 2 2 2 2 2 2 2 2 2 9 2 2 2 2 2 2 2
left_child=1 6 3 -3 22 17 7 8 14 -9 -8 -4 -13 -7 18 16 -16 -2 19 25 -21 -22 -5 -24 -17 -1 27 -27 -29 -30
right_child=5 2 11 4 -6 13 10 9 -10 -11 -12 12 -14 -15 15 24 -18 -19 -20 20 21 -23 23 -25 -26 26 -28 28 29 -31
leaf_value=0.0043161286874764219 -0.026796775231571431 0.0061646393326117753 -0.00030080673976942544 -0.015705285285173731 -0.0002362568529081955 -0.020379925675183017 0.032536283254317289 -0.016937240550768933 0.034003929902531864 0.0086421526291730038 0.0037010264621617863 0.043796628088114596 0.0009969084348071314 0.0289885399247761 0.013989983103516471 0.010426606651975716 0.038355209146791365 0.020577620678011936 0.022379321775157574 -0.00066553042919651883 0.028150459900895177 0.0036428132297697548 0.059956555718348299 -0.023573017515508561 -0.0052451377959944713 -0.0076143518093398843 -0.0095774869556461712 -0.00021590947339701947 0.034314597533753342 0.0080444775048605591
leaf_weight=16767.552415800048 3627.612127031025 691.28729692671914 2692.6770812399918 4335.5459546649363 911.75156972103287 81.519364813459106 401.00803278409876 780.20978735480458 300.2925983518362 494.98745070584118 476.48917805030942 177.08713699411601 386.16662162006833 82.362803920113947 686.0404847683385 517.73433385696262 440.73100247606635 42.40653935004957 270.54668360948563 662.42370453104377 644.81926985085011 582.68247447162867 33.98909324221313 26.829436229658313 879.96972368098795 1042.8570357480785 884.56968807242811 1214.9536078949459 312.25922077195719 423.28944777790457
leaf_count=59738 239466 9629 53776 191112 26061 2825 1487 1792 985 1135 958 1926 2906 1406 1723 1225 1269 471 671 1107 1663 992 1387 1183 1554 13607 1408 2810 1166 1178
internal_value=-0.000287384 0.00226346 -0.00597784 -0.0104507 -0.0126031 -0.0248659 0.00500977 0.00462136 0.0052035 -0.00707421 0.0169005 0.0022645 0.0145069 0.00445668 0.00486074 0.0108266 0.0235459 -0.0262439 0.00419992 0.00398068 0.0105053 0.0165294 -0.0151959 0.0200756 0.000563258 0.00338292 -0.000652193 0.00198764 0.00712273 0.0192283
internal_weight=40872.7 37038.8 9255.33 5999.4 5308.12 3833.9 27783.4 26905.9 25630.7 1275.2 877.497 3255.93 563.254 163.882 25330.4 2524.48 1126.77 3670.02 22806 22535.4 1889.93 1227.5 4396.36 60.8185 1397.7 20645.5 3877.93 2993.36 1950.5 735.549
internal_count=628616 384448 287980 229372 219743 244168 96468 94023 91096 2927 2445 58608 4832 4231 90111 5771 2992 239937 84340 83669 3762 2655 193682 2570 2779 79907 20169 18761 5154 2344
cat_boundaries=0 1 2 3 4
cat_threshold=122986 57344 73736 129
is_linear=0
shrinkage=0.03


Tree=62
num_leaves=31
num_cat=5
split_feature=32 6 28 32 20 15 32 28 10 28 28 11 4 3 28 28 1 32 30 11 6 3 9 28 20 11 28 28 32 28
split_gain=2719.05 930.289 355.967 182.382 178.305 167.54 149.163 145.148 326.948 144.785 134.336 132.866 124.996 120.716 115.888 124.472 130.357 120.14 168.749 108.368 107.494 104.839 103.681 97.4265 95.7895 90.5824 113.522 120.211 79.7795 77.5611
threshold=0 544.50000000000011 4.5000000000000009 1 4.0063054561614999 1.0000000180025095e-35 2 16.500000000000004 1.5000000000000002 58.500000000000007 3007.0000000000005 1.5000000000000002 7.5000000000000009 2.5000000000000004 1550.0000000000002 8.5000000000000018 2.5000000000000004 3 52.500000000000007 2.5000000000000004 83.500000000000014 19.500000000000004 54.500000000000007 192.50000000000003 2.9723354578018193 1.0000000180025095e-35 6.5000000000000009 15.500000000000002 4 96.500000000000014
decision_type=9 2 2 9 2 2 9 2 2 2 2 2 2 2 2 2 2 9 2 2 2 2 2 2 2 2 2 2 9 2
left_child=1 10 6 5 13 9 -3 8 -6 11 12 25 14 -2 15 16 17 18 19 28 -19 -20 29 -11 -8 -4 -27 -28 -1 -17
right_child=4 2 3 -5 7 -7 24 -9 -10 23 -12 -13 -14 -15 -16 22 -18 20 21 -21 -22 -23 -24 -25 -26 26 27 -29 -30 -31
leaf_value=0.026970025634181428 -0.02664273152849779 0.0027576135030717729 0.0050610338907130063 -0.007229704966407121 -0.015837151376693163 -0.0093782584219742303 -0.014605746611740347 -0.023954173883803331 0.10148881068499804 0.038739785224414854 0.022801141368254705 -0.0098780263947141431 0.016430773386085958 0.022567674434463066 -0.014466442707899865 0.0051822130859926147 0.023350137258228817 -0.0077236617259602534 -0.0024678401091151351 0.00030566832424348426 0.0183084944829493 0.0098527938971824502 -0.009952028455326686 0.010367102997221968 0.021490600489368007 0.048081459910769939 -0.012488868663760446 0.034932688589605611 0.010213559954616385 0.0098482556465954059
leaf_weight=344.71456877700984 3533.9486494734301 546.68096311576664 827.18903485033661 1824.4531707769493 51.606351567199454 552.1506117132958 3982.2416731004487 76.565029122575652 35.222067088005133 217.07572886929847 372.28574674576521 400.37757516978309 790.81225882470608 44.726857531815767 290.87682236731052 13201.909171285108 240.96650901972316 1759.6746022610459 3740.1260342830792 735.62283000070602 154.41099007916637 744.43748215213418 358.99368584901094 219.6124802082777 66.439168830751441 111.91099701286294 100.46426476282068 90.653974358923733 1127.3648538459092 4236.6853745388798
leaf_count=1248 239529 9989 9665 62781 2182 14580 175876 1198 762 1566 1059 6407 2020 490 699 39877 674 22928 10262 1668 1602 1823 521 630 1500 803 1311 1234 3509 10518
internal_value=-0.000224665 0.00224031 -0.00618808 -3.03596e-05 -0.0245569 0.00519194 -0.0120075 0.00599168 0.0323699 0.00931038 0.0049226 0.00495571 0.00468173 -0.0260216 0.00433619 0.00454199 0.00163355 0.00102287 0.00291764 0.00970957 -0.00558599 -0.000420874 0.00598763 0.0245273 -0.0139737 0.0102146 0.0242196 0.0100696 0.0144055 0.00631632
internal_weight=40780.2 37038.1 8939.25 4343.89 3742.07 2519.43 4595.36 163.393 86.8284 1967.28 28098.9 1530.6 27726.6 3578.68 26935.8 26644.9 8847.32 8606.35 6692.27 2207.7 1914.09 4484.56 17797.6 436.688 4048.68 1130.22 303.029 191.118 1472.08 17438.6
internal_count=628911 384750 286342 98977 244161 36196 187365 4142 2944 21616 98408 19420 97349 240019 95329 94630 43714 43040 18510 6425 24530 12085 50916 2196 177376 13013 3348 2545 4757 50395
cat_boundaries=0 1 2 3 4 5
cat_threshold=122986 24584 57408 122880 8192
is_linear=0
shrinkage=0.03


Tree=63
num_leaves=31
num_cat=6
split_feature=32 6 27 32 20 4 32 10 18 18 21 11 32 2 2 10 20 32 32 15 18 14 17 21 27 5 30 6 5 15
split_gain=2579.69 746.188 341.807 210.354 154.945 111.722 91.8637 86.1704 307.876 142.751 108.832 101.755 87.7522 84.0404 190.864 189.285 116.433 107.52 103.802 146.984 89.7149 138.348 75.2576 145.791 103.491 76.0342 75.4974 90.7111 72.2838 68.5645
threshold=0 544.50000000000011 1.0000000180025095e-35 1 2.9723354578018193 9.5000000000000018 2 1.5000000000000002 0.78571429848670971 2.3571429252624516 6.5000000000000009 1.5000000000000002 3 23.500000000000004 36.500000000000007 8.5000000000000018 9.7106714248657244 4 5 1.0000000180025095e-35 1.0000000180025095e-35 1.0000000180025095e-35 7.5000000000000009 1.5000000000000002 2.5000000000000004 7.5000000000000009 101.50000000000001 48.500000000000007 1.0000000180025095e-35 1.0000000180025095e-35
decision_type=9 2 2 9 2 2 9 2 2 2 2 2 9 2 2 2 2 9 9 2 2 2 2 2 2 2 2 2 2 2
left_child=1 5 3 -3 28 13 -6 10 -9 -10 -4 12 -12 15 17 16 18 -15 -1 22 -21 -22 23 -20 25 -25 27 -26 -2 -5
right_child=4 2 7 29 6 -7 -8 8 9 -11 11 -13 -14 14 -16 -17 -18 -19 19 20 21 -23 -24 24 26 -27 -28 -29 -30 -31
leaf_value=0.0054639585024413911 -0.026976805147642377 0.0050119776280296829 -0.0073352859720384241 -0.010165426060966749 0.021173815449189812 0.021602264418161762 -0.01696907750800242 0.050303770700206418 -0.010814656905846327 0.031316754332705997 -0.019338542832729972 -0.016245623360533756 0.0099401709385881446 -0.015975052117356607 0.0093847457850557512 0.02465925463569997 0.022964874872021569 0.0025423935035048134 0.023983415174507888 -0.021333426477428676 0.020132320049924855 -0.01083705305530743 -0.0091334695554123688 -0.00038761704268139199 0.0079532731327120344 0.018086717246046581 0.0037574833129025037 0.029637821533799482 -0.0073268431409784611 -0.018385738106492983
leaf_weight=16857.341548070312 3260.8585471134866 737.46208157367073 1048.6139532480156 3777.8237405716209 94.97329404077027 334.70773957669735 111.57564477040432 146.14574392721988 297.20353350020014 94.576619089813903 89.968980302219279 175.83519881882239 1280.7780474219471 764.50342088658363 832.09118049405515 417.72215025988407 297.08533365000039 445.57752359099686 301.69340556720272 358.19091718632262 174.75270551862195 495.88050439860672 441.98151817452163 4655.3748790915124 459.55628305650316 208.52208585944027 1091.7359875021502 279.11154414433986 178.60230811045039 1207.0166699702386
leaf_count=40752 234726 12755 26044 158774 1552 1063 4975 1760 3655 1473 3932 4008 16959 1804 1917 1406 716 914 1095 8438 1893 3984 1122 27352 1587 500 2772 1229 2772 57067
internal_value=-0.000332167 0.00202656 -0.00557633 -0.00993698 -0.0243769 0.00439673 0.000789517 0.00238856 0.0133045 -0.000590201 0.000121672 0.00517911 0.00793725 0.00419089 -0.00166876 0.0046505 0.00432333 -0.00927098 0.00410374 0.00138714 -0.00923379 -0.00274914 0.00285914 0.00361799 0.00269673 0.000407959 0.00877511 0.0161759 -0.0259589 -0.0121348
internal_weight=40917.3 37271.3 8855.42 5722.3 3646.01 28415.8 206.549 3133.12 537.926 391.78 2595.2 1546.58 1370.75 28081.1 2042.17 26038.9 25621.2 1210.08 25324.1 8466.8 1028.82 670.633 7437.98 6995.99 6694.3 4863.9 1830.4 738.668 3439.46 4984.84
internal_count=628996 384971 286427 228596 244025 98544 6527 57831 6888 5128 50943 24899 20891 97481 4635 92846 91440 2718 90724 49972 14315 5877 35657 34535 33440 27852 5588 2816 237498 215841
cat_boundaries=0 1 2 3 4 5 6
cat_threshold=122986 57408 6272 2 73736 57408
is_linear=0
shrinkage=0.03


Tree=64
num_leaves=31
num_cat=0
split_feature=6 27 20 18 10 22 11 11 3 3 3 11 30 10 21 3 19 29 15 9 2 5 22 27 18 6 6 11 27 3
split_gain=2283.96 314.929 160.69 211.443 292.365 181.42 152.601 141.385 105.267 118.039 194.662 113.446 205.179 171.585 110.246 371.035 180.465 152.127 104.564 417.305 184.496 103.073 96.9147 128.916 96.8582 83.2271 90.8361 95.7097 82.3281 85.5749
threshold=544.50000000000011 9.5000000000000018 1.6984578371047976 0.78571429848670971 1.5000000000000002 51.500000000000007 7.5000000000000009 25.500000000000004 100.50000000000001 88.500000000000014 71.500000000000014 17.500000000000004 20.500000000000004 7.5000000000000009 3.5000000000000004 29.500000000000004 1.4499999880790713 25.500000000000004 4.5000000000000009 3.5000000000000004 21.500000000000004 8.5000000000000018 17.500000000000004 12.500000000000002 1.6428571343421938 1.5000000000000002 37.500000000000007 1.5000000000000002 80.500000000000014 3.5000000000000004
decision_type=2 2 2 2 2 2 2 2 2 2 2 2 2 2 2 2 2 2 2 2 2 2 2 2 2 2 2 2 2 2
left_child=8 2 5 4 -4 -2 22 -5 9 10 11 13 -13 14 15 16 17 24 20 -20 28 25 -3 -24 -1 -18 27 -27 29 -16
right_child=1 6 3 7 -6 -7 -8 -9 -10 -11 -12 12 -14 -15 18 -17 21 -19 19 -21 -22 -23 23 -25 -26 26 -28 -29 -30 -31
leaf_value=0.019378750982133822 -0.015617575085899695 -0.006706628449886458 -0.0041432934687542309 -0.017102956197614982 0.061246797955646831 -0.005007713938147652 0.038446640746875163 0.051269995278782565 0.022212891449406885 -0.01494778708881259 0.023281163293345251 -0.013641684794394831 0.014283666045425218 0.02748807370909509 -0.00033197183175489919 0.031355052797601701 -0.0053633878385318376 0.032070461946266039 -0.013355713823924508 0.025761818395359782 -0.011055719315103768 0.014261457062012241 0.045002512831290656 0.0031112064791417233 0.00033227685139554451 0.0030782914459469143 -0.005259847484226976 0.015514415804126313 0.014471963734884952 0.0042213270468540957
leaf_weight=443.88776889699511 8564.8874996042578 714.84012583614094 148.07770417968277 367.94478294701548 104.15527534822468 1747.607144529582 100.03851525729988 28.42373335029697 288.43818898056634 291.07332304492593 473.29918340709992 799.76825192279648 335.29854734893888 283.03173066210002 5837.9526691237697 526.70888332463801 1199.683684094809 354.01744503341615 379.56668404932134 691.01880044490099 890.59064034326002 645.2629310823977 81.890394496207591 327.56381638790481 522.61272919364274 2358.7374402764253 811.09961691009812 728.44100783299655 539.30477501824498 10212.846368183848
leaf_count=1674 422494 15196 4906 14197 1356 60872 1779 482 989 406 1191 2803 926 944 36221 1481 1820 1190 2108 1835 1914 1360 1522 4815 1284 5891 2967 2257 1247 30691
internal_value=-0.000421246 -0.0112976 -0.0129094 0.00157213 0.0229937 -0.0138202 0.00313076 -0.0120832 0.00421096 0.00402686 0.00422441 0.0038963 -0.00538723 0.00429526 0.00404312 0.00708869 0.00527509 0.015271 0.00279667 0.0118935 0.0022389 0.0029745 -4.29824e-05 0.0115787 0.0090908 0.00154336 0.00366973 0.00601675 0.0029532 0.0025653
internal_weight=40798.1 12185.4 10961.1 648.601 252.233 10312.5 1224.33 396.369 28612.6 28324.2 28033.1 27559.8 1135.07 26424.8 26141.7 7590.45 7063.74 1320.52 18551.3 1070.59 17480.7 5743.22 1124.29 409.454 966.5 5097.96 3898.28 3087.18 16590.1 16050.8
internal_count=628818 527619 504307 20941 6262 483366 23312 14679 101199 100210 99804 98613 3729 94884 93940 19924 18443 4148 74016 3943 70073 14295 21533 6337 2958 12935 11115 8148 68159 66912
is_linear=0
shrinkage=0.03


Tree=65
num_leaves=31
num_cat=4
split_feature=32 6 28 19 21 19 11 11 10 28 19 28 28 28 20 32 32 28 10 28 15 9 3 32 28 20 28 28 19 3
split_gain=2486.47 731.967 289.632 201.885 511.103 182.673 245.907 191.287 178.761 440.254 853.016 201.333 170.384 164.754 156.94 140.944 138.464 131.1 210.821 115.789 126.518 527.265 112.277 98.891 96.8153 92.5218 166.932 90.9846 87.4944 144.152
threshold=0 71.500000000000014 1.0000000180025095e-35 0.18333333730697635 2.5000000000000004 18.916666030883793 31.500000000000004 19.500000000000004 1.0000000180025095e-35 1.5000000000000002 0.083333335816860213 4.5000000000000009 1317.5000000000002 1269.5000000000002 4.2981061935424814 1 2 16.500000000000004 1.5000000000000002 550.50000000000011 6.5000000000000009 5.5000000000000009 2.5000000000000004 3 615.50000000000011 2.85906994342804 14.500000000000002 191.50000000000003 11.283333301544191 65.500000000000014
decision_type=9 2 2 2 2 2 2 2 2 2 2 2 2 2 2 9 9 2 2 2 2 2 2 9 2 2 2 2 2 2
left_child=1 5 15 4 -4 6 7 13 11 10 -10 -6 23 19 22 -3 -13 18 -16 20 28 -22 -2 -5 27 -25 -27 -18 29 -1
right_child=14 2 3 12 8 -7 -8 -9 9 -11 -12 16 -14 -15 17 -17 24 -19 -20 -21 21 -23 -24 25 -26 26 -28 -29 -30 -31
leaf_value=0.0037889342967317727 -0.026315227472657382 0.0021678522133927575 0.097894723068437939 0.018967970968505589 -0.014664943778830765 0.024689404452565612 0.030468949748944471 -0.011825003302955077 0.16569433403819514 0.0014569954923983176 0.0014429955586239811 -0.021704042118261452 0.035445103913100441 0.021291851872535718 -0.01411169142188554 -0.014592004449164347 0.0055492371821164394 -0.024613238456295872 0.08099167846877732 -0.0086029133352253373 -0.0096938114587425371 0.036149475844708186 0.022461616871409587 -0.011217102376264346 -0.027498026378103523 0.041590215860367465 -0.01037543016569842 0.03469378422663414 -0.011497731772966245 0.017683728099078654
leaf_weight=22693.548362956615 3320.874263823207 539.5882330678869 49.962669053697027 105.86485449806787 681.47901590523543 401.64208600623533 319.0580264525488 668.0255129286088 47.849473982001655 301.89195450936677 68.207570382859558 168.12834226532141 81.389401507447474 509.87481019645929 44.021958467725199 2870.1332923038281 2105.3371145392885 70.168518405815121 38.645650488557294 630.493775034789 412.27689670864493 497.29363145306706 42.30704965791665 2458.3930106692133 75.272892689565197 85.705323160625994 154.45287986216135 100.08938243705779 323.02600880060345 691.58386524440721
leaf_count=77505 240066 8060 486 780 23360 1453 1630 1445 1404 4788 1290 6967 503 1485 1921 129509 32796 1111 697 1025 1483 1511 468 79728 522 1253 1625 1151 614 1679
internal_value=-0.000205994 0.00208533 -0.00489944 -0.00117668 0.00356363 0.0046318 0.00432967 0.00401294 0.00220816 0.0206117 0.0699996 -0.000254827 -0.0070864 0.00442413 -0.0242752 -0.0119763 0.00375968 0.00535599 0.0307841 0.00408267 0.0044079 0.0153825 -0.0256951 -0.00833294 0.00571558 -0.00944587 0.00826512 0.00688704 0.00398623 0.00420059
internal_weight=40556.6 37040.6 9893.75 6484.02 3598.22 27146.8 26745.2 26426.1 3548.26 417.949 116.057 3130.31 2885.81 25758.1 3516.02 3409.72 2448.83 152.836 82.6676 25248.2 24617.7 909.571 3363.18 2804.42 2280.7 2698.55 240.158 2205.43 23708.2 23385.1
internal_count=628315 384052 294222 156653 72764 89830 88377 86747 72278 7482 2694 64796 83889 85302 244263 137569 41436 3729 2618 83817 82792 2994 240534 83386 34469 82606 2878 33947 79798 79184
cat_boundaries=0 1 2 3 4
cat_threshold=122986 57408 32834 16448
is_linear=0
shrinkage=0.03


Tree=66
num_leaves=31
num_cat=4
split_feature=32 3 27 22 32 20 28 28 11 28 10 22 28 32 3 3 28 31 22 22 22 3 28 30 1 30 20 30 30 10
split_gain=2391.11 621.428 285.555 199.185 191.439 161.366 117.667 115.721 128.374 109.061 199.914 92.9212 89.2561 184.722 137.974 88.0993 82.9113 79.9451 74.4535 247.971 88.1017 73.9309 151.171 102.582 77.6037 73.3092 73.0779 72.4992 176.402 124.563
threshold=0 1.0000000180025095e-35 1.0000000180025095e-35 61.500000000000007 1 3.8727531433105473 3007.0000000000005 1550.0000000000002 34.500000000000007 18.500000000000004 1.5000000000000002 63.500000000000007 1.0000000180025095e-35 2 24.500000000000004 2.5000000000000004 1.0000000180025095e-35 3 75.500000000000014 83.500000000000014 80.500000000000014 51.500000000000007 73.500000000000014 113.50000000000001 6.5000000000000009 73.500000000000014 1.3344749212265017 555.50000000000011 331.50000000000006 1.0000000180025095e-35
decision_type=9 2 2 2 9 2 2 2 2 2 2 2 2 9 2 2 2 9 2 2 2 2 2 2 2 2 2 2 2 2
left_child=1 2 3 4 -1 15 7 8 12 10 -7 -5 13 -3 25 -2 -6 -18 -13 20 -20 24 23 -23 27 -15 -26 28 29 -14
right_child=5 6 -4 11 16 9 -8 -9 -10 -11 -12 18 21 14 -16 -17 17 -19 19 -21 -22 22 -24 -25 26 -27 -28 -29 -30 -31
leaf_value=0.004020606891101044 -0.02635440069882411 -0.016155188305912064 0.0021081904771991212 0.039281070416250306 -0.017678977608901279 -0.015424301708158096 0.020458811586640539 -0.014710092006292594 0.022179947898187818 -0.024704180956188627 0.069737668575015233 -0.012578659214254925 0.0032542613483912243 0.0033437907044978092 0.0154461934520075 0.015140514938215135 0.030702102334838426 -0.010051635746778632 0.025958099403161333 -0.0037047624628353875 0.08078828251871456 -0.0022791534455815672 -0.0097892683306814565 0.017094311800426042 0.018571305218843204 -0.005268458364837276 0.0048159753067628531 -0.0033256184659265445 0.018042354260724647 0.010103861272761991
leaf_weight=630.44100713706575 3218.1409877865808 544.77152829326224 3162.9366076945444 64.698591956635937 2243.2959430750925 52.167810975457542 387.25776067003608 298.8558215983212 345.33693654276431 66.797647531318944 45.802995220990852 216.66423115483485 14520.460163494805 2336.5050376621075 608.86638105288148 46.114517401903868 34.430093226605095 1912.9745302926749 70.735702261212282 355.39213191275485 42.568172526080161 506.80235671903938 920.57003306411207 476.58360021002591 722.34307193988934 1435.0298254154623 670.98876147996634 979.14019891852513 893.70249015185982 2859.6805724684382
leaf_count=11734 239355 12150 58210 1469 115195 2355 1075 741 1446 1134 820 6006 48453 7224 1621 475 1366 82015 1884 7854 1136 966 1283 1126 1771 3891 1180 1803 2335 10857
internal_value=-0.000300445 0.00190961 -0.00509066 -0.00917731 -0.0114145 -0.0242313 0.00405517 0.00382855 0.00402821 0.00463882 0.0246927 0.00519847 0.00379927 0.000140471 0.00220216 -0.0257637 -0.0137138 -0.00920974 0.0019285 0.00864724 0.0470843 0.00459834 -0.00105771 0.00711774 0.00511995 6.63915e-05 0.0119553 0.00462468 0.00505083 0.00438179
internal_weight=40670.1 37241 8734.14 5571.2 4821.14 3429.02 28506.9 28119.6 27820.8 164.768 97.9708 750.059 27475.4 4925.17 4380.4 3264.26 4190.7 1947.4 685.36 468.696 113.304 22550.3 1903.96 983.386 20646.3 3771.53 1393.33 19253 18273.8 17380.1
internal_count=628930 384791 286869 228659 210310 244139 97922 96847 96106 4309 3175 18349 94660 24886 12736 239830 198576 83381 16880 10874 3020 69774 3375 2092 66399 11115 2951 63448 61645 59310
cat_boundaries=0 1 2 3 4
cat_threshold=122986 57408 10 32
is_linear=0
shrinkage=0.03


Tree=67
num_leaves=31
num_cat=0
split_feature=6 28 19 21 28 11 22 22 3 11 28 3 3 11 28 1 2 19 11 3 19 22 11 5 11 28 6 11 11 3
split_gain=1939.31 241.198 164.442 329.556 273.047 149.514 135.835 156.074 116.548 105.533 222.698 187.662 218.412 156.622 129.844 132.953 243.624 105.449 129.557 104.624 100.536 126.971 107.64 93.979 91.8306 171.194 138.734 90.1964 89.9197 180.405
threshold=544.50000000000011 4.5000000000000009 0.38333334028720861 2.5000000000000004 3007.0000000000005 33.500000000000007 51.500000000000007 3.5000000000000004 100.50000000000001 13.500000000000002 1269.5000000000002 86.500000000000014 71.500000000000014 34.500000000000007 526.50000000000011 7.5000000000000009 21.500000000000004 0.58333334326744091 1.0000000180025095e-35 22.500000000000004 0.083333335816860213 1.5000000000000002 3.5000000000000004 1.5000000000000002 2.5000000000000004 185.50000000000003 1.0000000180025095e-35 207.00000000000003 5.5000000000000009 9.5000000000000018
decision_type=2 2 2 2 2 2 2 2 2 2 2 2 2 2 2 2 2 2 2 2 2 2 2 2 2 2 2 2 2 2
left_child=8 6 3 -3 5 -4 7 17 9 10 11 12 14 19 15 23 -17 18 -2 -11 21 -20 -22 24 25 26 -1 -7 -25 -30
right_child=1 2 4 -5 -6 27 -8 -9 -10 13 -12 -13 -14 -15 -16 16 -18 -19 20 -21 22 -23 -24 28 -26 -27 -28 -29 29 -31
leaf_value=0.029196513512985221 -0.019950565149916909 0.052129712627675136 -0.016424977156874444 -0.0039766902454697849 0.071495672262937404 0.052605569458321809 -0.0043204669686317592 -0.021069970109255438 0.022526367114260065 0.0010373995542904493 0.023801429428399266 -0.019952280106498251 0.026600815248402077 0.013054746812152839 -0.0093030256078645551 0.030922996948591613 -7.7161215627959283e-05 -0.015961743785902979 0.061222410307342608 -0.016699529989119805 -0.010556525623065501 -0.011722900112088215 0.018953852995641011 0.0041460210653582194 -0.0090336770804214268 0.0296360943480483 -0.00059586150086905179 -0.0079403557884751303 0.0030914917259530564 0.030145262237259756
leaf_weight=145.02081226324663 247.90286478144117 95.648514707980212 1873.0796062161098 3753.3518718921696 32.719785232038703 45.054642272938509 941.08924113196554 3002.7661039963714 299.06209586258046 528.46892208745703 509.46745853312314 295.16690491326153 380.40066194324754 379.0479957050411 669.15899035846815 452.26919512078166 459.3937908152584 1177.7590178356622 57.815945583977737 688.90270190872252 297.50171480030986 33.386129612568766 176.32424088084372 18227.583739348338 841.93788601597771 189.08874100563116 3841.1300036504399 42.21199031767901 565.86728169582784 364.16151758166961
leaf_count=474 12517 642 91157 119448 218 1730 35908 179142 1022 1997 1550 333 965 1889 1176 1201 814 61943 1780 1424 13497 1395 6379 49968 6312 868 28391 1371 1565 1308
internal_value=-0.000263582 -0.0105213 -0.00619245 -0.00256926 -0.0131848 -0.0146339 -0.0147809 -0.0167511 0.00392586 0.00373015 0.00417427 0.00379506 0.00406401 -0.00376254 0.00373013 0.00407813 0.0153188 -0.0102291 -0.00191437 -0.00900528 0.00602017 0.034682 0.000441923 0.00365361 -1.47853e-06 0.00182159 0.000495071 0.0235606 0.0046108 0.0137057
internal_weight=40612.7 11776.6 5842.07 3849 1993.07 1960.35 5934.55 4993.46 28836.1 28537.1 26940.6 26431.2 26136 1596.42 25755.6 25086.5 911.663 1990.69 812.931 1217.37 565.028 91.2021 473.826 24174.8 5017.18 4175.24 3986.15 87.2666 19157.6 930.029
internal_count=628384 527127 214566 120090 94476 94258 312561 276653 101257 100235 94925 93375 93042 5310 92077 90901 2015 97511 35568 3421 23051 3175 19876 88886 36045 29733 28865 3101 52841 2873
is_linear=0
shrinkage=0.03


Tree=68
num_leaves=31
num_cat=5
split_feature=32 6 27 32 3 22 22 28 10 28 2 9 32 15 28 28 28 21 28 22 3 28 2 32 15 32 28 22 21 28
split_gain=2283.16 565.08 284.918 190.601 135.713 126.439 134.788 129.233 125.001 121.813 109.595 106.823 105.031 152.343 125.087 104.874 137.795 134.207 157.677 149.944 102.915 90.7178 86.5415 124.807 72.7656 94.6198 122.03 112.403 261.456 250.528
threshold=0 71.500000000000014 1.0000000180025095e-35 1 2.5000000000000004 75.500000000000014 83.500000000000014 1.0000000180025095e-35 18.500000000000004 3007.0000000000005 36.500000000000007 52.500000000000007 2 1.0000000180025095e-35 37.500000000000007 1.5000000000000002 5.5000000000000009 5.5000000000000009 6.5000000000000009 53.500000000000007 2.5000000000000004 1.0000000180025095e-35 23.500000000000004 3 1.0000000180025095e-35 4 59.500000000000007 3.5000000000000004 5.5000000000000009 1.5000000000000002
decision_type=9 2 2 9 2 2 2 2 2 2 2 2 9 2 2 2 2 2 2 2 2 2 2 9 2 9 2 2 2 2
left_child=1 9 3 -3 8 7 21 -5 -2 10 22 -12 -4 14 15 -14 -17 -18 -19 -20 24 -7 -1 -24 25 -9 27 28 -27 -30
right_child=4 2 12 5 -6 6 -8 20 -10 -11 11 -13 13 -15 -16 16 17 18 19 -21 -22 -23 23 -25 -26 26 -28 -29 29 -31
leaf_value=0.0040021839665540619 -0.025597295508798974 0.010482915336809824 -0.0042204992214452657 -0.015408218648136724 0.023535105039529589 0.046625469779883223 -0.0058277437143657183 -0.014315647519677612 0.01676123488065134 0.021143916864427473 0.024045863854396384 0.0026421353834386553 0.035785055436364836 -0.00978678423423948 0.02281732915961137 -0.016723416905470866 -0.015993631772361461 0.038298535082074432 -0.0044929472323343963 0.026275574582716101 0.02348022245455899 -0.00075349129712266102 -0.013792959305157729 0.0062852369731062167 -0.018009725407258061 -0.0061618026901881541 0.039394689287381456 -0.0091835429391196668 0.080999195845974536 0.0056796679537518746
leaf_weight=25155.992939856136 3197.9464815229294 455.37761604040861 1285.5281370216398 2732.4911853375379 52.453730821842328 93.651396086090244 315.33067199354991 623.01401191134937 63.310111944912933 376.60688891541213 473.67889216518961 376.65591546520591 93.666433285805397 418.49187216721475 512.74433810752816 251.95977398066316 170.32464767782949 175.65176172135398 409.78232792858034 217.39489004015923 101.27818208630197 59.019970722845756 592.99696215917356 509.95039336569607 457.97360400791513 332.22115141060203 65.414752896875143 806.62462351447903 72.957154981093481 86.271275473874994
leaf_count=83896 242211 1683 35021 129825 502 2317 7764 30127 1156 1061 1538 740 2155 8014 2123 4553 1941 1050 4412 943 810 930 1574 1120 20268 10185 1010 25137 1945 2724
internal_value=-0.000106542 0.00202045 -0.00418896 -0.00806322 -0.0239264 -0.00953618 0.00538259 -0.0108778 -0.0247701 0.00422101 0.00398514 0.0145793 0.00260716 0.0064981 0.0102579 0.00536114 0.00300778 0.00812832 0.0132595 0.00619702 -0.00601093 0.0284239 0.00364153 -0.00458048 -0.00724189 -0.00475164 -0.000267421 -0.00229699 0.00900173 0.0404806
internal_weight=40536.8 37223.1 9737.17 6201.63 3313.71 5746.25 468.002 5278.25 3261.26 27485.9 27109.3 850.335 3535.54 2250.02 1831.52 1318.78 1225.11 973.154 802.829 627.177 2545.75 152.671 26258.9 1102.95 2444.48 1986.5 1363.49 1298.07 491.45 159.228
internal_count=628735 384866 294937 234725 243869 233042 11011 222031 243367 89929 88868 2278 60212 25191 17177 15054 12899 8346 6405 5355 92206 3247 86590 2694 91396 71128 41001 39991 14854 4669
cat_boundaries=0 1 2 3 4 5
cat_threshold=122986 49152 65570 73736 65538
is_linear=0
shrinkage=0.03


Tree=69
num_leaves=31
num_cat=5
split_feature=32 6 27 32 22 22 19 10 3 3 32 21 5 10 5 32 10 32 9 3 30 6 5 15 5 19 9 30 10 6
split_gain=2193.16 519.472 262.944 186.2 135.187 143.919 446.52 476.195 117.566 111.927 176.457 101.713 179.087 316.729 211.115 147.464 153.482 133.685 198.014 176.112 133.107 178.44 131.932 125.748 120.88 110.914 103.739 184.463 100.508 97.4008
threshold=0 71.500000000000014 1.0000000180025095e-35 1 61.500000000000007 2.5000000000000004 0.083333335816860213 1.0000000180025095e-35 2.5000000000000004 71.500000000000014 2 3.5000000000000004 8.5000000000000018 1.0000000180025095e-35 2.5000000000000004 3 1.0000000180025095e-35 4 6.5000000000000009 18.500000000000004 326.50000000000006 1.5000000000000002 2.5000000000000004 4.5000000000000009 7.5000000000000009 1.4499999880790713 3.5000000000000004 146.50000000000003 18.500000000000004 46.500000000000007
decision_type=9 2 2 9 2 2 2 2 2 2 9 2 2 2 2 9 2 9 2 2 2 2 2 2 2 2 2 2 2 2
left_child=1 9 3 -3 5 6 7 -5 28 11 -11 12 14 -14 15 -1 -17 18 24 22 21 -16 29 -20 -13 -23 27 -24 -2 -19
right_child=8 2 -4 4 -6 -7 -8 -9 -10 10 -12 17 13 -15 20 16 -18 19 23 -21 -22 25 26 -25 -26 -27 -28 -29 -30 -31
leaf_value=-0.00018813946000235501 -0.025418081523182454 0.010424576442722584 0.002387690121288723 -0.0085248391695484215 0.0021173832877747268 -0.014863000416687594 -0.0087864375996758171 0.10137933464525375 0.021376786071216288 -0.0018150927693595528 0.023488151735754428 0.0059651670618448786 0.032757088931020382 0.00052025029830827596 -0.0094515841158285749 0.011551112764112883 0.033464929861373581 -0.0040712287610273562 0.0089902919602984632 -0.0079192957681199026 0.013719599555476279 0.016398993078213079 0.0045683970989891763 0.02809770881615244 -0.0037835095043316194 0.0012369913265830746 0.0003266691743536779 0.022367214210718991 0.012984504393082548 0.0051790164896193909
leaf_weight=516.53829301241785 3120.3364772800705 456.01490467507392 3533.0298881698982 70.06160936166998 792.78010924975388 3266.7915580430417 1484.3299315699842 70.590529721230268 49.985312657896429 412.86585712991655 622.84818043978885 3886.4807976316661 581.52217351645231 518.47086664661765 1331.5528113078326 843.3696997188963 437.01287108613178 3489.8627827827586 853.71089024096727 1944.2426789270248 717.92163184843957 508.19222142826766 1821.9071754369652 487.09898586757481 1621.7091112583876 2950.818376944866 1823.4024617746472 735.06517167948186 61.995867852121592 1449.0459844927536
leaf_count=1759 242535 1682 59817 2882 18893 150658 58469 1973 491 697 1878 9830 1596 887 1855 2797 1601 22853 1769 5422 1587 1471 6272 1312 2856 7394 4030 2118 1112 10007
internal_value=-0.000213279 0.00184759 -0.00413253 -0.00788378 -0.00935593 -0.0112345 -0.00393531 0.0469602 -0.0238739 0.00394785 0.0136186 0.00356964 0.00629692 0.0175768 0.0045963 0.0135224 0.0189034 0.00230373 0.00560474 0.000290941 0.00168259 -0.000123785 0.00200479 0.0159475 0.00309482 0.00346866 0.00579441 0.00969185 -0.0246661 -0.00135676
internal_weight=40459.6 37227.2 9673.6 6140.57 5684.55 4891.77 1624.98 140.652 3232.32 27553.6 1035.71 26517.9 8405.4 1099.99 7305.41 1796.92 1280.38 18112.5 6849 11263.5 5508.49 4790.56 9319.28 1340.81 5508.19 3459.01 4380.37 2556.97 3182.33 4938.91
internal_count=628503 384365 294374 234557 232875 213982 63324 4855 244138 89991 2575 87416 20947 2483 18464 6157 4398 66469 15767 50702 12307 10720 45280 3081 12686 8865 12420 8390 243647 32860
cat_boundaries=0 1 2 3 4 5
cat_threshold=122986 49152 73760 65538 49152
is_linear=0
shrinkage=0.03


Tree=70
num_leaves=31
num_cat=1
split_feature=6 27 20 18 19 11 19 11 15 4 10 1 1 10 18 27 27 27 30 31 21 20 0 20 30 15 11 10 2 2
split_gain=1638.69 271.312 157.365 209.79 312.032 142.653 134.204 166.509 110.742 109.919 95.728 83.1122 283.799 83.2333 105.322 73.8664 74.7331 80.045 130.145 71.6607 70.6715 68.4109 95.5146 111.483 82.2157 118.741 110.15 232.813 115.727 98.3501
threshold=544.50000000000011 9.5000000000000018 1.6984578371047976 0.78571429848670971 0.15000000596046451 7.5000000000000009 0.11666667088866235 1.0000000180025095e-35 1.0000000180025095e-35 9.5000000000000018 5.5000000000000009 28.500000000000004 22.500000000000004 8.5000000000000018 20.357143402099613 289.50000000000006 189.50000000000003 16.500000000000004 12.500000000000002 0 3.5000000000000004 8.1101765632629412 1.5000000000000002 2.0703048706054692 142.50000000000003 3.5000000000000004 3.5000000000000004 1.0000000180025095e-35 6.5000000000000009 6.5000000000000009
decision_type=2 2 2 2 2 2 2 2 2 2 2 2 2 2 2 2 2 2 2 9 2 2 2 2 2 2 2 2 2 2
left_child=9 2 6 4 -4 15 7 8 -2 11 -5 12 13 14 21 16 17 18 -3 -8 -21 22 23 24 26 -26 27 28 -1 -28
right_child=1 5 3 10 -6 -7 19 -9 -10 -11 -12 -13 -14 -15 -16 -17 -18 -19 -20 20 -22 -23 -24 -25 25 -27 29 -29 -30 -31
leaf_value=0.0025801398853351992 -0.0087850640236026047 0.027691913900409582 0.0013538141345989659 -0.018711334295672278 0.071492504181618927 0.036755143964829685 -0.016021227833001767 0.0048310386960069502 -0.022912103342063804 0.021201137043479739 0.018759311433221956 0.017431434866914796 -0.020059868259488193 0.015234466456263638 0.021687577578685557 -0.018185824012634778 0.023215771174714045 -0.007921848425805518 -0.010827381588594946 0.055349939946611935 -0.0060368837094544846 0.014856405481862156 -0.004437676407762008 0.012355588445101639 0.0043470350860952993 0.018013885694234167 -0.0079353648431548015 0.015686156046864855 -0.0067071051409973133 0.0082325295808599232
leaf_weight=9258.2867869347101 3275.4178572542151 187.15603014983935 178.75791528634727 301.57017477811314 82.896077367651742 106.87352297455072 4933.6429423959344 712.75911699124845 589.04841820296133 320.492729999125 76.110638782265596 382.60547722596675 456.70430803974159 556.36232529347762 283.30369874113239 159.83257650095038 149.13827947876416 459.80998579791049 135.27102348371409 24.287378103646915 50.254938067053445 454.74822251498699 1418.8422547550872 1232.5619069656823 9392.0866728108376 608.41928087733686 1688.4554815248121 1129.8196468383539 1387.6679450963857 422.63265229738317
leaf_count=45614 140396 2841 4576 13137 1696 1795 275723 29890 33049 1048 1557 922 567 1957 1257 907 660 11868 5289 1295 2773 988 2128 3173 22320 1515 8289 6269 3429 1656
internal_value=-3.59202e-05 -0.00965939 -0.0112419 0.00316452 0.0237624 0.00384468 -0.0122031 -0.00848682 -0.0109438 0.00375579 -0.0111306 0.00356006 0.00337185 0.00375704 0.00352238 0.00059071 0.00382899 0.000107854 0.011548 -0.0155972 0.012745 0.00333094 0.00313289 0.00356066 0.00310635 0.00518023 0.00161261 0.00274392 0.00136906 -0.00469624
internal_weight=40415.8 11422.8 10224.7 639.335 261.654 1198.08 9585.41 4577.23 3864.47 28993 377.681 28672.5 28289.9 27833.2 27276.8 1091.21 931.375 782.237 322.427 5008.19 74.5423 26993.5 26538.8 25119.9 23887.4 10000.5 13886.9 11775.8 10646 2111.09
internal_count=628584 527452 504092 20966 6272 23360 483126 203335 173445 101132 14694 100084 99162 98595 96638 21565 20658 19998 8130 279791 4068 95381 94393 92265 89092 23835 65257 55312 49043 9945
cat_boundaries=0 1
cat_threshold=193
is_linear=0
shrinkage=0.03


Tree=71
num_leaves=31
num_cat=1
split_feature=3 27 28 22 20 28 28 22 4 28 28 15 10 20 27 29 28 28 27 15 27 21 3 29 28 28 20 31 28 18
split_gain=1543.43 299.249 223.553 137.726 169.142 268.542 118.696 112.521 101.801 93.602 92.6462 87.7947 80.299 82.4594 96.7515 65.8314 101.401 143.909 80.2302 127.308 151.391 86.3945 75.1726 71.1302 64.8875 130.507 76.5601 63.0219 95.7538 67.1491
threshold=1.0000000180025095e-35 9.5000000000000018 16.500000000000004 51.500000000000007 1.6669635176658633 115.50000000000001 3007.0000000000005 17.500000000000004 9.5000000000000018 1697.0000000000002 1.0000000180025095e-35 1.0000000180025095e-35 1.5000000000000002 2.9034712314605717 1.5000000000000002 37.500000000000007 1550.0000000000002 788.00000000000011 29.500000000000004 2.5000000000000004 1.0000000180025095e-35 2.5000000000000004 6.5000000000000009 86.500000000000014 1045.5000000000002 191.50000000000003 1.579501807689667 0 15.500000000000002 0.5000000149011613
decision_type=2 2 2 2 2 2 2 2 2 2 2 2 2 2 2 2 2 2 2 2 2 2 2 2 2 2 2 9 2 2
left_child=1 3 7 4 10 12 8 -3 15 24 -1 27 -6 -14 -15 16 17 -2 19 20 22 -22 -17 -20 25 -4 -27 28 -12 -29
right_child=6 2 9 -5 5 -7 -8 -9 -10 -11 11 -13 13 14 -16 18 -18 -19 23 -21 21 -23 -24 -25 -26 26 -28 29 -30 -31
leaf_value=-0.018224804363127449 0.0021823875690361243 0.011248055560706913 -0.0078494708309276122 -0.00343777196825725 -0.012683341200506473 0.075221281057770012 0.020010669617331039 0.060774166876718314 0.019936834590800687 0.037901992157872405 -0.0042110762096514579 -0.020167200380646434 -0.014070547951227509 0.041142991547011329 -0.004398816216087534 -0.0078340085233863117 -0.016200534470785961 0.024353108430432188 -0.0061471875001387621 0.023576582293002905 0.020143522786467975 0.0074661349856107303 0.006006097730937284 0.0051098285175325501 -0.026762101055106641 0.027887880066588624 -0.0063410085512963623 -0.0071741848905753315 0.070227955085998828 -0.015374306259067425
leaf_weight=2979.683674113825 21196.834609047975 80.729160586954094 620.87422388623236 1679.0043598943739 341.86615232098848 41.089568444527686 382.99658359307796 84.708426496130414 323.1487230360508 52.771672227885574 48.941343747719657 862.61689036985626 87.670260936778504 96.731870831688866 73.29127290478209 778.47755912784487 264.39172593131661 265.8240407910198 806.01388223003596 423.68401989154518 642.61240179091692 1958.8615939652082 644.90023666992784 1349.7794131878763 90.804962126188911 184.96427153906552 85.544245286844671 2495.568237902422 21.726552064705174 1407.0321824569837
leaf_count=183630 82564 1759 16864 60946 15392 571 1069 912 1007 307 2533 48712 2514 1733 1003 1935 663 866 1325 1080 1680 4499 1437 2518 207 2401 881 109347 943 77390
internal_value=-0.000223583 -0.00961116 0.00454912 -0.0112886 -0.0128468 0.00196976 0.00344133 0.0368195 0.00321917 -0.000639844 -0.0140614 -0.0114928 -0.00316728 0.00945733 0.0216005 0.00302779 0.00223032 0.0024581 0.0056506 0.007952 0.0063018 0.0106042 -0.00156356 0.000900126 -0.00274709 -0.000273439 0.01708 -0.00960494 0.0169679 -0.0101079
internal_weight=40373.1 11335.6 1200.4 10135.2 8456.22 640.649 29037.5 165.438 28654.5 1034.96 7815.57 4835.89 599.56 257.693 170.023 28331.4 21727.1 21462.7 6604.33 4448.54 4024.85 2601.47 1423.38 2155.79 982.188 891.383 270.509 3973.27 70.6679 3902.6
internal_count=628688 528045 23331 504714 443768 21213 100643 2671 99574 20660 422555 238925 20642 5250 2736 98567 84093 83430 14474 10631 9551 6179 3372 3843 20353 20146 3282 190213 3476 186737
cat_boundaries=0 1
cat_threshold=32
is_linear=0
shrinkage=0.03


Tree=72
num_leaves=31
num_cat=0
split_feature=3 27 28 15 19 21 4 20 10 11 22 28 28 28 27 24 28 10 3 2 11 3 30 28 11 11 19 30 8 19
split_gain=1451.91 262.986 241.423 153.148 149.387 554.015 129.857 121.034 115.651 104.396 97.1306 91.3187 127.929 80.3852 109.401 74.6405 69.1771 186.811 150.489 127.031 118.919 110.172 184.137 109.299 108.715 106.957 103.798 103.157 125.604 102.594
threshold=1.0000000180025095e-35 9.5000000000000018 16.500000000000004 1.0000000180025095e-35 0.38333334028720861 2.5000000000000004 9.5000000000000018 2.9723354578018193 87.500000000000014 6.5000000000000009 17.500000000000004 3007.0000000000005 1550.0000000000002 1045.5000000000002 189.50000000000003 -0.74833333492279042 95.500000000000014 1.5000000000000002 55.500000000000007 14.500000000000002 13.500000000000002 3.5000000000000004 326.50000000000006 112.50000000000001 6.5000000000000009 2.5000000000000004 4.0833332538604745 263.50000000000006 4.5000000000000009 1.4499999880790713
decision_type=2 2 2 2 2 2 2 2 2 2 2 2 2 2 2 8 2 2 2 2 2 2 2 2 2 2 2 2 2 2
left_child=1 3 10 4 5 -1 11 -7 15 13 -3 12 16 14 -4 -6 20 18 19 23 21 25 24 -18 26 -2 27 28 -23 -25
right_child=6 2 9 -5 8 7 -8 -9 -10 -11 -12 -13 -14 -15 -16 -17 17 -19 -20 -21 -22 22 -24 29 -26 -27 -28 -29 -30 -31
leaf_value=0.068838641697087768 0.0013757625089112454 0.013826057433113615 -0.007476048929288377 -0.01888449884012201 0.027004219977612459 -0.0081794115482973096 0.022505055107350434 0.02680012074237715 0.057112710136118655 0.025956642848159791 0.060247472791274244 0.017691027824803342 -0.016351790933122726 -0.027802464689056422 0.018263015347864273 -0.016085408268030472 0.016881763928840766 0.019728821458385903 -0.010695199046030363 0.018338631451496615 -0.0082316760682690296 0.004212656031045185 0.022923073318866043 0.0067452300192797484 0.017316412993494186 -0.0086262155562958388 -0.0034417405616206931 -0.0075236591441784125 0.020651369836529331 -0.0054650892992956874
leaf_weight=85.719601178017911 5818.6510477722622 80.04067900928203 628.00651800521882 1808.4051481734496 35.809650868060999 5326.3832067701151 312.39897739142179 89.588632064172998 18.925684110377915 110.60060395556502 82.889817323535681 379.41288018785417 306.51701703667641 117.7697233245708 193.60427852638531 2672.4386829796131 458.29552466166206 786.57197135221213 557.82323886454105 623.48431413993239 905.36577874678187 11560.515610675327 460.87454289756715 1303.7572656746488 508.1129303908674 1151.8503883761587 1841.5658582446631 642.3881010953337 433.11765773035586 1177.8984756143764
leaf_count=1807 33365 1769 17333 105870 1397 239731 1046 1377 523 1742 868 993 702 313 1254 153731 1235 2429 762 1428 3552 34257 1164 3555 1738 6683 3667 1072 1172 2000
internal_value=-0.000227915 -0.00938546 0.00380661 -0.0109798 -0.00924058 -0.00639277 0.00329706 -0.00759595 -0.0149812 -0.00147837 0.0376661 0.00308877 0.00289401 -0.00473267 -0.00139607 -0.0155059 0.00310355 0.00634064 0.00378125 0.00604977 0.00242211 0.00285274 0.00426547 0.00343828 0.00369018 -0.000278029 0.00321078 0.00418051 0.00480797 0.000949831
internal_weight=40478.8 11250.2 1212.91 10037.3 8228.87 5501.69 29228.6 5415.97 2727.17 1049.98 162.93 28916.2 28536.8 939.381 821.611 2708.25 28230.3 4907.83 4121.26 3563.44 23322.4 22417.1 15446.6 2939.95 14985.7 6970.5 14477.6 12636 11993.6 2481.66
internal_count=628535 527715 23279 504436 398566 242915 100820 241108 155651 20642 2637 99774 98781 18900 18587 155128 98079 11409 8980 8218 86670 83118 43070 6790 41906 40048 40168 36501 35429 5555
is_linear=0
shrinkage=0.03


Tree=73
num_leaves=31
num_cat=4
split_feature=32 6 28 22 32 20 19 21 32 28 28 28 10 27 22 28 28 20 27 32 28 10 28 27 22 22 22 22 22 30
split_gain=1981.89 389.57 227.445 178.255 164.801 161.009 148.357 384.528 141.069 130.464 128.883 433.463 137.539 331.977 583.589 216.685 127.134 112.982 169.929 135.829 101.482 150.461 99.7947 215.725 177.518 89.3222 128.591 117.643 111.003 88.1318
threshold=0 71.500000000000014 1.0000000180025095e-35 57.500000000000007 1 3.8727531433105473 0.18333333730697635 3.5000000000000004 2 3007.0000000000005 260.50000000000006 191.50000000000003 1.0000000180025095e-35 1.0000000180025095e-35 1.5000000000000002 4.5000000000000009 716.00000000000011 2.85906994342804 2.5000000000000004 3 18.500000000000004 1.5000000000000002 16.500000000000004 8.5000000000000018 77.500000000000014 63.500000000000007 75.500000000000014 61.500000000000007 83.500000000000014 80.500000000000014
decision_type=9 2 2 2 9 2 2 2 9 2 2 2 2 2 2 2 2 2 2 9 2 2 2 2 2 2 2 2 2 2
left_child=1 9 3 4 -3 -2 7 -4 -9 -1 11 12 15 14 -14 29 17 19 -19 -8 21 -7 23 -17 -24 27 -27 -5 -28 -10
right_child=5 2 6 25 -6 20 16 8 10 -11 -12 -13 13 -15 -16 22 -18 18 -20 -21 -22 -23 24 -25 -26 26 28 -29 -30 -31
leaf_value=0.0032352589315467611 -0.025118240043227481 0.0032587546721311931 0.066633920876382161 0.0012550513590864406 -0.017065705192820697 -0.013869609148703837 0.00052854831851822817 -0.022175980890456377 -0.016925803171292282 0.020956374017616963 -0.019914140719667701 0.080171479674075993 0.12776773432750713 -0.010025145924629388 0.010083797017460309 0.0073313737492857033 0.023024368475739802 0.046806484495177665 -0.0068356862433196029 -0.014272954185394782 -0.022971864203894084 0.059988781509390438 -0.00730465725914097 0.05191334437181732 0.042571028151256664 -0.022251572772724517 0.035701140733103258 0.0660947760221373 -0.0018210177633102881 0.03205874479805354
leaf_weight=27509.649273067829 2890.4426884878194 435.19759737129789 84.392184373806231 56.431959665264003 2102.9888196489774 47.051602994673885 886.54700234776828 190.81720215769019 589.57236965169432 378.08634901978076 195.00207067327574 66.838837790186517 57.424489507917315 150.9429533634102 108.62898329389282 1223.4294190912042 132.6888849780662 84.065480756980833 141.09458971314598 1517.3659940919606 66.726486512285192 50.829073617467657 694.51859228080139 105.223699899856 69.762993878568523 163.54678338207304 103.85150703846011 44.538886495633051 219.23700780828949 34.110664498992264
leaf_count=88843 239693 7149 667 2278 115159 2368 18093 8731 21393 1074 1813 322 1280 1802 3038 19915 886 1529 1360 62297 1125 828 11440 842 858 4816 2354 1151 4802 1001
internal_value=-0.000211728 0.00169143 -0.00356917 -0.0101893 -0.0136353 -0.0233985 -0.000300258 0.00373771 0.00219651 0.00347625 0.00367019 0.0051713 0.00349296 0.0221606 0.0513024 0.00130732 -0.00552038 -0.00696924 0.0133105 -0.00887346 0.00535546 0.0247036 0.0059329 0.0108985 -0.00270237 0.0046938 -0.000654509 0.030224 0.0103128 -0.0141997
internal_weight=40401 37346 9458.22 3125.79 2538.19 3055.05 6332.43 3570.66 3486.27 27887.7 3295.46 3100.45 3033.61 316.996 166.053 2716.62 2761.76 2629.07 225.16 2403.91 164.607 97.8807 2092.93 1328.65 764.282 587.606 486.635 100.971 323.089 623.683
internal_count=628907 384893 294976 137709 122308 244014 157267 73102 72435 89917 63704 61891 61569 6120 4318 55449 84165 83279 2889 80390 4321 3196 33055 20757 12298 15401 11972 3429 7156 22394
cat_boundaries=0 1 2 3 4
cat_threshold=122986 57408 2 24672
is_linear=0
shrinkage=0.03


Tree=74
num_leaves=31
num_cat=0
split_feature=6 27 28 4 20 28 22 28 19 22 22 15 22 28 28 28 22 27 24 28 22 22 10 28 27 28 28 20 14 1
split_gain=1312.62 247.081 191.14 137.882 125.162 189.624 153.218 100.767 119.648 138.724 290.924 121.372 143.641 89.0421 86.4158 114.058 85.7014 240.116 82.7316 80.5134 76.0732 389.868 73.5482 72.8977 160.98 71.1996 70.1916 98.061 59.3134 81.3077
threshold=544.50000000000011 9.5000000000000018 16.500000000000004 9.5000000000000018 1.6984578371047976 115.50000000000001 51.500000000000007 1.0000000180025095e-35 0.11666667088866235 27.500000000000004 26.500000000000004 1.0000000180025095e-35 1.5000000000000002 2622.5000000000005 3007.0000000000005 1550.0000000000002 40.500000000000007 84.500000000000014 -0.67006802558898915 1045.5000000000002 17.500000000000004 16.500000000000004 1.5000000000000002 19.500000000000004 1.0000000180025095e-35 13.500000000000002 7.5000000000000009 2.9034712314605717 36.500000000000007 7.5000000000000009
decision_type=2 2 2 2 2 2 2 2 2 2 2 2 2 2 2 2 2 2 8 2 2 2 2 2 2 2 2 2 2 2
left_child=3 4 25 14 6 22 7 -2 9 10 11 12 -9 16 15 28 -4 -18 -10 -20 21 23 -6 -14 -25 -3 27 -24 29 -1
right_child=1 2 13 -5 5 -7 -8 8 18 -11 -12 -13 20 -15 -16 -17 17 -19 19 -21 -22 -23 26 24 -26 -27 -28 -29 -30 -31
leaf_value=0.0024824271857131139 -0.01796203150941722 0.0082744491507667581 -0.0078818201547972769 0.023034091694430055 -0.011826735490578553 0.05977765702472343 -0.0033646890957962617 0.04857319589635669 0.039724435343751252 -0.014620021198176006 0.077100324116214494 -0.020351442769987328 -0.0064017358292566074 0.032991167705466812 0.016422662482900426 -0.016037350707433635 -0.0075308813786893018 0.067159525711959669 -0.01514426847144291 0.046734275338181086 -0.012575481250440567 0.11170572761389862 -0.010189582920643437 0.073157408752417052 -0.010858684829242711 0.046863766078889112 -0.013984093553007346 0.036232486626508159 -0.010614724090738877 0.0094570613977963489
leaf_weight=26640.430434859707 2833.2886036083219 71.088450609357096 803.79533335193992 303.44654162973166 333.91872622276423 46.437432055303361 1636.9072697237716 62.308979028137401 24.366481033270247 675.77660492429277 44.572579950327054 212.77951357857091 294.11828204599442 62.498580425977707 408.59781245701015 293.27568945288658 129.20216707792133 54.223231949959882 2990.6569586541154 18.102817640756257 229.77978665509727 29.742873945913743 62.696197671117261 35.032527098490391 47.182417401578277 110.02646137715783 78.627115525770932 115.14398800162598 295.41229070397094 1593.5024316443596
leaf_count=94950 183463 1191 16839 1042 15234 564 60882 1913 819 31021 1313 11571 11448 295 1051 690 3032 473 168370 614 7149 928 1718 1722 1622 1459 1617 1782 429 3252
internal_value=-0.000346327 -0.00919069 0.00347407 0.00294858 -0.0107862 0.00207007 -0.0116826 -0.0134979 -0.0107829 -0.00422771 0.00312972 -0.000570248 0.00547895 -0.00144675 0.00273929 0.00254475 -0.00365811 0.0147931 -0.0143059 -0.0147566 0.0011864 0.00898538 -0.00256239 0.000592525 0.0253903 0.0318459 0.00949882 0.0199013 0.00273633 0.00287639
internal_weight=40536.9 11002.3 1230.83 29534.7 9771.44 636.823 9134.62 7497.71 4664.42 1631.29 955.517 910.944 698.165 1049.72 29231.2 28822.6 987.221 183.425 3033.13 3008.76 635.856 406.076 590.386 376.333 82.2149 181.115 256.467 177.84 28529.3 28233.9
internal_count=628453 527039 23289 101414 503750 20915 482835 421953 238490 68687 37666 36353 24782 20639 100372 99321 20344 3505 169803 168984 22869 15720 20351 14792 3344 2650 5117 3500 98631 98202
is_linear=0
shrinkage=0.03


Tree=75
num_leaves=31
num_cat=3
split_feature=32 32 28 28 28 22 28 3 28 10 27 21 22 20 3 30 20 19 10 22 28 28 27 19 32 30 6 19 11 2
split_gain=1881.85 330.997 443.546 221.869 733.633 160.005 149.635 149.417 143.596 291.868 338.875 301.672 143.581 133.819 120.497 183.6 133.407 146.375 265.476 455.822 236.091 121.286 139.709 106.088 91.76 91.745 91.3394 88.146 111.586 118.443
threshold=0 1 1.0000000180025095e-35 15584.500000000002 3007.0000000000005 75.500000000000014 1550.0000000000002 2.5000000000000004 97.500000000000014 1.5000000000000002 37.500000000000007 4.5000000000000009 83.500000000000014 4.0063054561614999 3.5000000000000004 153.50000000000003 2.85906994342804 0.11666667088866235 1.0000000180025095e-35 1.5000000000000002 4.5000000000000009 17.500000000000004 8.5000000000000018 17.016666412353519 2 579.50000000000011 52.500000000000007 1.5166666507720949 4.5000000000000009 6.5000000000000009
decision_type=9 9 2 2 2 2 2 2 2 2 2 2 2 2 2 2 2 2 2 2 2 2 2 2 9 2 2 2 2 2
left_child=1 23 5 4 6 26 8 13 14 25 11 -11 -7 -2 15 16 17 18 20 -20 -4 22 -22 27 -19 -10 -3 -1 -29 -30
right_child=7 2 3 -5 -6 12 -8 -9 9 10 -12 -13 -14 -15 -16 -17 -18 24 19 -21 21 -23 -24 -25 -26 -27 -28 28 29 -31
leaf_value=0.0058174566427990791 -0.025637460155473094 -0.0039066777179044892 -0.015474756733719248 -0.034346098331248839 0.051482448390767939 0.040357673274336252 -0.019302080445103044 0.030401844179685618 0.0040759022556069099 0.072715078064581828 0.0049389693864144366 0.014364351832134805 -0.0058822889401709388 0.0027464750856494758 0.0050364700220170439 -0.014240004437504401 0.021858340988552237 -0.011854982891798239 0.086870781220947213 -0.011537245100191966 0.0074341413165584184 -0.0047728907065604552 0.040021787633041456 0.020774144966074864 -0.0014731998148850326 -0.013786318739856371 -0.015364929638083863 0.00049264503647790381 0.0015737702639079484 0.018739703742228112
leaf_weight=10503.756199538126 2755.194721926935 833.35202449676581 613.10699202475371 156.39539105445147 257.92311115795746 98.232907111058012 334.22960033174604 45.175234836293384 1466.122773701034 176.01882806321373 395.36955740349367 146.20619903510669 154.04474116279744 157.87024385313271 2547.2426454694942 1034.8776286775828 227.94681177084567 1359.5402931998833 87.266096551669762 81.055297215818428 1457.5282265361748 717.21658678719541 127.97724117175676 340.65343154966831 1763.4184379699291 313.22516934701707 2527.1967481429456 8220.7687596982578 783.40353343391325 671.45388424769044
leaf_count=34948 239896 9079 19489 122 1269 2289 957 493 9087 1525 1002 1004 4066 4096 9282 21953 2308 38952 1168 1823 19142 9661 865 1011 40046 1990 126653 19916 3023 1817
internal_value=-0.000190139 0.00163471 -0.0014773 0.00106049 0.00148558 -0.0107953 0.000477993 -0.0231782 0.00100778 0.00744291 0.0235795 0.0463654 0.0122111 -0.0240988 -0.000596858 -0.00251824 -0.000631237 -0.00146052 0.0031748 0.0396941 0.00105377 0.00545935 0.0100881 0.00419341 -0.00603779 0.000925572 -0.0125255 0.00391457 0.00184842 0.00950372
internal_weight=40353.8 37395.5 16875.5 13262.7 13106.3 3612.83 12848.3 2958.24 12514.1 2496.94 717.595 322.225 252.278 2913.06 10017.2 7469.93 6435.06 6207.11 3084.15 168.321 2915.83 2302.72 1585.51 20520 3122.96 1779.35 3360.55 20179.4 9675.63 1454.86
internal_count=628932 384447 323732 181645 181523 142087 180254 244485 179297 14608 3531 2529 6355 243992 164689 155407 133454 131146 52148 2991 49157 29668 20007 60715 78998 11077 135732 59704 24756 4840
cat_boundaries=0 1 2 3
cat_threshold=122986 57408 8
is_linear=0
shrinkage=0.03


Tree=76
num_leaves=31
num_cat=5
split_feature=32 32 27 15 27 11 22 27 20 5 32 32 19 11 6 6 32 5 19 22 19 20 20 4 11 19 15 14 21 11
split_gain=1833.38 324.841 245.35 245.441 207.343 170.839 204.574 171.833 154.284 135.57 256.719 134.111 141.215 128.755 560.136 124.229 124.082 96.8131 98.0016 159.321 211.144 356.094 107.409 96.3648 212.426 192.594 125.909 120.612 168 273.13
threshold=0 1 2.5000000000000004 1.0000000180025095e-35 2113.5000000000005 6.5000000000000009 40.500000000000007 182.50000000000003 3.531929731369019 2.5000000000000004 2 3 5.0833332538604745 1.5000000000000002 41.500000000000007 3.5000000000000004 4 1.5000000000000002 0.38333334028720861 1.5000000000000002 0.083333335816860213 0.93730732798576366 2.9723354578018193 3.5000000000000004 5.5000000000000009 1.416666626930237 1.0000000180025095e-35 1.0000000180025095e-35 3.5000000000000004 1.0000000180025095e-35
decision_type=9 9 2 2 2 2 2 2 2 2 9 9 2 2 2 2 9 2 2 2 2 2 2 2 2 2 2 2 2 2
left_child=1 9 3 11 5 6 -4 -7 -2 10 13 -3 17 14 -1 -5 -8 18 19 20 21 -13 -22 25 27 -11 -27 28 29 -25
right_child=8 2 4 15 -6 7 16 -9 -10 23 -12 12 -14 -15 -16 -17 -18 -19 -20 -21 22 -23 -24 24 -26 26 -28 -29 -30 -31
leaf_value=0.056799208857778782 -0.025102904463876249 -0.017420672928479142 0.00015185464225442704 0.013034497459328937 -0.027986112172017432 0.0078708681887276581 0.028838765032550659 0.038782425432924782 0.003851269028634292 0.0049160601264766702 0.0036509048829440355 0.097071031457036411 0.041818518719693748 0.0080622698043987251 0.0067721762543169663 -0.015915399910883931 -0.0022691138149848527 0.0026939421307387765 -0.010537726136064568 -0.0034498327265053727 -0.0063351496903409936 -0.0044061640814416275 0.034738443986443795 0.027303990965645498 0.023621747750891302 -4.1172264883581437e-05 -0.01031767994398175 0.016906769229620883 -0.002614658939912984 -0.002767236083338542
leaf_weight=335.78588789328933 2716.6800085462746 475.36701057507889 3573.9151011089562 143.44841068168171 175.46556057035923 463.97594938101247 381.70650805672631 248.12146496772766 176.1166600199067 6291.1265262831002 2914.0649514923571 63.976181795529556 66.985833838232793 539.69063192792237 501.98328022286296 1783.3711069241399 169.31863653892651 3166.5862120275851 1462.690578470414 4295.6021164385602 259.98102612956427 59.573362719966099 72.427867172518745 521.01745777949691 567.64021093957126 4045.078673183918 1459.4238709621131 560.77774424478412 2342.4170158989727 566.85918993130326
leaf_count=1360 239673 23608 27447 1056 189 3010 1874 903 4786 14602 21205 1239 1350 1617 1581 74085 2977 12075 46992 119075 6305 1006 605 1365 1607 8795 2380 1270 3888 953
internal_value=-0.000293627 0.00148394 -0.00160487 -0.00395927 0.00395763 0.00512195 0.00277728 0.0186809 -0.023259 0.00400623 0.00875331 -0.00205611 -0.0012615 0.0193701 0.0268673 -0.0137545 0.0197745 -0.0015749 -0.00375024 -0.00165905 0.0151826 0.048498 0.00269164 0.00276254 0.00646634 0.00133069 -0.00276719 0.00402106 0.00191022 0.0116466
internal_weight=40401.2 37508.4 16862.5 11850 5012.5 4837.04 4124.94 712.097 2892.8 20645.9 4291.52 9923.19 9447.82 1377.46 837.769 1926.82 551.025 9380.84 6214.25 4751.56 455.958 123.55 332.409 16354.3 4558.71 11795.6 5504.5 3991.07 3430.29 1087.88
internal_count=628878 384419 323796 287396 36400 36211 32298 3913 244459 60623 25763 212255 188647 4558 2941 75141 4851 187297 175222 128230 9155 2245 6910 34860 9083 25777 11175 7476 6206 2318
cat_boundaries=0 1 2 3 4 5
cat_threshold=122986 57408 16384 2 8
is_linear=0
shrinkage=0.03


end of trees

feature_importances:
sensor_type=318
node_faults_7=311
days_since_msg=236
node_faults_1=194
days_since_fault=156
readings_mean_30=147
unknown_30=124
faults_90=121
alarms_30=102
readings_ratio=96
unknown_7=80
node_power_7=75
fault_days_90=63
faults_30=53
silent_days_7=50
fault_days_30=45
power_30=30
faults_7=29
alarms_7=22
node_power_1=19
readings_mean_7=16
readings_1=8
last_state=6
faults_1=3
power_7=3
num_delta_7=2
num_range_1=1

parameters:
[boosting: gbdt]
[objective: binary]
[metric: average_precision]
[tree_learner: serial]
[device_type: cpu]
[data_sample_strategy: bagging]
[data: ]
[valid: ]
[num_iterations: 2000]
[learning_rate: 0.03]
[num_leaves: 31]
[num_threads: 4]
[seed: 42]
[deterministic: 0]
[force_col_wise: 0]
[force_row_wise: 0]
[histogram_pool_size: -1]
[max_depth: -1]
[min_data_in_leaf: 1000]
[min_sum_hessian_in_leaf: 0.001]
[bagging_fraction: 0.8]
[pos_bagging_fraction: 1]
[neg_bagging_fraction: 1]
[bagging_freq: 1]
[bagging_seed: 400]
[bagging_by_query: 0]
[feature_fraction: 0.8]
[feature_fraction_bynode: 1]
[feature_fraction_seed: 30056]
[extra_trees: 0]
[extra_seed: 12879]
[early_stopping_round: 0]
[early_stopping_min_delta: 0]
[first_metric_only: 0]
[max_delta_step: 0]
[lambda_l1: 0]
[lambda_l2: 1]
[linear_lambda: 0]
[min_gain_to_split: 0]
[drop_rate: 0.1]
[max_drop: 50]
[skip_drop: 0.5]
[xgboost_dart_mode: 0]
[uniform_drop: 0]
[drop_seed: 17869]
[top_rate: 0.2]
[other_rate: 0.1]
[min_data_per_group: 100]
[max_cat_threshold: 32]
[cat_l2: 10]
[cat_smooth: 10]
[max_cat_to_onehot: 4]
[top_k: 20]
[monotone_constraints: ]
[monotone_constraints_method: basic]
[monotone_penalty: 0]
[feature_contri: ]
[forcedsplits_filename: ]
[refit_decay_rate: 0.9]
[cegb_tradeoff: 1]
[cegb_penalty_split: 0]
[cegb_penalty_feature_lazy: ]
[cegb_penalty_feature_coupled: ]
[path_smooth: 0]
[interaction_constraints: ]
[verbosity: -1]
[saved_feature_importance_type: 0]
[use_quantized_grad: 0]
[num_grad_quant_bins: 4]
[quant_train_renew_leaf: 0]
[stochastic_rounding: 1]
[linear_tree: 0]
[max_bin: 255]
[max_bin_by_feature: ]
[min_data_in_bin: 3]
[bin_construct_sample_cnt: 200000]
[data_random_seed: 175]
[is_enable_sparse: 1]
[enable_bundle: 1]
[use_missing: 1]
[zero_as_missing: 0]
[feature_pre_filter: 1]
[pre_partition: 0]
[two_round: 0]
[header: 0]
[label_column: ]
[weight_column: ]
[group_column: ]
[ignore_column: ]
[categorical_feature: 31,32]
[forcedbins_filename: ]
[precise_float_parser: 0]
[parser_config_file: ]
[objective_seed: 16083]
[num_class: 1]
[is_unbalance: 0]
[scale_pos_weight: 1]
[sigmoid: 1]
[boost_from_average: 1]
[reg_sqrt: 0]
[alpha: 0.9]
[fair_c: 1]
[poisson_max_delta_step: 0.7]
[tweedie_variance_power: 1.5]
[lambdarank_truncation_level: 30]
[lambdarank_norm: 1]
[label_gain: ]
[lambdarank_position_bias_regularization: 0]
[eval_at: ]
[multi_error_top_k: 1]
[auc_mu_weights: ]
[num_machines: 1]
[local_listen_port: 12400]
[time_out: 120]
[machine_list_filename: ]
[machines: ]
[gpu_platform_id: -1]
[gpu_device_id: -1]
[gpu_device_id_list: ]
[gpu_use_dp: 0]
[num_gpu: 1]

end of parameters

pandas_categorical:null
